{
"type": "FeatureCollection",
"name": "soria_torralba_rail_footprint_wgs84",
"crs": { "type": "name", "properties": { "name": "urn:ogc:def:crs:OGC:1.3:CRS84" } },
"features": [
{ "type": "Feature", "properties": { "corridor_id": "soria_torralba", "segment_index": 1, "segment_id": "soria_torralba_km0_1", "start_m": 0.0, "end_m": 1000.0, "start_km": 0.0, "end_km": 1.0, "length_m": 1000.0 }, "geometry": { "type": "Polygon", "coordinates": [ [ [ -2.495329720776785, 41.135374686701553 ], [ -2.495099315913782, 41.135490941450463 ], [ -2.494573952476567, 41.135749583476503 ], [ -2.494175777230153, 41.136014734745977 ], [ -2.493905244997403, 41.136200103145555 ], [ -2.493577384210361, 41.13647828208277 ], [ -2.493299426210979, 41.136752952483448 ], [ -2.493062376930811, 41.137024121834237 ], [ -2.492779057874538, 41.137453332984876 ], [ -2.492648024273462, 41.137714704432298 ], [ -2.492525464213888, 41.138035070558168 ], [ -2.49245942085313, 41.138391745177472 ], [ -2.492428267893221, 41.138748164381326 ], [ -2.492459619822302, 41.139244019676177 ], [ -2.492541503024585, 41.139558717380886 ], [ -2.492641455307738, 41.139883212795539 ], [ -2.492890545569892, 41.14052377285617 ], [ -2.493039227252662, 41.140898726334122 ], [ -2.493114627072932, 41.141088825714554 ], [ -2.493372937184227, 41.141740098511619 ], [ -2.493595637703276, 41.14225213945214 ], [ -2.493865855601495, 41.142820645536403 ], [ -2.493983318579902, 41.143038083246111 ], [ -2.493939192524315, 41.143051705403586 ], [ -2.493821344394177, 41.142833554459266 ], [ -2.49355056229275, 41.14226386054343 ], [ -2.493327462812084, 41.141750901483853 ], [ -2.493068972850268, 41.141099174096205 ], [ -2.492993572983814, 41.140909074266474 ], [ -2.492844854426592, 41.140534027139253 ], [ -2.492595344689094, 41.139892387199822 ], [ -2.492494896972783, 41.139566282614375 ], [ -2.492412180176176, 41.139248380318932 ], [ -2.492380532106949, 41.138747835613735 ], [ -2.492411979148248, 41.138388054817653 ], [ -2.492478735788832, 41.138027529437117 ], [ -2.4926027757305, 41.137703295563291 ], [ -2.492735342130298, 41.137438867010992 ], [ -2.493021023074881, 41.137006078162059 ], [ -2.493260573795205, 41.136732047513284 ], [ -2.493540615796061, 41.136455317914283 ], [ -2.493871355009134, 41.136174696851967 ], [ -2.494144022776322, 41.135987865251813 ], [ -2.494545047529733, 41.135720816521669 ], [ -2.495073084092191, 41.135460858548058 ], [ -2.495302479229315, 41.135345113296829 ], [ -2.495626996993672, 41.135166923197986 ], [ -2.495655003012513, 41.135196076800305 ], [ -2.495329720776785, 41.135374686701553 ] ] ] } },
{ "type": "Feature", "properties": { "corridor_id": "soria_torralba", "segment_index": 2, "segment_id": "soria_torralba_km1_2", "start_m": 1000.0, "end_m": 2000.0, "start_km": 1.0, "end_km": 2.0, "length_m": 1000.0 }, "geometry": { "type": "Polygon", "coordinates": [ [ [ -2.494149806940604, 41.143346270018483 ], [ -2.494384236320133, 41.14379257377778 ], [ -2.494853222153639, 41.144449892204406 ], [ -2.495243310477296, 41.144942398500845 ], [ -2.49996026201993, 41.150815890564495 ], [ -2.499919513823494, 41.150834588711149 ], [ -2.495202489516959, 41.144961001495496 ], [ -2.494811777840777, 41.144467707791833 ], [ -2.494340963674887, 41.143807826218101 ], [ -2.494105593054912, 41.143359729977249 ], [ -2.493939192524315, 41.143051705403586 ], [ -2.493983318579902, 41.143038083246111 ], [ -2.494149806940604, 41.143346270018483 ] ] ] } },
{ "type": "Feature", "properties": { "corridor_id": "soria_torralba", "segment_index": 3, "segment_id": "soria_torralba_km2_3", "start_m": 2000.0, "end_m": 3000.0, "start_km": 2.0, "end_km": 3.0, "length_m": 1000.0 }, "geometry": { "type": "Polygon", "coordinates": [ [ [ -2.500001674105561, 41.150867450917659 ], [ -2.50100364988182, 41.152115018307249 ], [ -2.501543172641591, 41.152888928468563 ], [ -2.503448279294319, 41.156910706492113 ], [ -2.503872653675351, 41.157424915378357 ], [ -2.504612414660774, 41.1582137469873 ], [ -2.505075581277051, 41.158702611598663 ], [ -2.505203409024625, 41.158837531956628 ], [ -2.505164646238369, 41.158858508601561 ], [ -2.505036818623583, 41.158723588299644 ], [ -2.504573585333073, 41.158234653009359 ], [ -2.503832946318644, 41.157444884618158 ], [ -2.503405120700534, 41.156926493503775 ], [ -2.501499427353608, 41.152903471527239 ], [ -2.500962150112604, 41.152132781688984 ], [ -2.499960925759349, 41.150886148917678 ], [ -2.499919513823494, 41.150834588711149 ], [ -2.49996026201993, 41.150815890564495 ], [ -2.500001674105561, 41.150867450917659 ] ] ] } },
{ "type": "Feature", "properties": { "corridor_id": "soria_torralba", "segment_index": 4, "segment_id": "soria_torralba_km3_4", "start_m": 3000.0, "end_m": 4000.0, "start_km": 3.0, "end_km": 4.0, "length_m": 1000.0 }, "geometry": { "type": "Polygon", "coordinates": [ [ [ -2.506182581541655, 41.159871011513822 ], [ -2.508898667517427, 41.162737762570671 ], [ -2.509643557968315, 41.163392710983722 ], [ -2.509933340567237, 41.163609748939635 ], [ -2.510243381284201, 41.163823978774261 ], [ -2.510815718659892, 41.164144567365454 ], [ -2.511469943489081, 41.164424421864247 ], [ -2.511619090866175, 41.164488228755665 ], [ -2.512122042519988, 41.164650728486649 ], [ -2.512432985879911, 41.16474294477311 ], [ -2.512878614026703, 41.164853729143275 ], [ -2.513358023948419, 41.164937182717189 ], [ -2.513461279194865, 41.164948704624415 ], [ -2.513454314300779, 41.164984349309329 ], [ -2.513349176049155, 41.164972617282558 ], [ -2.512865785969869, 41.164888470856283 ], [ -2.512416814115885, 41.164776855226243 ], [ -2.512103957475395, 41.164684071512575 ], [ -2.511597909128587, 41.16452057124328 ], [ -2.511446455913277, 41.16445577788123 ], [ -2.510789681334099, 41.164174832632987 ], [ -2.510213018709364, 41.163851821223659 ], [ -2.509900459426237, 41.163635851057947 ], [ -2.509608642025165, 41.163417289013559 ], [ -2.50886113247623, 41.162760037426196 ], [ -2.506143818184129, 41.159891988199938 ], [ -2.505164646238369, 41.158858508601561 ], [ -2.505203409024625, 41.158837531956628 ], [ -2.506182581541655, 41.159871011513822 ] ] ] } },
{ "type": "Feature", "properties": { "corridor_id": "soria_torralba", "segment_index": 5, "segment_id": "soria_torralba_km4_5", "start_m": 4000.0, "end_m": 5000.0, "start_km": 4.0, "end_km": 5.0, "length_m": 1000.0 }, "geometry": { "type": "Polygon", "coordinates": [ [ [ -2.51370794484166, 41.164976228827378 ], [ -2.514356057609206, 41.165030071732986 ], [ -2.515184988621055, 41.165085720802715 ], [ -2.515687715852081, 41.165151333176929 ], [ -2.516132501490331, 41.165228997347711 ], [ -2.516763716819993, 41.165403347351308 ], [ -2.517138614417482, 41.165547012847995 ], [ -2.517508475437085, 41.165713852314241 ], [ -2.517980509786407, 41.165985580927263 ], [ -2.518239037273378, 41.166172384607989 ], [ -2.518491907986159, 41.166380548295031 ], [ -2.518837556711076, 41.16671527326762 ], [ -2.522319714109539, 41.170244731773302 ], [ -2.522321400779082, 41.170246441381934 ], [ -2.522283171396664, 41.170267976660341 ], [ -2.522281485568592, 41.170266267903585 ], [ -2.518799643282637, 41.166737126729203 ], [ -2.518455492007397, 41.166403851702043 ], [ -2.518204962720089, 41.166197615389436 ], [ -2.517949490207115, 41.166013019070562 ], [ -2.517481724556819, 41.165743747684118 ], [ -2.517115585576966, 41.165578587150769 ], [ -2.516744683175184, 41.165436452647839 ], [ -2.51611889850605, 41.165263602651812 ], [ -2.515678284145343, 41.165186666822812 ], [ -2.515178811377221, 41.165121479197147 ], [ -2.514351342389463, 41.165065928266898 ], [ -2.513701855156639, 41.165011971172483 ], [ -2.513454314300778, 41.164984349309329 ], [ -2.513461279194867, 41.164948704624415 ], [ -2.51370794484166, 41.164976228827378 ] ] ] } },
{ "type": "Feature", "properties": { "corridor_id": "soria_torralba", "segment_index": 6, "segment_id": "soria_torralba_km5_6", "start_m": 5000.0, "end_m": 6000.0, "start_km": 5.0, "end_km": 6.0, "length_m": 1000.0 }, "geometry": { "type": "Polygon", "coordinates": [ [ [ -2.524658515001328, 41.172615231977424 ], [ -2.528186211043297, 41.176196426891721 ], [ -2.52944564772603, 41.177468838134978 ], [ -2.529407457523302, 41.177490417315909 ], [ -2.528147988950454, 41.176217973105047 ], [ -2.524620279176096, 41.172636762124469 ], [ -2.522283171396651, 41.17026797666032 ], [ -2.522321400779095, 41.170246441381941 ], [ -2.524658515001328, 41.172615231977424 ] ] ] } },
{ "type": "Feature", "properties": { "corridor_id": "soria_torralba", "segment_index": 7, "segment_id": "soria_torralba_km6_7", "start_m": 6000.0, "end_m": 7000.0, "start_km": 6.0, "end_km": 7.0, "length_m": 1000.0 }, "geometry": { "type": "Polygon", "coordinates": [ [ [ -2.529487144644855, 41.177510761478906 ], [ -2.529694495897427, 41.177729654478227 ], [ -2.529837427502515, 41.177912317175242 ], [ -2.530015171133586, 41.178167641617698 ], [ -2.530149974115898, 41.178396937239249 ], [ -2.530255082101836, 41.178622125408076 ], [ -2.53034406839597, 41.178847456603798 ], [ -2.530406139027282, 41.179083063123421 ], [ -2.530449196941166, 41.179330269238122 ], [ -2.530470708587877, 41.179500753575688 ], [ -2.530478843495148, 41.179691269478312 ], [ -2.530480151145206, 41.179913656856989 ], [ -2.530450477903143, 41.180115636575522 ], [ -2.530416840033653, 41.180314351454626 ], [ -2.530373632354995, 41.180473988425717 ], [ -2.530275379373163, 41.180757607635954 ], [ -2.530150101018538, 41.181044532463979 ], [ -2.530017812611421, 41.181274000167761 ], [ -2.529842614277477, 41.181525690832132 ], [ -2.5297023449721, 41.181690092550554 ], [ -2.52944938661697, 41.18196753407048 ], [ -2.529225370224043, 41.182168706073874 ], [ -2.528971999448694, 41.182359286745417 ], [ -2.528721467560188, 41.182529656492441 ], [ -2.528508495228636, 41.182653379462721 ], [ -2.52823352998531, 41.182801514991915 ], [ -2.527996103545294, 41.182903024863791 ], [ -2.527729182699827, 41.183008547040544 ], [ -2.527343849038396, 41.183128216508202 ], [ -2.527015284295048, 41.1832093535251 ], [ -2.525774253427016, 41.183468464369192 ], [ -2.525675062430756, 41.183489183376651 ], [ -2.524540570386706, 41.183718747300333 ], [ -2.524528231295511, 41.18368394295188 ], [ -2.525662537572516, 41.183454416622972 ], [ -2.525761545148216, 41.183433735928702 ], [ -2.527001515708527, 41.183174846474444 ], [ -2.527327350965813, 41.183094383491195 ], [ -2.52770901730516, 41.182975852958549 ], [ -2.527973296460172, 41.182871375135051 ], [ -2.528207870020609, 41.182771085006664 ], [ -2.528480104777604, 41.182624420535511 ], [ -2.52869093244624, 41.182501943505507 ], [ -2.528939200557833, 41.182333113252255 ], [ -2.529190229782487, 41.182144293923464 ], [ -2.529411413389358, 41.181945665926399 ], [ -2.529662655033951, 41.181670107446045 ], [ -2.529801385728247, 41.181507509164199 ], [ -2.529974787393712, 41.181258399828259 ], [ -2.530105498985862, 41.18103166753172 ], [ -2.530229620630432, 41.180747392359486 ], [ -2.530327167647936, 41.180465811569569 ], [ -2.530369759968506, 41.180308448540558 ], [ -2.530403122098443, 41.180111363419627 ], [ -2.530432448855536, 41.179911743138085 ], [ -2.530431156504659, 41.179691930516739 ], [ -2.530423091411337, 41.179503046419399 ], [ -2.530401803057417, 41.17933433075698 ], [ -2.530359060970657, 41.179088936871736 ], [ -2.53029773160101, 41.178856143391499 ], [ -2.530209717894355, 41.178633274587426 ], [ -2.530105625879643, 41.178410262756465 ], [ -2.529972228861311, 41.178183358378263 ], [ -2.529795772491944, 41.177929882820948 ], [ -2.529654504096602, 41.177749345518251 ], [ -2.529448655348931, 41.177532038517846 ], [ -2.529407457523302, 41.177490417315909 ], [ -2.52944564772603, 41.177468838134978 ], [ -2.529487144644855, 41.177510761478906 ] ] ] } },
{ "type": "Feature", "properties": { "corridor_id": "soria_torralba", "segment_index": 8, "segment_id": "soria_torralba_km7_8", "start_m": 7000.0, "end_m": 8000.0, "start_km": 7.0, "end_km": 8.0, "length_m": 1000.0 }, "geometry": { "type": "Polygon", "coordinates": [ [ [ -2.524201269463484, 41.183787402191555 ], [ -2.520326397648269, 41.184571356036798 ], [ -2.519413836393028, 41.184770747571619 ], [ -2.516858520211104, 41.185294671400733 ], [ -2.515250910863518, 41.185632689267045 ], [ -2.514774706580808, 41.185743587524257 ], [ -2.514348316780567, 41.185874155699068 ], [ -2.513922996654175, 41.186020184942585 ], [ -2.513630164303872, 41.186136639897846 ], [ -2.513311897726024, 41.186270746595618 ], [ -2.513172494896224, 41.186338869312152 ], [ -2.513146589789999, 41.186308616107134 ], [ -2.513287302279732, 41.186239853403073 ], [ -2.513607435701579, 41.186104960100991 ], [ -2.513902003350966, 41.185987815056428 ], [ -2.514329483224144, 41.185841044300147 ], [ -2.514758693423294, 41.185709612475144 ], [ -2.515237489139972, 41.185598110732528 ], [ -2.516845879792197, 41.185259928598867 ], [ -2.519400963610331, 41.184736052427994 ], [ -2.52031360235507, 41.184536643962822 ], [ -2.524188930649372, 41.183752597785883 ], [ -2.524528231295511, 41.18368394295188 ], [ -2.524540570386706, 41.183718747300333 ], [ -2.524201269463484, 41.183787402191555 ] ] ] } },
{ "type": "Feature", "properties": { "corridor_id": "soria_torralba", "segment_index": 9, "segment_id": "soria_torralba_km8_9", "start_m": 8000.0, "end_m": 9000.0, "start_km": 8.0, "end_km": 9.0, "length_m": 1000.0 }, "geometry": { "type": "Polygon", "coordinates": [ [ [ -2.512911296660761, 41.18646650959267 ], [ -2.512532355114821, 41.186670240556808 ], [ -2.512112420745893, 41.186928401051865 ], [ -2.511925334508954, 41.187064382284909 ], [ -2.511712775318197, 41.187218861950775 ], [ -2.511394951718116, 41.187474856099477 ], [ -2.511097641851581, 41.187742953493306 ], [ -2.510779112726633, 41.188068064718173 ], [ -2.510630795126566, 41.188241101977795 ], [ -2.510482329156595, 41.188418902015243 ], [ -2.510217194278014, 41.188766991510498 ], [ -2.51008596945109, 41.188955296727741 ], [ -2.509963597331287, 41.189136112342602 ], [ -2.50980513544438, 41.189401179634302 ], [ -2.509670967482749, 41.189652470603122 ], [ -2.509282454798929, 41.190516732111078 ], [ -2.508239723961026, 41.192988170197474 ], [ -2.508088798057935, 41.193345931891102 ], [ -2.507760685142284, 41.194104680549849 ], [ -2.507715342117622, 41.19409349279335 ], [ -2.508043401945927, 41.193334868104422 ], [ -2.508194275873605, 41.192977230199112 ], [ -2.509237145204994, 41.190505467884471 ], [ -2.509626232521557, 41.189639929392527 ], [ -2.50976126456038, 41.189387020361551 ], [ -2.509920602673854, 41.189120487653405 ], [ -2.510043630554284, 41.188938703268377 ], [ -2.510175405727538, 41.188749608485729 ], [ -2.510441470849211, 41.188400297981161 ], [ -2.510590604879387, 41.188221698018694 ], [ -2.51073988727951, 41.1880475352785 ], [ -2.51106015815479, 41.187720646503664 ], [ -2.511359248288384, 41.187450943897773 ], [ -2.511678824688345, 41.187193538046721 ], [ -2.511892265993963, 41.18703841735195 ], [ -2.512080779260602, 41.186901398945977 ], [ -2.512503444891474, 41.18664155944137 ], [ -2.512884503345298, 41.186436690405777 ], [ -2.513146589789999, 41.186308616107134 ], [ -2.513172494896224, 41.186338869312152 ], [ -2.512911296660761, 41.18646650959267 ] ] ] } },
{ "type": "Feature", "properties": { "corridor_id": "soria_torralba", "segment_index": 10, "segment_id": "soria_torralba_km9_10", "start_m": 9000.0, "end_m": 10000.0, "start_km": 9.0, "end_km": 10.0, "length_m": 1000.0 }, "geometry": { "type": "Polygon", "coordinates": [ [ [ -2.507684871568022, 41.19427999389108 ], [ -2.507466703315892, 41.19478442088834 ], [ -2.506652810099743, 41.196722506320995 ], [ -2.506253317946099, 41.197651488820057 ], [ -2.506058938816812, 41.198117639153878 ], [ -2.505867217252219, 41.198572390675452 ], [ -2.504462018513433, 41.201872790384996 ], [ -2.50412071566434, 41.20268242157632 ], [ -2.504075257113188, 41.202671490546933 ], [ -2.504416581490404, 41.201861809610541 ], [ -2.50582178275162, 41.198561409320078 ], [ -2.506013461186994, 41.198106760841661 ], [ -2.506207882057736, 41.197640511175457 ], [ -2.506607389904104, 41.196711493674542 ], [ -2.507421296687962, 41.194773379107176 ], [ -2.507639528568447, 41.194268805797897 ], [ -2.507715342117622, 41.19409349279335 ], [ -2.507760685142284, 41.194104680549849 ], [ -2.507684871568022, 41.19427999389108 ] ] ] } },
{ "type": "Feature", "properties": { "corridor_id": "soria_torralba", "segment_index": 11, "segment_id": "soria_torralba_km10_11", "start_m": 10000.0, "end_m": 11000.0, "start_km": 10.0, "end_km": 11.0, "length_m": 1000.0 }, "geometry": { "type": "Polygon", "coordinates": [ [ [ -2.504025129474687, 41.202909165230075 ], [ -2.502830997193738, 41.205742044124328 ], [ -2.502433687321036, 41.206655367542922 ], [ -2.501210615218251, 41.209529404312931 ], [ -2.500476656626759, 41.211259453857089 ], [ -2.500431218400291, 41.211248460787601 ], [ -2.501165181422889, 41.209518403609216 ], [ -2.502388312682851, 41.206644232452604 ], [ -2.502785602810133, 41.205730955871196 ], [ -2.503979670380654, 41.202898235117701 ], [ -2.504075257113188, 41.202671490546933 ], [ -2.50412071566434, 41.20268242157632 ], [ -2.504025129474687, 41.202909165230075 ] ] ] } },
{ "type": "Feature", "properties": { "corridor_id": "soria_torralba", "segment_index": 12, "segment_id": "soria_torralba_km11_12", "start_m": 11000.0, "end_m": 12000.0, "start_km": 11.0, "end_km": 12.0, "length_m": 1000.0 }, "geometry": { "type": "Polygon", "coordinates": [ [ [ -2.500342319397665, 41.211576096123828 ], [ -2.499996819356808, 41.212390589661695 ], [ -2.499817297183789, 41.212975533416056 ], [ -2.499735452371998, 41.213438291500658 ], [ -2.499707780268183, 41.213752839013452 ], [ -2.499728619805549, 41.214300245560167 ], [ -2.499803111624101, 41.214807127731945 ], [ -2.499926652422217, 41.215300094668876 ], [ -2.500089672086731, 41.215674800740203 ], [ -2.500393853575327, 41.216223523868422 ], [ -2.500680072606699, 41.216623851629549 ], [ -2.501073302446938, 41.217087671245039 ], [ -2.501450627910403, 41.217442279367589 ], [ -2.501996512879221, 41.217881839855359 ], [ -2.503277314145526, 41.218731141608394 ], [ -2.503723814068483, 41.219067496122626 ], [ -2.503761001299173, 41.219101899409914 ], [ -2.503724032358122, 41.219124681729127 ], [ -2.503688385924991, 41.219091703874568 ], [ -2.503244685847932, 41.218757458389192 ], [ -2.501963287114219, 41.217907760142175 ], [ -2.501414572083113, 41.217465920629508 ], [ -2.501034497546856, 41.21710872875164 ], [ -2.500638927387593, 41.216642148366709 ], [ -2.500350746419599, 41.216239076127486 ], [ -2.500044927909013, 41.215687399255422 ], [ -2.49988034757465, 41.215309105326455 ], [ -2.499755888374026, 41.214812472263183 ], [ -2.499680980193588, 41.21430275443489 ], [ -2.499660019732112, 41.213752160981571 ], [ -2.499687947629347, 41.213434708494475 ], [ -2.49977030281857, 41.212969066579141 ], [ -2.499950780646593, 41.212381010333715 ], [ -2.500296880425524, 41.21156510429757 ], [ -2.500431218400291, 41.211248460787601 ], [ -2.500476656626759, 41.211259453857089 ], [ -2.500342319397665, 41.211576096123828 ] ] ] } },
{ "type": "Feature", "properties": { "corridor_id": "soria_torralba", "segment_index": 13, "segment_id": "soria_torralba_km12_13", "start_m": 12000.0, "end_m": 13000.0, "start_km": 12.0, "end_km": 13.0, "length_m": 1000.0 }, "geometry": { "type": "Polygon", "coordinates": [ [ [ -2.504125928257363, 41.219439504336357 ], [ -2.504497917734228, 41.21985072968431 ], [ -2.504873068047882, 41.220377905390606 ], [ -2.505110068066316, 41.220785826371923 ], [ -2.505360278953098, 41.221431518360347 ], [ -2.505491626231451, 41.222003364786431 ], [ -2.505602115929172, 41.223274191184956 ], [ -2.505715821603868, 41.224762358385405 ], [ -2.505948315401289, 41.227781239125285 ], [ -2.505900670634325, 41.227783330578895 ], [ -2.505668178709102, 41.224764445682922 ], [ -2.505554484070072, 41.223276408810115 ], [ -2.505444173767054, 41.222007635208655 ], [ -2.505313721044051, 41.221439681634919 ], [ -2.505065131929496, 41.220798173623656 ], [ -2.504830131946985, 41.220393694605356 ], [ -2.504457082259966, 41.219869470311977 ], [ -2.50408767173636, 41.219461095660407 ], [ -2.503724032358123, 41.219124681729134 ], [ -2.503761001299171, 41.2191018994099 ], [ -2.504125928257363, 41.219439504336357 ] ] ] } },
{ "type": "Feature", "properties": { "corridor_id": "soria_torralba", "segment_index": 14, "segment_id": "soria_torralba_km13_14", "start_m": 13000.0, "end_m": 14000.0, "start_km": 13.0, "end_km": 14.0, "length_m": 1000.0 }, "geometry": { "type": "Polygon", "coordinates": [ [ [ -2.505984725903521, 41.228253997750897 ], [ -2.506040827305232, 41.229048713518985 ], [ -2.506105640402941, 41.229916484660315 ], [ -2.506116369905899, 41.2301531334816 ], [ -2.506112145704362, 41.230355798112889 ], [ -2.506078599463651, 41.230621456978788 ], [ -2.506035005972477, 41.230846958290833 ], [ -2.505959934573426, 41.231116350233791 ], [ -2.505864574211398, 41.231322043393803 ], [ -2.505776830341723, 41.231519291762581 ], [ -2.505658068317886, 41.231730849323462 ], [ -2.505438255921823, 41.232043775436289 ], [ -2.505162034956754, 41.232337404954691 ], [ -2.504553105208525, 41.232844528902497 ], [ -2.503997004166221, 41.233216598732483 ], [ -2.503246307533805, 41.23371606430748 ], [ -2.502977694827286, 41.233931153489088 ], [ -2.502748216525956, 41.234145810751222 ], [ -2.502535451542433, 41.234384139442405 ], [ -2.502372096688939, 41.234605160741062 ], [ -2.502227987260623, 41.234842025812611 ], [ -2.502088166835717, 41.235113893502444 ], [ -2.501825464465069, 41.235713228266881 ], [ -2.501780149646217, 41.235701909891631 ], [ -2.502043233168495, 41.235101706493182 ], [ -2.502184012744118, 41.234827974183176 ], [ -2.502329503316386, 41.234588839255011 ], [ -2.502494748463445, 41.234365260554007 ], [ -2.502709783480333, 41.234124389245586 ], [ -2.502941705179222, 41.233907446508105 ], [ -2.503213092472756, 41.233690135690132 ], [ -2.503965395840275, 41.23318960126533 ], [ -2.504519494798045, 41.232818871095056 ], [ -2.505124765049676, 41.232314795042328 ], [ -2.505397544084079, 41.232024824560121 ], [ -2.505614931687239, 41.231715350672523 ], [ -2.505732169662662, 41.231506508233075 ], [ -2.505819425792661, 41.231310356601774 ], [ -2.505913865430021, 41.231106649761607 ], [ -2.505987994029831, 41.230840641704368 ], [ -2.506031200537953, 41.23061714301636 ], [ -2.506064454296411, 41.230353801882174 ], [ -2.50606863009403, 41.230153466513435 ], [ -2.506057959596514, 41.229918115334726 ], [ -2.5059931726941, 41.229050686476086 ], [ -2.5059370740958, 41.228256002244159 ], [ -2.505900670634325, 41.227783330578895 ], [ -2.505948315401289, 41.227781239125285 ], [ -2.505984725903521, 41.228253997750897 ] ] ] } },
{ "type": "Feature", "properties": { "corridor_id": "soria_torralba", "segment_index": 15, "segment_id": "soria_torralba_km14_15", "start_m": 14000.0, "end_m": 15000.0, "start_km": 14.0, "end_km": 15.0, "length_m": 1000.0 }, "geometry": { "type": "Polygon", "coordinates": [ [ [ -2.501522957710459, 41.236403359044665 ], [ -2.500541743994766, 41.238641920224943 ], [ -2.500355935167129, 41.239026065712153 ], [ -2.500233182047526, 41.239233871478071 ], [ -2.500103708238262, 41.239419581471132 ], [ -2.499941152577163, 41.239615894128811 ], [ -2.499764044360352, 41.239809687971217 ], [ -2.499526972400582, 41.240025363237152 ], [ -2.499314052745236, 41.240199798631053 ], [ -2.49909881392374, 41.240351802906794 ], [ -2.498814119284164, 41.240531218819271 ], [ -2.498469504445581, 41.240713360928083 ], [ -2.498004988770866, 41.240938814163044 ], [ -2.497496068890351, 41.241190174614026 ], [ -2.497281611406798, 41.241296106646821 ], [ -2.497006236719478, 41.241448848886982 ], [ -2.496783754069528, 41.241580605639399 ], [ -2.496533294780217, 41.241750268422166 ], [ -2.496311572440842, 41.241912924597791 ], [ -2.496152381057068, 41.242045351958708 ], [ -2.495964383196624, 41.242214221302874 ], [ -2.495796090185042, 41.242382912689294 ], [ -2.495595509043861, 41.242604030540477 ], [ -2.495361940867497, 41.242889225477313 ], [ -2.495338301343254, 41.242918490686122 ], [ -2.495297543228603, 41.24289973426923 ], [ -2.495321259138371, 41.242870374519114 ], [ -2.495555490962158, 41.242584369456068 ], [ -2.49575730982119, 41.242361887307453 ], [ -2.495927016809779, 41.242191778694128 ], [ -2.496116418949438, 41.24202164803846 ], [ -2.496277227565717, 41.241887875399662 ], [ -2.496500705226322, 41.241723931575493 ], [ -2.496753045936926, 41.241552994358543 ], [ -2.496977363286824, 41.241420151111178 ], [ -2.497254388599329, 41.24126649335156 ], [ -2.497469930616516, 41.241160025631011 ], [ -2.497979011235099, 41.24090858583552 ], [ -2.498442895560468, 41.240683439070352 ], [ -2.498785080722162, 41.240502581178909 ], [ -2.499067186082766, 41.240324797091034 ], [ -2.499280147261328, 41.240174401366453 ], [ -2.499491027605925, 41.240001636760049 ], [ -2.499725955645984, 41.239787912025641 ], [ -2.499901247428877, 41.23959610586774 ], [ -2.500062291767434, 41.23940161852515 ], [ -2.50019021795766, 41.239218128517933 ], [ -2.500311664837472, 41.239012534283596 ], [ -2.500496656009341, 41.238630079770665 ], [ -2.501477642227886, 41.236392041100551 ], [ -2.501780149646217, 41.235701909891631 ], [ -2.501825464465069, 41.235713228266881 ], [ -2.501522957710459, 41.236403359044665 ] ] ] } },
{ "type": "Feature", "properties": { "corridor_id": "soria_torralba", "segment_index": 16, "segment_id": "soria_torralba_km15_16", "start_m": 15000.0, "end_m": 16000.0, "start_km": 15.0, "end_km": 16.0, "length_m": 1000.0 }, "geometry": { "type": "Polygon", "coordinates": [ [ [ -2.494821788030506, 41.243557914934819 ], [ -2.494624194582828, 41.243786401243781 ], [ -2.49438738869801, 41.244027220858392 ], [ -2.494134319607228, 41.244257913160126 ], [ -2.493878880771125, 41.244463769805677 ], [ -2.493536945159919, 41.244711118988675 ], [ -2.493178871992381, 41.244937825098489 ], [ -2.492866949446523, 41.245107673010992 ], [ -2.492452769471325, 41.245327568586326 ], [ -2.48621563200951, 41.248593198911458 ], [ -2.486188421726706, 41.248563593701604 ], [ -2.492425430534813, 41.245298031412034 ], [ -2.492839250559659, 41.245078326987318 ], [ -2.493149528013971, 41.244909374899621 ], [ -2.493505054846599, 41.244684281009121 ], [ -2.493844919235436, 41.244438430191842 ], [ -2.494098480399288, 41.244234086837089 ], [ -2.494349811308373, 41.244004979138538 ], [ -2.494585005423343, 41.243765798752882 ], [ -2.494781411975434, 41.24353868506163 ], [ -2.495297543228603, 41.24289973426923 ], [ -2.495338301343254, 41.242918490686122 ], [ -2.494821788030506, 41.243557914934819 ] ] ] } },
{ "type": "Feature", "properties": { "corridor_id": "soria_torralba", "segment_index": 17, "segment_id": "soria_torralba_km16_17", "start_m": 16000.0, "end_m": 17000.0, "start_km": 16.0, "end_km": 17.0, "length_m": 1000.0 }, "geometry": { "type": "Polygon", "coordinates": [ [ [ -2.485588741345086, 41.248921388388951 ], [ -2.484965875667111, 41.249235972097061 ], [ -2.484850468699631, 41.24929417562128 ], [ -2.479723041628519, 41.251883338061305 ], [ -2.478051007347209, 41.252777723932631 ], [ -2.477168270329486, 41.253172377010024 ], [ -2.476471173290648, 41.25345717033521 ], [ -2.476236139998644, 41.253526641446058 ], [ -2.476218728101131, 41.253493092450945 ], [ -2.476451026714348, 41.253424429663895 ], [ -2.477144729676116, 41.253141022988778 ], [ -2.478024992658771, 41.252747476065871 ], [ -2.479695958377592, 41.251853661937098 ], [ -2.484823925185621, 41.249264227468224 ], [ -2.484939330883821, 41.2492060245959 ], [ -2.485561858660999, 41.248891611609459 ], [ -2.486188421726706, 41.248563593701604 ], [ -2.48621563200951, 41.248593198911458 ], [ -2.485588741345086, 41.248921388388951 ] ] ] } },
{ "type": "Feature", "properties": { "corridor_id": "soria_torralba", "segment_index": 18, "segment_id": "soria_torralba_km17_18", "start_m": 17000.0, "end_m": 18000.0, "start_km": 17.0, "end_km": 18.0, "length_m": 1000.0 }, "geometry": { "type": "Polygon", "coordinates": [ [ [ -2.475708340663951, 41.253682646012756 ], [ -2.474845602088348, 41.253967492723689 ], [ -2.474241654060571, 41.254153807548064 ], [ -2.473351272606211, 41.254444301506425 ], [ -2.472449065570813, 41.25472396973111 ], [ -2.471436278546827, 41.255175868447729 ], [ -2.470825725853388, 41.255613469407628 ], [ -2.469405307757992, 41.257019399923131 ], [ -2.468646540341424, 41.257775364707889 ], [ -2.468219409518956, 41.258115985552976 ], [ -2.467733743340822, 41.25844801961771 ], [ -2.467280934429564, 41.258712459251214 ], [ -2.466978795152948, 41.258857243095726 ], [ -2.466953198908556, 41.258826827216247 ], [ -2.467253465576603, 41.258682940747143 ], [ -2.467703056665638, 41.258420380380258 ], [ -2.46818599048761, 41.258090214444593 ], [ -2.468610059665076, 41.257752035289236 ], [ -2.469367292248343, 41.256997600073724 ], [ -2.470790074153181, 41.255589330589622 ], [ -2.471407321459548, 41.255146931550449 ], [ -2.472427734434416, 41.254691630267878 ], [ -2.47333272739845, 41.254411098492803 ], [ -2.474223145944082, 41.254120592451166 ], [ -2.474826997916325, 41.253934307275514 ], [ -2.475690059340654, 41.253649353986489 ], [ -2.476218728101133, 41.253493092450945 ], [ -2.476236139998643, 41.253526641446058 ], [ -2.475708340663951, 41.253682646012756 ] ] ] } },
{ "type": "Feature", "properties": { "corridor_id": "soria_torralba", "segment_index": 19, "segment_id": "soria_torralba_km18_19", "start_m": 18000.0, "end_m": 19000.0, "start_km": 18.0, "end_km": 19.0, "length_m": 1000.0 }, "geometry": { "type": "Polygon", "coordinates": [ [ [ -2.466545986733353, 41.259064640520926 ], [ -2.465875136327021, 41.259312676802303 ], [ -2.46453296494025, 41.259777870887426 ], [ -2.461142730643249, 41.260952913511211 ], [ -2.46022332725915, 41.261284490172166 ], [ -2.458115928744528, 41.262181863774821 ], [ -2.456653770399478, 41.262846426687311 ], [ -2.456364320011467, 41.262959782150659 ], [ -2.456342323149727, 41.262927802444437 ], [ -2.456630429606093, 41.262814973311492 ], [ -2.458091871261157, 41.262150736223916 ], [ -2.460201272746199, 41.261252509826754 ], [ -2.461122469361759, 41.260920286487888 ], [ -2.464513034584141, 41.259745129278237 ], [ -2.465854663678031, 41.25928012319676 ], [ -2.466522613272232, 41.259033159477895 ], [ -2.466953198908556, 41.258826827216247 ], [ -2.466978795152948, 41.258857243095726 ], [ -2.466545986733353, 41.259064640520926 ] ] ] } },
{ "type": "Feature", "properties": { "corridor_id": "soria_torralba", "segment_index": 20, "segment_id": "soria_torralba_km19_20", "start_m": 19000.0, "end_m": 20000.0, "start_km": 19.0, "end_km": 20.0, "length_m": 1000.0 }, "geometry": { "type": "Polygon", "coordinates": [ [ [ -2.455837982271924, 41.263165905291977 ], [ -2.45497641800512, 41.263406661578287 ], [ -2.45421777956466, 41.26352594940716 ], [ -2.453456055264837, 41.263546349147411 ], [ -2.452702702723592, 41.263485823555968 ], [ -2.451890973679435, 41.263292985177145 ], [ -2.451395853656107, 41.263128280334612 ], [ -2.45094868857038, 41.262919690481716 ], [ -2.450447968806041, 41.262609678021498 ], [ -2.450032514976054, 41.262297611268124 ], [ -2.448411298782262, 41.260977453510733 ], [ -2.447586828352905, 41.260307858597237 ], [ -2.447318927748625, 41.260096552451564 ], [ -2.447137598163765, 41.259966078725604 ], [ -2.446894715170186, 41.259809562950863 ], [ -2.44656123039876, 41.259627001904853 ], [ -2.44652894639117, 41.259612747658885 ], [ -2.446553060196086, 41.259581649586522 ], [ -2.446587369595198, 41.259596798093582 ], [ -2.446924284823412, 41.259781237047157 ], [ -2.447169601829699, 41.259939321272078 ], [ -2.447352672244811, 41.260071047545878 ], [ -2.447621571640548, 41.260283141400087 ], [ -2.4484463012112, 41.26095294648654 ], [ -2.450066885017388, 41.262272588729246 ], [ -2.450480031187412, 41.262582921976183 ], [ -2.450976511423367, 41.262890309516521 ], [ -2.451418146338428, 41.263096319664236 ], [ -2.451907826316183, 41.263259214822156 ], [ -2.452712497273711, 41.263450376443743 ], [ -2.453457744734643, 41.263510250852498 ], [ -2.454212020436863, 41.263490050592736 ], [ -2.454963181998341, 41.263371938421294 ], [ -2.455818617732915, 41.263132894707205 ], [ -2.456342323149729, 41.262927802444437 ], [ -2.456364320011466, 41.262959782150659 ], [ -2.455837982271924, 41.263165905291977 ] ] ] } },
{ "type": "Feature", "properties": { "corridor_id": "soria_torralba", "segment_index": 21, "segment_id": "soria_torralba_km20_21", "start_m": 20000.0, "end_m": 21000.0, "start_km": 20.0, "end_km": 21.0, "length_m": 1000.0 }, "geometry": { "type": "Polygon", "coordinates": [ [ [ -2.446212370397129, 41.259472970150753 ], [ -2.445904615777696, 41.259358246226341 ], [ -2.445589872887382, 41.25926198362577 ], [ -2.445245883451975, 41.259181659700815 ], [ -2.444860998590623, 41.259109381787511 ], [ -2.444444840335065, 41.259061241109023 ], [ -2.444052699023709, 41.259045229251321 ], [ -2.443650543718993, 41.259053991237515 ], [ -2.443286432063196, 41.259079366605519 ], [ -2.442934776980484, 41.259127446001152 ], [ -2.442475631947926, 41.259231425917044 ], [ -2.44215246481559, 41.259318061368653 ], [ -2.441768178571969, 41.259456535734365 ], [ -2.441291649144428, 41.259666336092899 ], [ -2.440951427135929, 41.259867842277281 ], [ -2.44083924867323, 41.259940106319469 ], [ -2.440770037936508, 41.259986180619173 ], [ -2.440548992941561, 41.260145122051469 ], [ -2.440353736866411, 41.260311134512762 ], [ -2.440126802242768, 41.260523836012979 ], [ -2.439926562740588, 41.260752638582822 ], [ -2.439754472028714, 41.260973300966739 ], [ -2.439619606567173, 41.26118395376308 ], [ -2.439491560890961, 41.261418654568502 ], [ -2.439397129127934, 41.261644098163309 ], [ -2.439315522230865, 41.261903946758338 ], [ -2.439259353860791, 41.262160987185204 ], [ -2.439232687253547, 41.262337504627133 ], [ -2.439220272962139, 41.262481808960047 ], [ -2.439219377137658, 41.262726492919313 ], [ -2.439238073311635, 41.262965166373078 ], [ -2.439288799429331, 41.263227847601144 ], [ -2.439350111996956, 41.263436568863845 ], [ -2.439488821085029, 41.263836517986569 ], [ -2.439513375311384, 41.263900626087185 ], [ -2.439467501369379, 41.263910629459644 ], [ -2.43944277891166, 41.263846082008811 ], [ -2.439303688000098, 41.263445031131447 ], [ -2.439241800568388, 41.263234352394029 ], [ -2.439190526687091, 41.262968833621997 ], [ -2.439171622862029, 41.262727507075745 ], [ -2.439172527038359, 41.262480591035015 ], [ -2.439185112747672, 41.262334295367957 ], [ -2.439212046141055, 41.262156012809946 ], [ -2.43926867777172, 41.261896853236927 ], [ -2.439351070875484, 41.261634501832098 ], [ -2.439446639113301, 41.261406345427112 ], [ -2.439575993437755, 41.261169246232818 ], [ -2.439712327976781, 41.260956299029431 ], [ -2.439886037265333, 41.260733561413616 ], [ -2.440088197763512, 41.260502563983785 ], [ -2.440317263140074, 41.260287865484358 ], [ -2.440514607065011, 41.260120077945984 ], [ -2.440737762070025, 41.259959619378563 ], [ -2.440807951333258, 41.259912893678433 ], [ -2.440921172870496, 41.259839957720736 ], [ -2.441264750861681, 41.25963646390553 ], [ -2.441745821433436, 41.259424664264507 ], [ -2.44213413518903, 41.259284738630605 ], [ -2.442460768055914, 41.259197174082431 ], [ -2.442923623022454, 41.259092353998525 ], [ -2.443279967938514, 41.259043633394327 ], [ -2.443647656281744, 41.259018008762403 ], [ -2.444053300976071, 41.259009170748598 ], [ -2.444449759663535, 41.259025358890852 ], [ -2.444870401406792, 41.25907401821221 ], [ -2.445258716544581, 41.25914694029877 ], [ -2.445605927108417, 41.259228016373584 ], [ -2.445924184217359, 41.259325353772738 ], [ -2.446235029597355, 41.259441229848058 ], [ -2.446553060196083, 41.259581649586522 ], [ -2.446528946391173, 41.259612747658885 ], [ -2.446212370397129, 41.259472970150753 ] ] ] } },
{ "type": "Feature", "properties": { "corridor_id": "soria_torralba", "segment_index": 22, "segment_id": "soria_torralba_km21_22", "start_m": 21000.0, "end_m": 22000.0, "start_km": 21.0, "end_km": 22.0, "length_m": 1000.0 }, "geometry": { "type": "Polygon", "coordinates": [ [ [ -2.440126737485591, 41.265501998193905 ], [ -2.440457737987115, 41.266366398712115 ], [ -2.440704237487445, 41.267009896818777 ], [ -2.440954537181759, 41.267662995423763 ], [ -2.441346053432141, 41.268684415115743 ], [ -2.441502422921928, 41.269021172359658 ], [ -2.441640212793209, 41.269256559109785 ], [ -2.441768696173165, 41.26944088746216 ], [ -2.442041684373684, 41.269767375237045 ], [ -2.44230374860117, 41.270079632498252 ], [ -2.44276594900247, 41.270625587131917 ], [ -2.442986960343366, 41.270918329219931 ], [ -2.443167679310616, 41.271201971410925 ], [ -2.44329484684787, 41.271472980705823 ], [ -2.443377110657391, 41.27166958903404 ], [ -2.443423594499195, 41.271833087191887 ], [ -2.443467723903453, 41.272003887807998 ], [ -2.443505737190984, 41.27218781950446 ], [ -2.443519247044188, 41.272320558923759 ], [ -2.44347162982129, 41.272323317393628 ], [ -2.443458262807563, 41.272191980490646 ], [ -2.443420676094366, 41.272010112187189 ], [ -2.443376805498277, 41.271840312803349 ], [ -2.443330889339404, 41.271678810961291 ], [ -2.44324955314822, 41.271484419289706 ], [ -2.443123520684755, 41.271215828584793 ], [ -2.442944639651261, 41.270935070776126 ], [ -2.442725050991745, 41.270644212864362 ], [ -2.442263451392909, 41.270098967498164 ], [ -2.442001315620411, 41.269786624759355 ], [ -2.44172730382117, 41.269458912534056 ], [ -2.441597187201676, 41.269272240886139 ], [ -2.441457977073617, 41.269034427636043 ], [ -2.441300546564096, 41.268695384879706 ], [ -2.440908662927811, 41.267673004866538 ], [ -2.440658362924179, 41.267019904259698 ], [ -2.440411862300949, 41.266376402044322 ], [ -2.44008086225352, 41.265512001129387 ], [ -2.439467501369379, 41.263910629459644 ], [ -2.439513375311384, 41.263900626087185 ], [ -2.440126737485591, 41.265501998193905 ] ] ] } },
{ "type": "Feature", "properties": { "corridor_id": "soria_torralba", "segment_index": 23, "segment_id": "soria_torralba_km22_23", "start_m": 22000.0, "end_m": 23000.0, "start_km": 22.0, "end_km": 23.0, "length_m": 1000.0 }, "geometry": { "type": "Polygon", "coordinates": [ [ [ -2.443531067100897, 41.272436695032376 ], [ -2.443535281523783, 41.272686745384419 ], [ -2.443522673767933, 41.273222483242016 ], [ -2.443503761923836, 41.273797749886846 ], [ -2.443478492166282, 41.274123450509087 ], [ -2.443438382905433, 41.274364408170108 ], [ -2.443364611997984, 41.274640195144954 ], [ -2.443278095375919, 41.274865540970282 ], [ -2.443168389450296, 41.275089075747189 ], [ -2.443020837392473, 41.275333054061939 ], [ -2.442852034593135, 41.27557404303866 ], [ -2.442568876613195, 41.275893235766667 ], [ -2.441606590532255, 41.276857423677939 ], [ -2.440363049250235, 41.277972896185211 ], [ -2.438300013420029, 41.279316492032514 ], [ -2.437698140261255, 41.279675278984328 ], [ -2.437668527083782, 41.279647009785911 ], [ -2.438269586586412, 41.27928870796547 ], [ -2.440328950756374, 41.277947503812292 ], [ -2.441569209474161, 41.276834976319059 ], [ -2.442529923393028, 41.275872364230032 ], [ -2.442810965412684, 41.275555556957691 ], [ -2.442977962612765, 41.275317145934103 ], [ -2.443124210554381, 41.275075324248576 ], [ -2.443232704628033, 41.274854259025261 ], [ -2.443318188005109, 41.27463160485037 ], [ -2.443391217096714, 41.27435859182507 ], [ -2.443430907834971, 41.274120149485974 ], [ -2.443456038076765, 41.273796250108219 ], [ -2.443474926232401, 41.273221716753035 ], [ -2.443487518476304, 41.272686654610631 ], [ -2.44348333289857, 41.272438304962684 ], [ -2.44347162982129, 41.272323317393628 ], [ -2.443519247044188, 41.272320558923759 ], [ -2.443531067100897, 41.272436695032376 ] ] ] } },
{ "type": "Feature", "properties": { "corridor_id": "soria_torralba", "segment_index": 24, "segment_id": "soria_torralba_km23_24", "start_m": 23000.0, "end_m": 24000.0, "start_km": 23.0, "end_km": 24.0, "length_m": 1000.0 }, "geometry": { "type": "Polygon", "coordinates": [ [ [ -2.435589307024419, 41.280932334502047 ], [ -2.431978521489019, 41.283084726156844 ], [ -2.431086607626216, 41.28361803451444 ], [ -2.430698307239434, 41.283848778232191 ], [ -2.43044063646769, 41.284024177652618 ], [ -2.430247890714072, 41.28416896088688 ], [ -2.429996708993469, 41.284383292047089 ], [ -2.429849446878933, 41.284526775699653 ], [ -2.42970544432242, 41.284682413871813 ], [ -2.429584076770194, 41.284834396720882 ], [ -2.429429300341524, 41.285053016035064 ], [ -2.429326566855372, 41.285221387657224 ], [ -2.429229442618372, 41.285406381583975 ], [ -2.429138685721379, 41.285610783789203 ], [ -2.429099078539563, 41.285722962185162 ], [ -2.429052920321931, 41.285713689841707 ], [ -2.42909291428229, 41.28560041620625 ], [ -2.429184557385907, 41.285394018411679 ], [ -2.429282633149421, 41.285207212338605 ], [ -2.429386499663749, 41.285036983960957 ], [ -2.429542523235478, 41.284816603275367 ], [ -2.42966535568361, 41.28466278612472 ], [ -2.429810953127359, 41.284505424297144 ], [ -2.429959891013003, 41.284360307949989 ], [ -2.430213109292495, 41.284144239110518 ], [ -2.43040776353887, 41.283998022345045 ], [ -2.43066749276704, 41.283821221765749 ], [ -2.431056992380161, 41.283589765483647 ], [ -2.431948878517362, 41.283056473841285 ], [ -2.435559692575336, 41.280904065738461 ], [ -2.437668527083782, 41.279647009785911 ], [ -2.437698140261255, 41.279675278984328 ], [ -2.435589307024419, 41.280932334502047 ] ] ] } },
{ "type": "Feature", "properties": { "corridor_id": "soria_torralba", "segment_index": 25, "segment_id": "soria_torralba_km24_25", "start_m": 24000.0, "end_m": 25000.0, "start_km": 24.0, "end_km": 25.0, "length_m": 1000.0 }, "geometry": { "type": "Polygon", "coordinates": [ [ [ -2.429076500465715, 41.285786909297393 ], [ -2.429014023004116, 41.286034228720247 ], [ -2.428968777149124, 41.286244647160302 ], [ -2.428952562168735, 41.286464793960647 ], [ -2.4289428014698, 41.28669008872464 ], [ -2.428955728594685, 41.286906567025063 ], [ -2.428978391148322, 41.287071864072821 ], [ -2.429033558364177, 41.287334853904852 ], [ -2.429098249359407, 41.287545348206393 ], [ -2.42916466323608, 41.287725301803256 ], [ -2.429253624742784, 41.28791008316913 ], [ -2.429448035256914, 41.288253488425291 ], [ -2.429692712469836, 41.288578397327576 ], [ -2.429942538881986, 41.288857532887512 ], [ -2.430461406321172, 41.28939169330652 ], [ -2.430750487278805, 41.289692785844089 ], [ -2.430921260903433, 41.289884240982204 ], [ -2.431084598894676, 41.290096570245055 ], [ -2.431199170536767, 41.290260229572993 ], [ -2.431343988849657, 41.290514767720822 ], [ -2.431479206000772, 41.290830776071523 ], [ -2.431557159055878, 41.291047880635105 ], [ -2.431811886955531, 41.291864169117169 ], [ -2.431921425480738, 41.29218191032561 ], [ -2.432002332345463, 41.29236718093501 ], [ -2.432123749826741, 41.292592300746456 ], [ -2.432285821069291, 41.292846912843181 ], [ -2.432450887258155, 41.293070547602248 ], [ -2.432615828213491, 41.293249200457282 ], [ -2.432865481966242, 41.293490286616453 ], [ -2.433109769655261, 41.293693312807129 ], [ -2.433314856563574, 41.293832263877178 ], [ -2.433282930731131, 41.293859066988595 ], [ -2.43307603033815, 41.29371888719033 ], [ -2.432828918027282, 41.293513513380574 ], [ -2.432577371780242, 41.293270599539447 ], [ -2.43241031273595, 41.293089652394087 ], [ -2.432243378925369, 41.292863487152843 ], [ -2.432080050168427, 41.292606899249357 ], [ -2.431957467650318, 41.292379619060576 ], [ -2.431875574515745, 41.292192089669797 ], [ -2.431765513041451, 41.291872830878127 ], [ -2.431510840941046, 41.291056719360206 ], [ -2.43143339399569, 41.290841023923868 ], [ -2.431299211146055, 41.290527432274786 ], [ -2.431156029458151, 41.290275770422902 ], [ -2.431042801099782, 41.290114029751109 ], [ -2.430880739090677, 41.28990335901419 ], [ -2.430711312715044, 41.289713414152487 ], [ -2.430422793672592, 41.289412906690181 ], [ -2.429903461111846, 41.288878267109098 ], [ -2.429652087524296, 41.288597402668792 ], [ -2.429405164737875, 41.288269511570654 ], [ -2.429209175252768, 41.287923316826529 ], [ -2.429119136760144, 41.287736298192215 ], [ -2.429051950637496, 41.287554251788926 ], [ -2.428986641633407, 41.287341746090341 ], [ -2.428931008850043, 41.287076535922289 ], [ -2.428908071404401, 41.28690923296999 ], [ -2.428894998530176, 41.286690311270405 ], [ -2.428904837831901, 41.286463206034412 ], [ -2.428921222852344, 41.286240752834821 ], [ -2.428966976998186, 41.28602797127494 ], [ -2.429029899537187, 41.285778890697927 ], [ -2.429052920321931, 41.285713689841707 ], [ -2.429099078539563, 41.285722962185162 ], [ -2.429076500465715, 41.285786909297393 ] ] ] } },
{ "type": "Feature", "properties": { "corridor_id": "soria_torralba", "segment_index": 26, "segment_id": "soria_torralba_km25_26", "start_m": 25000.0, "end_m": 26000.0, "start_km": 25.0, "end_km": 26.0, "length_m": 1000.0 }, "geometry": { "type": "Polygon", "coordinates": [ [ [ -2.433488809139035, 41.293950119977445 ], [ -2.433845018959443, 41.294148423353093 ], [ -2.434280783225171, 41.294347991027429 ], [ -2.43468863384702, 41.294491534542445 ], [ -2.435139381134105, 41.294614583365274 ], [ -2.436295837954207, 41.294874406249342 ], [ -2.436589351581993, 41.294947108701663 ], [ -2.436864003165848, 41.295017127773782 ], [ -2.43719278949573, 41.29513020775066 ], [ -2.437430211887235, 41.295223667659734 ], [ -2.437732603816684, 41.295367328928918 ], [ -2.437950182263377, 41.295484161704181 ], [ -2.438174259649308, 41.295621723093497 ], [ -2.438385275593837, 41.29576558386762 ], [ -2.438571942336461, 41.295913206538359 ], [ -2.438746993501935, 41.296071768065062 ], [ -2.438939786077388, 41.296268175442506 ], [ -2.439223616437547, 41.296592896504322 ], [ -2.439440219679409, 41.296864551296984 ], [ -2.440930723825192, 41.298698686538053 ], [ -2.441135191933355, 41.298929547188301 ], [ -2.441350786448812, 41.299132600138783 ], [ -2.441596600488282, 41.299342472911846 ], [ -2.441868920350741, 41.299537015481 ], [ -2.441929667589732, 41.29957381198858 ], [ -2.441899748248701, 41.299601902575546 ], [ -2.441837479642727, 41.299564184516804 ], [ -2.441562199505136, 41.299367527085515 ], [ -2.441314213544716, 41.299155799858248 ], [ -2.441096608060382, 41.29895085280841 ], [ -2.440890476168858, 41.298718113458399 ], [ -2.439399380314783, 41.296883248699338 ], [ -2.439183183556545, 41.296612103492066 ], [ -2.438900613916454, 41.296288824554118 ], [ -2.438709406491688, 41.296094031931808 ], [ -2.43853625765701, 41.295937193458798 ], [ -2.438351924399583, 41.295791416129873 ], [ -2.438143140344183, 41.295649076904347 ], [ -2.437921217730266, 41.295512838293931 ], [ -2.437705996177211, 41.295397271069469 ], [ -2.437406388107049, 41.295254932338935 ], [ -2.437171810499049, 41.295162592248303 ], [ -2.4368463968296, 41.29505067222545 ], [ -2.436574248414021, 41.294981291297766 ], [ -2.436281562041998, 41.294908793750153 ], [ -2.435124418861939, 41.294648816634144 ], [ -2.43467036614829, 41.294524865456758 ], [ -2.434258216769317, 41.294379808971378 ], [ -2.433818381034443, 41.294178376645291 ], [ -2.433458590854503, 41.29397808002048 ], [ -2.433282930731131, 41.293859066988595 ], [ -2.433314856563574, 41.293832263877178 ], [ -2.433488809139035, 41.293950119977445 ] ] ] } },
{ "type": "Feature", "properties": { "corridor_id": "soria_torralba", "segment_index": 27, "segment_id": "soria_torralba_km26_27", "start_m": 26000.0, "end_m": 27000.0, "start_km": 26.0, "end_km": 27.0, "length_m": 1000.0 }, "geometry": { "type": "Polygon", "coordinates": [ [ [ -2.442087532513197, 41.299669435380316 ], [ -2.442293074895912, 41.299780119691505 ], [ -2.442603489326486, 41.299932888562445 ], [ -2.442970324474458, 41.300074001989849 ], [ -2.444294326970062, 41.300567965580157 ], [ -2.445334360342637, 41.300959078105528 ], [ -2.446374600502359, 41.301350205977641 ], [ -2.446787010999175, 41.301517857398899 ], [ -2.447050753044638, 41.301644807100075 ], [ -2.447289893114818, 41.301770257613853 ], [ -2.4475513931444, 41.301934511354887 ], [ -2.447734214865818, 41.302060012712779 ], [ -2.447939420216456, 41.302222609279127 ], [ -2.448101932985627, 41.302365109611593 ], [ -2.44830492192924, 41.30256920388031 ], [ -2.44846042567863, 41.302751210463953 ], [ -2.448584413243621, 41.302903632718952 ], [ -2.448688219765979, 41.303054614809213 ], [ -2.448789751039824, 41.303217265812549 ], [ -2.448882375148139, 41.303395272940371 ], [ -2.448961235017401, 41.303574792017152 ], [ -2.44903122013022, 41.303759608852417 ], [ -2.44908984535451, 41.303974902918391 ], [ -2.449149586287636, 41.304288065299289 ], [ -2.449171000373183, 41.304552472771483 ], [ -2.449166480819022, 41.304803162451243 ], [ -2.449135040261718, 41.305198173810147 ], [ -2.449084627322147, 41.305736813709423 ], [ -2.44903696408694, 41.305734277188236 ], [ -2.44908735973919, 41.305195826184907 ], [ -2.449118719181516, 41.304801837543806 ], [ -2.44912319962656, 41.304553327223523 ], [ -2.449102013711085, 41.304291734695767 ], [ -2.449042754643314, 41.303981097076758 ], [ -2.448984779866783, 41.303768191142858 ], [ -2.44891556497894, 41.303585407978289 ], [ -2.448837424847695, 41.303407527055207 ], [ -2.448745848955431, 41.303231534183219 ], [ -2.448645380228827, 41.303070585186731 ], [ -2.448542786750768, 41.302921367277236 ], [ -2.448419974315468, 41.302770389532441 ], [ -2.448265678064608, 41.302589796116266 ], [ -2.448064667007959, 41.302387690385309 ], [ -2.447903979777004, 41.30224679071808 ], [ -2.4477007851276, 41.30208578728471 ], [ -2.447520006849077, 41.301961688642905 ], [ -2.447260906878818, 41.301798942384245 ], [ -2.44702424694927, 41.301674792898332 ], [ -2.446762788995047, 41.301548942599759 ], [ -2.446352599492235, 41.301382194021237 ], [ -2.445313040282942, 41.300991322130614 ], [ -2.444273073024666, 41.300600234418795 ], [ -2.442948875520234, 41.300106198009075 ], [ -2.442579510667768, 41.299964111436225 ], [ -2.442266125097941, 41.299809880306832 ], [ -2.442058667480455, 41.299698164617787 ], [ -2.441899748248701, 41.299601902575546 ], [ -2.441929667589732, 41.29957381198858 ], [ -2.442087532513197, 41.299669435380316 ] ] ] } },
{ "type": "Feature", "properties": { "corridor_id": "soria_torralba", "segment_index": 28, "segment_id": "soria_torralba_km27_28", "start_m": 27000.0, "end_m": 28000.0, "start_km": 27.0, "end_km": 28.0, "length_m": 1000.0 }, "geometry": { "type": "Polygon", "coordinates": [ [ [ -2.449016531881386, 41.306464368273701 ], [ -2.448955032091251, 41.307121068584763 ], [ -2.448843361374637, 41.308314260341255 ], [ -2.448819807269982, 41.308804708434245 ], [ -2.448830950473776, 41.309042892556995 ], [ -2.448864512993297, 41.309298146264901 ], [ -2.448914196772656, 41.309542781192683 ], [ -2.449016964627281, 41.309891912649185 ], [ -2.449183494036455, 41.31027228065588 ], [ -2.449380268564686, 41.310625777163743 ], [ -2.449600114838734, 41.31094754207156 ], [ -2.450910286751141, 41.312313157338131 ], [ -2.452537885448604, 41.313877632219402 ], [ -2.452500285156469, 41.313899869409695 ], [ -2.450872113242547, 41.312334842658643 ], [ -2.449559285155389, 41.310966457924771 ], [ -2.449336931430302, 41.310641022832115 ], [ -2.449138705959262, 41.310284919339722 ], [ -2.448970835369392, 41.309901487346167 ], [ -2.448867203225011, 41.309549418802469 ], [ -2.448817087005123, 41.309302653730178 ], [ -2.448783249525399, 41.309045307438048 ], [ -2.448771992730078, 41.308804691560788 ], [ -2.448795638626117, 41.308312339653803 ], [ -2.44890736786934, 41.307118531841859 ], [ -2.448968868151025, 41.306461831385526 ], [ -2.44903696408694, 41.305734277188236 ], [ -2.449084627322147, 41.305736813709423 ], [ -2.449016531881386, 41.306464368273701 ] ] ] } },
{ "type": "Feature", "properties": { "corridor_id": "soria_torralba", "segment_index": 29, "segment_id": "soria_torralba_km28_29", "start_m": 28000.0, "end_m": 29000.0, "start_km": 28.0, "end_km": 29.0, "length_m": 1000.0 }, "geometry": { "type": "Polygon", "coordinates": [ [ [ -2.454645000374205, 41.315902881064403 ], [ -2.457527940395943, 41.318673618758645 ], [ -2.457736479671499, 41.318876256865963 ], [ -2.457809784337698, 41.318947561380988 ], [ -2.45988617820574, 41.320965640791748 ], [ -2.45989550493064, 41.32097609714679 ], [ -2.459855844647886, 41.320996202227263 ], [ -2.45984742178802, 41.320986759204942 ], [ -2.457772018425198, 41.318969641307454 ], [ -2.45769871660577, 41.318898339519684 ], [ -2.457490259597687, 41.318695781238191 ], [ -2.454607399485084, 41.315925118803335 ], [ -2.452500285156469, 41.313899869409695 ], [ -2.452537885448604, 41.313877632219402 ], [ -2.454645000374205, 41.315902881064403 ] ] ] } },
{ "type": "Feature", "properties": { "corridor_id": "soria_torralba", "segment_index": 30, "segment_id": "soria_torralba_km29_30", "start_m": 29000.0, "end_m": 30000.0, "start_km": 29.0, "end_km": 30.0, "length_m": 1000.0 }, "geometry": { "type": "Polygon", "coordinates": [ [ [ -2.460214603230226, 41.321333841389873 ], [ -2.460438136291536, 41.321599055103462 ], [ -2.46066915113257, 41.321900125947487 ], [ -2.460876266333879, 41.322200027015285 ], [ -2.461093766310143, 41.322540152320251 ], [ -2.461278550318501, 41.322866931221157 ], [ -2.46143650634187, 41.323176428602423 ], [ -2.461607994229853, 41.32356651061987 ], [ -2.461777030911621, 41.324037648554423 ], [ -2.461965158666673, 41.324695994696278 ], [ -2.462042260439981, 41.325127021813614 ], [ -2.462116532626663, 41.325776751232951 ], [ -2.462350952695448, 41.328537875756062 ], [ -2.462439491704568, 41.329630935715237 ], [ -2.46239178124842, 41.329633131522527 ], [ -2.462303247303783, 41.32854012423897 ], [ -2.462068867372408, 41.325779448762106 ], [ -2.461994739558632, 41.325130978181456 ], [ -2.461918041331138, 41.324702205298863 ], [ -2.461730569085407, 41.324046151440861 ], [ -2.461562205766558, 41.32357688937558 ], [ -2.461391493653992, 41.323188571393139 ], [ -2.461234249676953, 41.322880468774535 ], [ -2.461050233684936, 41.322555047675607 ], [ -2.460833533660881, 41.322216172980688 ], [ -2.460627248861901, 41.321917474048639 ], [ -2.460397263702648, 41.321617744892855 ], [ -2.460174596763768, 41.321353558606575 ], [ -2.459855844647884, 41.320996202227263 ], [ -2.459895504930642, 41.32097609714679 ], [ -2.460214603230226, 41.321333841389873 ] ] ] } },
{ "type": "Feature", "properties": { "corridor_id": "soria_torralba", "segment_index": 31, "segment_id": "soria_torralba_km30_31", "start_m": 30000.0, "end_m": 31000.0, "start_km": 30.0, "end_km": 31.0, "length_m": 1000.0 }, "geometry": { "type": "Polygon", "coordinates": [ [ [ -2.462609354854366, 41.331727888037513 ], [ -2.463128846461777, 41.33797985957866 ], [ -2.463192916610446, 41.338620196930833 ], [ -2.463145246081799, 41.338622906271851 ], [ -2.463081153537369, 41.337982340416396 ], [ -2.462561645144876, 41.331730111957526 ], [ -2.46239178124842, 41.329633131522527 ], [ -2.462439491704568, 41.329630935715237 ], [ -2.462609354854366, 41.331727888037513 ] ] ] } },
{ "type": "Feature", "properties": { "corridor_id": "soria_torralba", "segment_index": 32, "segment_id": "soria_torralba_km31_32", "start_m": 31000.0, "end_m": 32000.0, "start_km": 31.0, "end_km": 32.0, "length_m": 1000.0 }, "geometry": { "type": "Polygon", "coordinates": [ [ [ -2.46321677413535, 41.338858633527813 ], [ -2.463273966836713, 41.339157250603549 ], [ -2.463323702145899, 41.339345349287633 ], [ -2.463440014578533, 41.339679336062062 ], [ -2.463563699835254, 41.339956506432792 ], [ -2.463744980362834, 41.340313474017549 ], [ -2.463956011202335, 41.340716541658708 ], [ -2.465306081925296, 41.343254085007175 ], [ -2.467328390411642, 41.347041072604092 ], [ -2.467284035510191, 41.347054524175 ], [ -2.465261718070184, 41.343267514988518 ], [ -2.463911588793179, 41.340729858336971 ], [ -2.463700419632756, 41.340326525978085 ], [ -2.463518700160593, 41.339968693562767 ], [ -2.463394185417891, 41.339689663933328 ], [ -2.463277097851261, 41.339353450707627 ], [ -2.463226833161138, 41.339163349391619 ], [ -2.46316922586327, 41.338862566467249 ], [ -2.463145246081799, 41.338622906271851 ], [ -2.463192916610446, 41.338620196930833 ], [ -2.46321677413535, 41.338858633527813 ] ] ] } },
{ "type": "Feature", "properties": { "corridor_id": "soria_torralba", "segment_index": 33, "segment_id": "soria_torralba_km32_33", "start_m": 32000.0, "end_m": 33000.0, "start_km": 32.0, "end_km": 33.0, "length_m": 1000.0 }, "geometry": { "type": "Polygon", "coordinates": [ [ [ -2.467654421972339, 41.347651557192627 ], [ -2.468179110120595, 41.348662897424411 ], [ -2.468260917325957, 41.348885103271449 ], [ -2.468326168396729, 41.349081459517571 ], [ -2.468378238450429, 41.349341407232203 ], [ -2.468415513423751, 41.349638902850316 ], [ -2.468413602951045, 41.349890594623595 ], [ -2.468396819738406, 41.350100134490525 ], [ -2.468361544593446, 41.350318117285219 ], [ -2.468303763683771, 41.350555572052002 ], [ -2.468229309914339, 41.350773802312638 ], [ -2.468104771029924, 41.351044456321432 ], [ -2.467956411705743, 41.351338171943361 ], [ -2.467754557588195, 41.351728876948791 ], [ -2.466854430501648, 41.353445929727656 ], [ -2.465744636248258, 41.355554551267197 ], [ -2.465700185825867, 41.355541269000895 ], [ -2.466809969502901, 41.353432670268091 ], [ -2.467710042416325, 41.351715723046901 ], [ -2.467911788298715, 41.351325228052353 ], [ -2.468059828974352, 41.351032143674196 ], [ -2.468183490089353, 41.350763397682833 ], [ -2.468257036319045, 41.350547827943274 ], [ -2.468314255408568, 41.350312682709941 ], [ -2.468349180262837, 41.35009686550454 ], [ -2.468365797049442, 41.349889405371435 ], [ -2.468367686575719, 41.349640497144698 ], [ -2.468330761548029, 41.349345792762861 ], [ -2.468279231600777, 41.349088540477645 ], [ -2.468214682670836, 41.348894296723884 ], [ -2.468133689875485, 41.348674302571098 ], [ -2.467609978023181, 41.347664842803042 ], [ -2.467284035510191, 41.347054524175 ], [ -2.467328390411642, 41.347041072604092 ], [ -2.467654421972339, 41.347651557192627 ] ] ] } },
{ "type": "Feature", "properties": { "corridor_id": "soria_torralba", "segment_index": 34, "segment_id": "soria_torralba_km33_34", "start_m": 33000.0, "end_m": 34000.0, "start_km": 33.0, "end_km": 34.0, "length_m": 1000.0 }, "geometry": { "type": "Polygon", "coordinates": [ [ [ -2.465579425302782, 41.355868441163096 ], [ -2.465371032823476, 41.356264327130525 ], [ -2.464630340993353, 41.357678612444879 ], [ -2.463889636435679, 41.359092922061514 ], [ -2.463070543955166, 41.360651599045291 ], [ -2.462893365254983, 41.360970020392891 ], [ -2.462756192806212, 41.3612041562467 ], [ -2.462573233885897, 41.361472776982431 ], [ -2.462402708720283, 41.361698171221597 ], [ -2.46231592717297, 41.361801807489478 ], [ -2.46218600611523, 41.361957171894481 ], [ -2.461994172659037, 41.362169562586615 ], [ -2.461602942463375, 41.362564196641515 ], [ -2.46077946375035, 41.363367473649227 ], [ -2.460538996670183, 41.363604644313725 ], [ -2.460500991596772, 41.363582773394192 ], [ -2.460741536256038, 41.363345526347665 ], [ -2.461564857542994, 41.362542403355341 ], [ -2.461955227347219, 41.362148637410101 ], [ -2.462145993890839, 41.361937428102053 ], [ -2.462275468926475, 41.361782597178582 ], [ -2.462361691285564, 41.361679628774759 ], [ -2.462531166119656, 41.36145562301374 ], [ -2.462713007198952, 41.361188643749259 ], [ -2.462849434749842, 41.360955779602918 ], [ -2.463026256049482, 41.36063800095048 ], [ -2.463845163568866, 41.359079677934218 ], [ -2.464585858946992, 41.35766538767345 ], [ -2.465326567181074, 41.356251072865206 ], [ -2.465534974851777, 41.355855158547641 ], [ -2.465700185825867, 41.355541269000895 ], [ -2.465744636248258, 41.355554551267197 ], [ -2.465579425302782, 41.355868441163096 ] ] ] } },
{ "type": "Feature", "properties": { "corridor_id": "soria_torralba", "segment_index": 35, "segment_id": "soria_torralba_km34_35", "start_m": 34000.0, "end_m": 35000.0, "start_km": 34.0, "end_km": 35.0, "length_m": 1000.0 }, "geometry": { "type": "Polygon", "coordinates": [ [ [ -2.459846681089428, 41.364287456806657 ], [ -2.458760959598196, 41.365351678170526 ], [ -2.457979380046691, 41.366117760326539 ], [ -2.457471958084239, 41.366632475571798 ], [ -2.457223180251523, 41.366913434214268 ], [ -2.457050806657316, 41.367151194431081 ], [ -2.456903868386363, 41.367383805306233 ], [ -2.456763645476183, 41.367640349652874 ], [ -2.456639502012647, 41.367924973906504 ], [ -2.456570021811011, 41.368137396413928 ], [ -2.456500594391233, 41.368388012790781 ], [ -2.456460542541932, 41.368618660114208 ], [ -2.4564127225806, 41.368943916522937 ], [ -2.456295761166347, 41.370212103161563 ], [ -2.456252759575768, 41.370715123915964 ], [ -2.456215098470454, 41.371110266544385 ], [ -2.456154040374881, 41.371446838690801 ], [ -2.45611286618401, 41.371628206267758 ], [ -2.456107668917225, 41.371645530548726 ], [ -2.456061015353636, 41.371637588626562 ], [ -2.456065933818561, 41.371621193727449 ], [ -2.456106759627154, 41.371441361304328 ], [ -2.456167501530959, 41.3711065334507 ], [ -2.456205040425181, 41.370712676079087 ], [ -2.456248038834585, 41.370209696833498 ], [ -2.456365077420632, 41.36894068347214 ], [ -2.45641305745969, 41.368614339880914 ], [ -2.456453405610995, 41.368381987204394 ], [ -2.456523378191891, 41.368129403581349 ], [ -2.456593497990903, 41.367915026088887 ], [ -2.456718754528154, 41.36762785034275 ], [ -2.456860131618565, 41.367369194689608 ], [ -2.457008193348063, 41.36713480556498 ], [ -2.457182219754357, 41.366894765782106 ], [ -2.457432841921994, 41.366611724424899 ], [ -2.457941219959669, 41.366096039670303 ], [ -2.45872304033433, 41.365329721898732 ], [ -2.459808718916952, 41.36426554319025 ], [ -2.460500991596772, 41.363582773394192 ], [ -2.460538996670183, 41.363604644313725 ], [ -2.459846681089428, 41.364287456806657 ] ] ] } },
{ "type": "Feature", "properties": { "corridor_id": "soria_torralba", "segment_index": 36, "segment_id": "soria_torralba_km35_36", "start_m": 35000.0, "end_m": 36000.0, "start_km": 35.0, "end_km": 36.0, "length_m": 1000.0 }, "geometry": { "type": "Polygon", "coordinates": [ [ [ -2.456067054921935, 41.371780910656618 ], [ -2.456001118525183, 41.371975809615478 ], [ -2.4559511584075, 41.372096479517424 ], [ -2.455902095134281, 41.372197515818762 ], [ -2.45583016560237, 41.372349689965809 ], [ -2.455750636254975, 41.372498392846808 ], [ -2.455637437102724, 41.372680395484622 ], [ -2.455508345247942, 41.372866560670509 ], [ -2.455384627112732, 41.37303359025028 ], [ -2.455267338473416, 41.373182336825892 ], [ -2.455103105915924, 41.373361125506442 ], [ -2.454626445400358, 41.373854695413456 ], [ -2.452216112317347, 41.376281229431626 ], [ -2.451864007006327, 41.376642234983557 ], [ -2.451429809732456, 41.377078630854982 ], [ -2.451191782531898, 41.377345576405951 ], [ -2.451007519726298, 41.377575929890476 ], [ -2.45085376790102, 41.377812134236251 ], [ -2.450702946298822, 41.378067056758958 ], [ -2.450585431120425, 41.37831961498869 ], [ -2.450473069447848, 41.378596428085658 ], [ -2.450192297371812, 41.379363640744373 ], [ -2.450146181615064, 41.379354066381993 ], [ -2.450427130555736, 41.378586371909783 ], [ -2.450539968883529, 41.378308385006839 ], [ -2.450658453705754, 41.378053743236769 ], [ -2.45081043210408, 41.377796865759684 ], [ -2.450965480279288, 41.377558670105692 ], [ -2.451151417474107, 41.377326223590522 ], [ -2.451390790273796, 41.377057769141715 ], [ -2.451825593, 41.37662076501325 ], [ -2.452177687688983, 41.376259770565163 ], [ -2.454587954605962, 41.373833304583329 ], [ -2.455064094090322, 41.373340274490268 ], [ -2.455227061532614, 41.373162863170599 ], [ -2.455343172893003, 41.373015609746012 ], [ -2.455466254757606, 41.372849439325663 ], [ -2.455594562902558, 41.372664404511404 ], [ -2.455706763749894, 41.372484007149041 ], [ -2.455785434402048, 41.372336910029844 ], [ -2.455857104869974, 41.372185284176858 ], [ -2.455905841596555, 41.372084920478137 ], [ -2.455955081478324, 41.371965990379934 ], [ -2.456020545081113, 41.371772489338703 ], [ -2.456061015353636, 41.371637588626562 ], [ -2.456107668917225, 41.371645530548726 ], [ -2.456067054921935, 41.371780910656618 ] ] ] } },
{ "type": "Feature", "properties": { "corridor_id": "soria_torralba", "segment_index": 37, "segment_id": "soria_torralba_km36_37", "start_m": 36000.0, "end_m": 37000.0, "start_km": 36.0, "end_km": 37.0, "length_m": 1000.0 }, "geometry": { "type": "Polygon", "coordinates": [ [ [ -2.450167357902221, 41.379431787183968 ], [ -2.44981164056101, 41.380402735452456 ], [ -2.449301624773469, 41.381768079002484 ], [ -2.448791596661134, 41.383133355538469 ], [ -2.447818545402002, 41.38565267274447 ], [ -2.447458133120835, 41.386811848696659 ], [ -2.447213069360514, 41.387839240624771 ], [ -2.447191201632127, 41.388069819976657 ], [ -2.447143481179292, 41.388067253186016 ], [ -2.44716553064117, 41.387834759370314 ], [ -2.447411266881835, 41.386804551298574 ], [ -2.447772254601289, 41.38564352725087 ], [ -2.448745603342405, 41.383123444456949 ], [ -2.449255575278766, 41.381758320862431 ], [ -2.449765559442451, 41.380393064542929 ], [ -2.450121242960838, 41.379422210462508 ], [ -2.450146181615064, 41.379354066381993 ], [ -2.450192297371812, 41.379363640744373 ], [ -2.450167357902221, 41.379431787183968 ] ] ] } },
{ "type": "Feature", "properties": { "corridor_id": "soria_torralba", "segment_index": 38, "segment_id": "soria_torralba_km37_38", "start_m": 37000.0, "end_m": 38000.0, "start_km": 37.0, "end_km": 38.0, "length_m": 1000.0 }, "geometry": { "type": "Polygon", "coordinates": [ [ [ -2.44713737366666, 41.388637389470865 ], [ -2.447280794271014, 41.390394483739648 ], [ -2.447663358382282, 41.392036068966831 ], [ -2.448046247787011, 41.393660621521526 ], [ -2.448273750243666, 41.394607030318063 ], [ -2.4484005306735, 41.395148045972022 ], [ -2.448490244272061, 41.395502010025119 ], [ -2.44856135028988, 41.395705070280684 ], [ -2.4486504772359, 41.395934168196924 ], [ -2.448745345154634, 41.39613674539715 ], [ -2.448849340066826, 41.396325329356358 ], [ -2.448946849631333, 41.396477675508038 ], [ -2.449013950202394, 41.396582408096826 ], [ -2.449166393118364, 41.396789216586932 ], [ -2.449229263534273, 41.396864281527613 ], [ -2.449188791518191, 41.396883501167402 ], [ -2.449125206875863, 41.396807583409341 ], [ -2.448971449792234, 41.396598991899204 ], [ -2.448903752360814, 41.396493327605299 ], [ -2.448805659928277, 41.396340070639489 ], [ -2.448700654840986, 41.396149654598489 ], [ -2.448604922760282, 41.395945231798528 ], [ -2.448515249706753, 41.395714729714676 ], [ -2.448443555725132, 41.395509989970122 ], [ -2.448353469324203, 41.395154554023129 ], [ -2.448226649754096, 41.394613369677096 ], [ -2.447999152210746, 41.393666978473625 ], [ -2.447616241615509, 41.392042331028321 ], [ -2.447233205727495, 41.39039871625544 ], [ -2.44708942633346, 41.388637210524131 ], [ -2.447143481179292, 41.388067253186016 ], [ -2.447191201632127, 41.388069819976657 ], [ -2.44713737366666, 41.388637389470865 ] ] ] } },
{ "type": "Feature", "properties": { "corridor_id": "soria_torralba", "segment_index": 39, "segment_id": "soria_torralba_km38_39", "start_m": 38000.0, "end_m": 39000.0, "start_km": 38.0, "end_km": 39.0, "length_m": 1000.0 }, "geometry": { "type": "Polygon", "coordinates": [ [ [ -2.449377543403248, 41.397041321364085 ], [ -2.449596464821451, 41.397270198210201 ], [ -2.44981681623162, 41.397466154588301 ], [ -2.450062705297233, 41.3976661576176 ], [ -2.451633501246368, 41.398867101363884 ], [ -2.453303502235133, 41.400160789187744 ], [ -2.453528800180944, 41.400355091065663 ], [ -2.45374692415731, 41.400557146922502 ], [ -2.453955472452424, 41.40078897868522 ], [ -2.454121206453362, 41.400983221673258 ], [ -2.454272812613854, 41.40119350103226 ], [ -2.45440405347032, 41.401399449659991 ], [ -2.454525324185934, 41.40161978645763 ], [ -2.454614177569524, 41.401819781714586 ], [ -2.454683735898612, 41.401989210803578 ], [ -2.454748786395959, 41.402181250110559 ], [ -2.454821456462855, 41.402431680485961 ], [ -2.454859269898269, 41.402627988163808 ], [ -2.454883444614674, 41.402827704824574 ], [ -2.45491478309941, 41.40314048779117 ], [ -2.454970700406615, 41.404012352667202 ], [ -2.454991565136334, 41.404354697367637 ], [ -2.45494376144376, 41.404356348911492 ], [ -2.454922899592817, 41.404014047327841 ], [ -2.454867016899831, 41.403142712203845 ], [ -2.454835755384285, 41.402830695170472 ], [ -2.454811730100244, 41.402632211831282 ], [ -2.45477434353487, 41.402438119509192 ], [ -2.454702213601126, 41.402189549884703 ], [ -2.45463766409798, 41.401998989191796 ], [ -2.454568622426666, 41.401830818280871 ], [ -2.454480475809766, 41.401632413537996 ], [ -2.454360346524791, 41.401414150335803 ], [ -2.45423018738082, 41.401209898963721 ], [ -2.454079993540865, 41.40100157832299 ], [ -2.453915527541522, 41.400808821311301 ], [ -2.453708475836367, 41.400578653074227 ], [ -2.453492199812551, 41.400378308931373 ], [ -2.453268297758281, 41.400185210809489 ], [ -2.451599298747028, 41.398892298633506 ], [ -2.450028094696169, 41.397691042379726 ], [ -2.449780983761825, 41.397490045408844 ], [ -2.449558735172141, 41.397292401786665 ], [ -2.449337856590641, 41.397061478632438 ], [ -2.449188791518193, 41.396883501167402 ], [ -2.449229263534271, 41.396864281527613 ], [ -2.449377543403248, 41.397041321364085 ] ] ] } },
{ "type": "Feature", "properties": { "corridor_id": "soria_torralba", "segment_index": 40, "segment_id": "soria_torralba_km39_40", "start_m": 39000.0, "end_m": 40000.0, "start_km": 39.0, "end_km": 40.0, "length_m": 1000.0 }, "geometry": { "type": "Polygon", "coordinates": [ [ [ -2.455035200849232, 41.405070653564458 ], [ -2.455174200307041, 41.40724233265427 ], [ -2.455342196368213, 41.40986545613822 ], [ -2.455395845464936, 41.410577577001966 ], [ -2.455515027269445, 41.411299359592604 ], [ -2.455717845418734, 41.412407763582451 ], [ -2.455975897880383, 41.413218370958212 ], [ -2.456007967755343, 41.413308562212272 ], [ -2.455961734859619, 41.413317878512736 ], [ -2.455929502116512, 41.413227229037076 ], [ -2.455670754578906, 41.41241443641271 ], [ -2.455467572728903, 41.411304040402499 ], [ -2.455348154533931, 41.410580822993076 ], [ -2.455294403631148, 41.409867343856796 ], [ -2.455126399707103, 41.40724406757068 ], [ -2.454987399150199, 41.405072346430579 ], [ -2.45494376144376, 41.404356348911492 ], [ -2.454991565136334, 41.404354697367637 ], [ -2.455035200849232, 41.405070653564458 ] ] ] } },
{ "type": "Feature", "properties": { "corridor_id": "soria_torralba", "segment_index": 41, "segment_id": "soria_torralba_km40_41", "start_m": 40000.0, "end_m": 41000.0, "start_km": 40.0, "end_km": 41.0, "length_m": 1000.0 }, "geometry": { "type": "Polygon", "coordinates": [ [ [ -2.456911517286511, 41.415849541673033 ], [ -2.457847085599475, 41.418480849927882 ], [ -2.459151511650296, 41.421999215392056 ], [ -2.459105406445553, 41.422008900276445 ], [ -2.457800914397207, 41.418490350067444 ], [ -2.456865282561438, 41.415858857903864 ], [ -2.455961734859619, 41.413317878512736 ], [ -2.456007967755343, 41.413308562212272 ], [ -2.456911517286511, 41.415849541673033 ] ] ] } },
{ "type": "Feature", "properties": { "corridor_id": "soria_torralba", "segment_index": 42, "segment_id": "soria_torralba_km41_42", "start_m": 41000.0, "end_m": 42000.0, "start_km": 41.0, "end_km": 42.0, "length_m": 1000.0 }, "geometry": { "type": "Polygon", "coordinates": [ [ [ -2.459390544838342, 41.422643905709123 ], [ -2.459988505172159, 41.424455174917618 ], [ -2.460985001824075, 41.426280768397547 ], [ -2.462620040571066, 41.429396949641962 ], [ -2.463218207055503, 41.430450033379628 ], [ -2.463174187503633, 41.430464195897812 ], [ -2.462575759424316, 41.429410650353738 ], [ -2.460940598171376, 41.426294231598142 ], [ -2.459942894823947, 41.424466425077803 ], [ -2.459344255158443, 41.422653094286197 ], [ -2.459105406445553, 41.422008900276445 ], [ -2.459151511650296, 41.421999215392056 ], [ -2.459390544838342, 41.422643905709123 ] ] ] } },
{ "type": "Feature", "properties": { "corridor_id": "soria_torralba", "segment_index": 43, "segment_id": "soria_torralba_km42_43", "start_m": 42000.0, "end_m": 43000.0, "start_km": 42.0, "end_km": 43.0, "length_m": 1000.0 }, "geometry": { "type": "Polygon", "coordinates": [ [ [ -2.463445449218867, 41.430850087942545 ], [ -2.464325622667742, 41.432436119323597 ], [ -2.465041576147755, 41.433753748852766 ], [ -2.46504899846783, 41.433765990854397 ], [ -2.465819348086521, 41.434984535983453 ], [ -2.465962950577386, 41.435184122397899 ], [ -2.466390926954037, 41.43577891134818 ], [ -2.467255579034599, 41.436875523297523 ], [ -2.467477863260319, 41.437167302470534 ], [ -2.467726130820202, 41.437480261451334 ], [ -2.467961485277871, 41.437785431938075 ], [ -2.468495923769444, 41.438473181188847 ], [ -2.468519759334371, 41.438504543207252 ], [ -2.468478197310228, 41.438522430223699 ], [ -2.468454476224843, 41.438491218807371 ], [ -2.467920114716396, 41.437803568058158 ], [ -2.467684869174036, 41.437498538544915 ], [ -2.467436536733936, 41.437185497525718 ], [ -2.467214220959665, 41.436893676698688 ], [ -2.466349273040307, 41.435796688648026 ], [ -2.465920849581264, 41.435201277826366 ], [ -2.465776651908159, 41.435000864012544 ], [ -2.465005601527138, 41.433781209141479 ], [ -2.464997623847459, 41.433768051142998 ], [ -2.464281377327624, 41.432449880672131 ], [ -2.463401350776423, 41.430864112053165 ], [ -2.463174187503633, 41.430464195897812 ], [ -2.463218207055503, 41.430450033379628 ], [ -2.463445449218867, 41.430850087942545 ] ] ] } },
{ "type": "Feature", "properties": { "corridor_id": "soria_torralba", "segment_index": 44, "segment_id": "soria_torralba_km43_44", "start_m": 43000.0, "end_m": 44000.0, "start_km": 43.0, "end_km": 44.0, "length_m": 1000.0 }, "geometry": { "type": "Polygon", "coordinates": [ [ [ -2.469034312507693, 41.43918156607527 ], [ -2.469653142643555, 41.439974376245345 ], [ -2.470205615152016, 41.4406827689252 ], [ -2.470564710910217, 41.441155226282227 ], [ -2.471234376967809, 41.442082478874717 ], [ -2.47143651060235, 41.442344762893093 ], [ -2.472552178678638, 41.443792520869302 ], [ -2.474177766088446, 41.445875603885135 ], [ -2.474508650647603, 41.446302813933897 ], [ -2.474467278502733, 41.446320954914775 ], [ -2.474136433905807, 41.445893796111108 ], [ -2.472510821315622, 41.443810679126948 ], [ -2.471395089185056, 41.44236283683469 ], [ -2.471192623026565, 41.442100121121449 ], [ -2.470522889084177, 41.44117277371393 ], [ -2.470164184842268, 41.44070083107102 ], [ -2.469611855053109, 41.439992620807416 ], [ -2.46899288748659, 41.439199633920957 ], [ -2.468478197310228, 41.438522430223699 ], [ -2.468519759334371, 41.438504543207252 ], [ -2.469034312507693, 41.43918156607527 ] ] ] } },
{ "type": "Feature", "properties": { "corridor_id": "soria_torralba", "segment_index": 45, "segment_id": "soria_torralba_km44_45", "start_m": 44000.0, "end_m": 45000.0, "start_km": 44.0, "end_km": 45.0, "length_m": 1000.0 }, "geometry": { "type": "Polygon", "coordinates": [ [ [ -2.476080086500998, 41.448331629230807 ], [ -2.477154485949147, 41.449718669756315 ], [ -2.478252984229296, 41.451033968527156 ], [ -2.479423168536457, 41.452303066572561 ], [ -2.480412868028867, 41.453169690262492 ], [ -2.480868437854999, 41.453549098481091 ], [ -2.48113515886305, 41.453769524898433 ], [ -2.48109974480597, 41.453793778990459 ], [ -2.480832962138413, 41.453573301516116 ], [ -2.480376931964567, 41.453193509734625 ], [ -2.479385231457128, 41.45232513342426 ], [ -2.478213015764628, 41.451053831469324 ], [ -2.477113514045008, 41.449737330240012 ], [ -2.476038713443826, 41.448349770701618 ], [ -2.474467278502733, 41.446320954914775 ], [ -2.474508650647603, 41.446302813933897 ], [ -2.476080086500998, 41.448331629230807 ] ] ] } },
{ "type": "Feature", "properties": { "corridor_id": "soria_torralba", "segment_index": 46, "segment_id": "soria_torralba_km45_46", "start_m": 45000.0, "end_m": 46000.0, "start_km": 45.0, "end_km": 46.0, "length_m": 1000.0 }, "geometry": { "type": "Polygon", "coordinates": [ [ [ -2.481287839067775, 41.453895703551382 ], [ -2.482829528577569, 41.455002165191978 ], [ -2.483724026622623, 41.455644102503484 ], [ -2.486984304967712, 41.457407362983311 ], [ -2.489445332079279, 41.458579390030529 ], [ -2.490664457162164, 41.4591629291738 ], [ -2.490638746462176, 41.459193326948196 ], [ -2.489419667914703, 41.45860980996796 ], [ -2.486957495026118, 41.457437237015071 ], [ -2.483693373370826, 41.455671897494391 ], [ -2.4827964715787, 41.455028234922459 ], [ -2.481253560925595, 41.453920896445986 ], [ -2.48109974480597, 41.453793778990459 ], [ -2.48113515886305, 41.453769524898433 ], [ -2.481287839067775, 41.453895703551382 ] ] ] } },
{ "type": "Feature", "properties": { "corridor_id": "soria_torralba", "segment_index": 47, "segment_id": "soria_torralba_km46_47", "start_m": 46000.0, "end_m": 47000.0, "start_km": 46.0, "end_km": 47.0, "length_m": 1000.0 }, "geometry": { "type": "Polygon", "coordinates": [ [ [ -2.492182055139497, 41.459889300943175 ], [ -2.495201874240132, 41.461334709946634 ], [ -2.497169327117765, 41.462280183320139 ], [ -2.497581536400507, 41.462484135280448 ], [ -2.497962435382693, 41.462688417394645 ], [ -2.498341290070356, 41.462916051068838 ], [ -2.498671426580421, 41.463139219298178 ], [ -2.49911620547787, 41.463484768977239 ], [ -2.500324909367228, 41.464423840051289 ], [ -2.500290497415938, 41.464448901712892 ], [ -2.499081794344172, 41.463509830887013 ], [ -2.498638173412947, 41.463165180699349 ], [ -2.498310309923092, 41.462943548928983 ], [ -2.497933564610914, 41.462717182603463 ], [ -2.497554463593294, 41.462513864717863 ], [ -2.497143272876163, 41.462310416678299 ], [ -2.49517612575384, 41.461365090051835 ], [ -2.492156344399078, 41.459919698837368 ], [ -2.490638746462176, 41.459193326948196 ], [ -2.490664457162164, 41.4591629291738 ], [ -2.492182055139497, 41.459889300943175 ] ] ] } },
{ "type": "Feature", "properties": { "corridor_id": "soria_torralba", "segment_index": 48, "segment_id": "soria_torralba_km47_48", "start_m": 47000.0, "end_m": 48000.0, "start_km": 47.0, "end_km": 48.0, "length_m": 1000.0 }, "geometry": { "type": "Polygon", "coordinates": [ [ [ -2.501233305986685, 41.465129569033607 ], [ -2.505572566832879, 41.468500670113173 ], [ -2.507320233874907, 41.470302669807175 ], [ -2.508171879478835, 41.471203037163292 ], [ -2.50813284637159, 41.471223923303931 ], [ -2.507281366118818, 41.470323730189477 ], [ -2.505535833160566, 41.468523929883858 ], [ -2.501198893592675, 41.465154630642118 ], [ -2.500290497415938, 41.464448901712892 ], [ -2.500324909367228, 41.464423840051289 ], [ -2.501233305986685, 41.465129569033607 ] ] ] } },
{ "type": "Feature", "properties": { "corridor_id": "soria_torralba", "segment_index": 49, "segment_id": "soria_torralba_km48_49", "start_m": 48000.0, "end_m": 49000.0, "start_km": 48.0, "end_km": 49.0, "length_m": 1000.0 }, "geometry": { "type": "Polygon", "coordinates": [ [ [ -2.50911611670147, 41.472201256770418 ], [ -2.510911926527665, 41.4740997665549 ], [ -2.515107066678933, 41.478546553180287 ], [ -2.515067994180396, 41.478567402299134 ], [ -2.510872873466087, 41.474120633441736 ], [ -2.509077083007301, 41.472222142924963 ], [ -2.50813284637159, 41.471223923303931 ], [ -2.508171879478835, 41.471203037163292 ], [ -2.50911611670147, 41.472201256770418 ] ] ] } },
{ "type": "Feature", "properties": { "corridor_id": "soria_torralba", "segment_index": 50, "segment_id": "soria_torralba_km49_50", "start_m": 49000.0, "end_m": 50000.0, "start_km": 49.0, "end_km": 50.0, "length_m": 1000.0 }, "geometry": { "type": "Polygon", "coordinates": [ [ [ -2.516031536395262, 41.479526375284429 ], [ -2.518300498263717, 41.481931334102136 ], [ -2.52115063803588, 41.484915974807166 ], [ -2.522053627783504, 41.485884419497964 ], [ -2.52201439598205, 41.485905103493423 ], [ -2.521111561957871, 41.484936825189472 ], [ -2.518261501730024, 41.481952265894506 ], [ -2.515992463188113, 41.479547224277241 ], [ -2.515067994180396, 41.478567402299134 ], [ -2.515107066678933, 41.478546553180287 ], [ -2.516031536395262, 41.479526375284429 ] ] ] } },
{ "type": "Feature", "properties": { "corridor_id": "soria_torralba", "segment_index": 51, "segment_id": "soria_torralba_km50_51", "start_m": 50000.0, "end_m": 51000.0, "start_km": 50.0, "end_km": 51.0, "length_m": 1000.0 }, "geometry": { "type": "Polygon", "coordinates": [ [ [ -2.522632558732199, 41.486505296492773 ], [ -2.523454486554119, 41.487371320167476 ], [ -2.52380727219671, 41.487741404989471 ], [ -2.524459289043222, 41.488425422447285 ], [ -2.525264823810723, 41.489274658831917 ], [ -2.525905218917831, 41.489953559440139 ], [ -2.52642197364068, 41.490514427186291 ], [ -2.526991764403869, 41.491148427962784 ], [ -2.527283064635217, 41.491473892926955 ], [ -2.527570903010272, 41.491765123417359 ], [ -2.527754945398928, 41.491934526026164 ], [ -2.527973078897895, 41.492114493595665 ], [ -2.528183582735458, 41.492274512328223 ], [ -2.528447747542544, 41.492450622170423 ], [ -2.528660323913578, 41.492578665812076 ], [ -2.528958108027833, 41.492740758384123 ], [ -2.529214642167438, 41.492861808242019 ], [ -2.529377409955058, 41.492930546436391 ], [ -2.529353943057631, 41.492961959637697 ], [ -2.529190157826705, 41.492892791756638 ], [ -2.528931291965988, 41.492770641614221 ], [ -2.528631276080008, 41.492607334186005 ], [ -2.528416852450903, 41.492478177827451 ], [ -2.528150617257904, 41.492300687669342 ], [ -2.527938321095476, 41.492139306401633 ], [ -2.527718654594508, 41.49195807397092 ], [ -2.527533096983298, 41.491787276579487 ], [ -2.527243935358536, 41.491494707069656 ], [ -2.526952035589995, 41.491168572033729 ], [ -2.526382426353151, 41.490534772810271 ], [ -2.525865981075945, 41.489974240556464 ], [ -2.525225776183023, 41.489295541164715 ], [ -2.524420310950513, 41.488446377549351 ], [ -2.523768327594888, 41.487762394795155 ], [ -2.523415513439614, 41.487392279829166 ], [ -2.522593441261559, 41.486526103503842 ], [ -2.52201439598205, 41.485905103493423 ], [ -2.522053627783504, 41.485884419497964 ], [ -2.522632558732199, 41.486505296492773 ] ] ] } },
{ "type": "Feature", "properties": { "corridor_id": "soria_torralba", "segment_index": 52, "segment_id": "soria_torralba_km51_52", "start_m": 51000.0, "end_m": 52000.0, "start_km": 51.0, "end_km": 52.0, "length_m": 1000.0 }, "geometry": { "type": "Polygon", "coordinates": [ [ [ -2.529473744975816, 41.492971229342395 ], [ -2.529781165192863, 41.493089973631683 ], [ -2.530095145026407, 41.493190084581954 ], [ -2.530617669971246, 41.493339748507495 ], [ -2.531134873467437, 41.493485521302318 ], [ -2.533066978026179, 41.494024638846668 ], [ -2.533843400205037, 41.49422612938136 ], [ -2.53466055710088, 41.494361042529277 ], [ -2.535902988210593, 41.494485345585744 ], [ -2.537387782131586, 41.494636544964692 ], [ -2.538900948171651, 41.494787341577684 ], [ -2.5409482931173, 41.49499190986932 ], [ -2.540941980584416, 41.495027625105166 ], [ -2.538894647502061, 41.494823057991212 ], [ -2.537381417866623, 41.494672255035169 ], [ -2.535896611787613, 41.494521054414093 ], [ -2.534652242896804, 41.49439655747053 ], [ -2.533830399791451, 41.494260870618199 ], [ -2.533050821969571, 41.494058561152706 ], [ -2.531118126528182, 41.493519278697001 ], [ -2.530600730024328, 41.49337345149182 ], [ -2.53007725496896, 41.493223515417284 ], [ -2.529760834802003, 41.493122626367338 ], [ -2.529451055018621, 41.493002970656427 ], [ -2.52935394305763, 41.492961959637697 ], [ -2.529377409955059, 41.492930546436391 ], [ -2.529473744975816, 41.492971229342395 ] ] ] } },
{ "type": "Feature", "properties": { "corridor_id": "soria_torralba", "segment_index": 53, "segment_id": "soria_torralba_km52_53", "start_m": 52000.0, "end_m": 53000.0, "start_km": 52.0, "end_km": 53.0, "length_m": 1000.0 }, "geometry": { "type": "Polygon", "coordinates": [ [ [ -2.542809468805086, 41.49517784363163 ], [ -2.546638080805121, 41.495563444834296 ], [ -2.552822858798621, 41.4961864862398 ], [ -2.552816496341556, 41.496222196505578 ], [ -2.546631718118458, 41.495599155057313 ], [ -2.542803131193131, 41.495213556368213 ], [ -2.540941980584416, 41.495027625105166 ], [ -2.5409482931173, 41.49499190986932 ], [ -2.542809468805086, 41.49517784363163 ] ] ] } },
{ "type": "Feature", "properties": { "corridor_id": "soria_torralba", "segment_index": 54, "segment_id": "soria_torralba_km53_54", "start_m": 53000.0, "end_m": 54000.0, "start_km": 53.0, "end_km": 54.0, "length_m": 1000.0 }, "geometry": { "type": "Polygon", "coordinates": [ [ [ -2.559340147377626, 41.496842651514854 ], [ -2.563670113835998, 41.497297347988933 ], [ -2.564694422645363, 41.497398263176223 ], [ -2.564688196217054, 41.497433987028984 ], [ -2.563663686162195, 41.497333052010902 ], [ -2.559333652620548, 41.496878348484984 ], [ -2.552816496341556, 41.496222196505578 ], [ -2.552822858798621, 41.4961864862398 ], [ -2.559340147377626, 41.496842651514854 ] ] ] } },
{ "type": "Feature", "properties": { "corridor_id": "soria_torralba", "segment_index": 55, "segment_id": "soria_torralba_km54_55", "start_m": 54000.0, "end_m": 55000.0, "start_km": 54.0, "end_km": 55.0, "length_m": 1000.0 }, "geometry": { "type": "Polygon", "coordinates": [ [ [ -2.566985499199724, 41.497623946539306 ], [ -2.567988078787597, 41.497728286040896 ], [ -2.568513865398235, 41.497792995155308 ], [ -2.568959139995849, 41.497865231712503 ], [ -2.569667027093286, 41.498053024140191 ], [ -2.570398395755198, 41.49833685979921 ], [ -2.570884925897639, 41.498581530422513 ], [ -2.571347515270461, 41.498857158225036 ], [ -2.574616976111313, 41.50108992142416 ], [ -2.575042330495343, 41.501307883133272 ], [ -2.575015337571188, 41.501337654273307 ], [ -2.574587223882185, 41.501118278573863 ], [ -2.571316484722974, 41.498884641772804 ], [ -2.570856674096015, 41.498610669575676 ], [ -2.570374004238951, 41.498367940199437 ], [ -2.569647972901826, 41.49808617585893 ], [ -2.568946060000622, 41.49789996828703 ], [ -2.568504934599293, 41.497828404844441 ], [ -2.567980921210401, 41.497763913958899 ], [ -2.566979100798477, 41.497659653460516 ], [ -2.564688196217054, 41.497433987028984 ], [ -2.564694422645363, 41.497398263176223 ], [ -2.566985499199724, 41.497623946539306 ] ] ] } },
{ "type": "Feature", "properties": { "corridor_id": "soria_torralba", "segment_index": 56, "segment_id": "soria_torralba_km55_56", "start_m": 55000.0, "end_m": 56000.0, "start_km": 55.0, "end_km": 56.0, "length_m": 1000.0 }, "geometry": { "type": "Polygon", "coordinates": [ [ [ -2.576556607539175, 41.502083810107713 ], [ -2.581641903725523, 41.504265594339607 ], [ -2.582303958255336, 41.504671405282309 ], [ -2.583385876590932, 41.505571598841456 ], [ -2.584146927756412, 41.506830208711492 ], [ -2.584103294043143, 41.506845117804538 ], [ -2.583345323402845, 41.505591601154919 ], [ -2.58227084173799, 41.504697594715253 ], [ -2.581614696268224, 41.504295405658702 ], [ -2.576531192454828, 41.502114389890806 ], [ -2.575015337571188, 41.501337654273307 ], [ -2.575042330495343, 41.501307883133272 ], [ -2.576556607539175, 41.502083810107713 ] ] ] } },
{ "type": "Feature", "properties": { "corridor_id": "soria_torralba", "segment_index": 57, "segment_id": "soria_torralba_km56_57", "start_m": 56000.0, "end_m": 57000.0, "start_km": 56.0, "end_km": 57.0, "length_m": 1000.0 }, "geometry": { "type": "Polygon", "coordinates": [ [ [ -2.585226414696505, 41.508615348705035 ], [ -2.58637416780633, 41.510028750669058 ], [ -2.587597227640588, 41.51103998876259 ], [ -2.589559959372011, 41.512070789456274 ], [ -2.590758860808301, 41.512420298663756 ], [ -2.591965303572195, 41.512707618311978 ], [ -2.592334879971555, 41.51279468321512 ], [ -2.592320544017258, 41.512829063367654 ], [ -2.591950896423963, 41.512741981687498 ], [ -2.590742939187503, 41.512454301335616 ], [ -2.589537240622369, 41.51210281054253 ], [ -2.587565372352735, 41.511067211235122 ], [ -2.586335632187247, 41.510050449327665 ], [ -2.585183985297998, 41.50863225129104 ], [ -2.584103294043143, 41.506845117804538 ], [ -2.584146927756412, 41.506830208711492 ], [ -2.585226414696505, 41.508615348705035 ] ] ] } },
{ "type": "Feature", "properties": { "corridor_id": "soria_torralba", "segment_index": 58, "segment_id": "soria_torralba_km57_58", "start_m": 57000.0, "end_m": 58000.0, "start_km": 57.0, "end_km": 58.0, "length_m": 1000.0 }, "geometry": { "type": "Polygon", "coordinates": [ [ [ -2.597295959167322, 41.513963278078101 ], [ -2.599824245891916, 41.514310478003985 ], [ -2.601376333561205, 41.514376896161082 ], [ -2.603011587930628, 41.514402754336693 ], [ -2.604011310191439, 41.514278862186622 ], [ -2.604019108750403, 41.514314411427961 ], [ -2.603015012070285, 41.514438845663236 ], [ -2.601374466438239, 41.514412903838853 ], [ -2.599818554106477, 41.514346321995873 ], [ -2.597284440829537, 41.513998321921555 ], [ -2.592320544017258, 41.512829063367654 ], [ -2.592334879971555, 41.51279468321512 ], [ -2.597295959167322, 41.513963278078101 ] ] ] } },
{ "type": "Feature", "properties": { "corridor_id": "soria_torralba", "segment_index": 59, "segment_id": "soria_torralba_km58_59", "start_m": 58000.0, "end_m": 59000.0, "start_km": 58.0, "end_km": 59.0, "length_m": 1000.0 }, "geometry": { "type": "Polygon", "coordinates": [ [ [ -2.609275630312696, 41.513626321706866 ], [ -2.609641683468293, 41.513581678636008 ], [ -2.610038607971016, 41.513541575123661 ], [ -2.610356779106182, 41.51352369808351 ], [ -2.610688597822495, 41.513518979329831 ], [ -2.611088034261057, 41.513529617586045 ], [ -2.611342652907962, 41.513549010403352 ], [ -2.611571104770345, 41.513572788660248 ], [ -2.611809514549349, 41.513602502046695 ], [ -2.61205322571967, 41.51364241678786 ], [ -2.612404155143628, 41.513717200087363 ], [ -2.612658393410793, 41.513782615772485 ], [ -2.61289661952815, 41.513848015108074 ], [ -2.613113249177086, 41.51391576841494 ], [ -2.613356044133592, 41.514004431746109 ], [ -2.613576709176608, 41.51409217571053 ], [ -2.613811045984471, 41.514196303102274 ], [ -2.614013119415046, 41.514291106697151 ], [ -2.614280502682976, 41.514440568100667 ], [ -2.61449317755639, 41.514570100937014 ], [ -2.614701617616414, 41.514711266669288 ], [ -2.615095829497332, 41.514982712519092 ], [ -2.615311597055689, 41.515136040818078 ], [ -2.615278664331472, 41.515162221319578 ], [ -2.615063170496036, 41.515009087478546 ], [ -2.614669382376967, 41.514737933328398 ], [ -2.614462022437037, 41.514597499060791 ], [ -2.614251097310575, 41.514469031897384 ], [ -2.613986080578742, 41.514320893301189 ], [ -2.613786154009614, 41.514227096896299 ], [ -2.613553290817703, 41.514123624288203 ], [ -2.613334355861023, 41.514036568252799 ], [ -2.613093550817907, 41.513948631584135 ], [ -2.612879180467317, 41.513881584891195 ], [ -2.612642406584998, 41.513816584226888 ], [ -2.612389844852551, 41.513751599912098 ], [ -2.612041574277161, 41.513677383211778 ], [ -2.611800485448156, 41.513637897953046 ], [ -2.611563895227642, 41.51360841133959 ], [ -2.61133694709043, 41.513584789596493 ], [ -2.611084765737999, 41.513565582413868 ], [ -2.610688202177357, 41.513555020670125 ], [ -2.610359020894401, 41.513559701916421 ], [ -2.610043592030322, 41.513577424876217 ], [ -2.6096487165336, 41.513617321363853 ], [ -2.609283369689386, 41.513661878292929 ], [ -2.604019108750403, 41.514314411427961 ], [ -2.604011310191439, 41.514278862186622 ], [ -2.609275630312696, 41.513626321706866 ] ] ] } },
{ "type": "Feature", "properties": { "corridor_id": "soria_torralba", "segment_index": 60, "segment_id": "soria_torralba_km59_60", "start_m": 59000.0, "end_m": 60000.0, "start_km": 59.0, "end_km": 60.0, "length_m": 1000.0 }, "geometry": { "type": "Polygon", "coordinates": [ [ [ -2.615446392997105, 41.515231828660305 ], [ -2.615839995736336, 41.515513244579942 ], [ -2.616044359740984, 41.515645702710302 ], [ -2.616301521088622, 41.515798305024227 ], [ -2.616534005276582, 41.515923703159437 ], [ -2.616861308223253, 41.516075800406391 ], [ -2.617210396182191, 41.516217527120062 ], [ -2.61749609251369, 41.516313389681521 ], [ -2.617786042214397, 41.516399466936484 ], [ -2.617984718916104, 41.516454411593898 ], [ -2.618227418199414, 41.516509661018787 ], [ -2.618508279866302, 41.516565056224209 ], [ -2.618812222884774, 41.516612444653624 ], [ -2.619111016582885, 41.516644326607754 ], [ -2.619353020141161, 41.51666465969074 ], [ -2.619663465790972, 41.51668199523089 ], [ -2.619950344638272, 41.516685178352425 ], [ -2.620269090194131, 41.516672532089366 ], [ -2.620545599332579, 41.516652020428175 ], [ -2.620858345727726, 41.516615876861827 ], [ -2.623971662720342, 41.51611067145673 ], [ -2.624351746040091, 41.51605208153731 ], [ -2.62460936941325, 41.516020242702879 ], [ -2.624924304825657, 41.515994742672419 ], [ -2.6252685822688, 41.515979376729618 ], [ -2.625616215628149, 41.5159835941189 ], [ -2.626003487383211, 41.516001156325046 ], [ -2.626293025790324, 41.516029778748404 ], [ -2.626574008305463, 41.51606482624485 ], [ -2.626595106522092, 41.516068552065917 ], [ -2.626584141969591, 41.516103626219021 ], [ -2.62656459169194, 41.5161001737549 ], [ -2.626285974207708, 41.516065421251419 ], [ -2.625998912615491, 41.516037043674849 ], [ -2.625614384371306, 41.516019605881034 ], [ -2.62526961773145, 41.516015423270332 ], [ -2.62492829517541, 41.51603065732747 ], [ -2.62461583058849, 41.516055957296977 ], [ -2.624360453962249, 41.516087518462491 ], [ -2.623981537282304, 41.516145928543033 ], [ -2.620867054274615, 41.516651323137957 ], [ -2.620551600669036, 41.516687779571676 ], [ -2.620272709806832, 41.516708467910554 ], [ -2.619951255361942, 41.516721221647508 ], [ -2.6196613342084, 41.516718004769047 ], [ -2.619348579857575, 41.516700540309181 ], [ -2.619104983415419, 41.516680073392081 ], [ -2.618803977112937, 41.516647955346166 ], [ -2.618497320130702, 41.516600143775456 ], [ -2.618214381797074, 41.516544338980779 ], [ -2.617969481079859, 41.516488588405544 ], [ -2.617768957781148, 41.516433133062812 ], [ -2.617477507481531, 41.516346610317669 ], [ -2.617189203812512, 41.516249872878888 ], [ -2.616837291770961, 41.516106999592282 ], [ -2.61650739471726, 41.515953696838942 ], [ -2.616272678904978, 41.515827094973893 ], [ -2.61601384025248, 41.515673497287622 ], [ -2.615807804257043, 41.515539955417765 ], [ -2.615413406996259, 41.51525797133727 ], [ -2.615278664331471, 41.515162221319578 ], [ -2.615311597055691, 41.515136040818078 ], [ -2.615446392997105, 41.515231828660305 ] ] ] } },
{ "type": "Feature", "properties": { "corridor_id": "soria_torralba", "segment_index": 61, "segment_id": "soria_torralba_km60_61", "start_m": 60000.0, "end_m": 61000.0, "start_km": 60.0, "end_km": 61.0, "length_m": 1000.0 }, "geometry": { "type": "Polygon", "coordinates": [ [ [ -2.62691285200965, 41.516124663532281 ], [ -2.627263491410803, 41.516200330991147 ], [ -2.62758294990888, 41.516284816710325 ], [ -2.627848410838041, 41.516371194458934 ], [ -2.628163845677, 41.516483928556731 ], [ -2.628419369105965, 41.516587584279854 ], [ -2.628700028944698, 41.516717019163472 ], [ -2.628985530347698, 41.516866495795803 ], [ -2.629248963319217, 41.517020901228811 ], [ -2.629526020738178, 41.517202695035117 ], [ -2.629782518979781, 41.517393184878927 ], [ -2.630045532836284, 41.517621966724668 ], [ -2.630264950398447, 41.517833558635495 ], [ -2.630468958365237, 41.518050517825237 ], [ -2.63063501712035, 41.518256257812126 ], [ -2.630796823690043, 41.518482505853143 ], [ -2.630987572610235, 41.518788285635544 ], [ -2.633274960936341, 41.523026181075075 ], [ -2.633230535099429, 41.523039724670063 ], [ -2.630943627384908, 41.518802714360227 ], [ -2.630753976304641, 41.518498694142835 ], [ -2.630593382873937, 41.518274142184062 ], [ -2.630428841628677, 41.51807028217123 ], [ -2.630226449595199, 41.517855041361216 ], [ -2.630008467157201, 41.517644833272286 ], [ -2.629747481013581, 41.517417815118343 ], [ -2.629493379255183, 41.517229104962496 ], [ -2.629218436674245, 41.517048698769095 ], [ -2.628957069645937, 41.51689550420236 ], [ -2.628673771049191, 41.516747180834969 ], [ -2.628395430888261, 41.516618815718807 ], [ -2.628142154317611, 41.516516071442169 ], [ -2.627828589156929, 41.516404005540139 ], [ -2.627565450086573, 41.516318383288954 ], [ -2.627248908585315, 41.516234669008327 ], [ -2.62690074798707, 41.516159536467335 ], [ -2.626584141969589, 41.516103626219021 ], [ -2.626595106522096, 41.516068552065917 ], [ -2.62691285200965, 41.516124663532281 ] ] ] } },
{ "type": "Feature", "properties": { "corridor_id": "soria_torralba", "segment_index": 62, "segment_id": "soria_torralba_km61_62", "start_m": 61000.0, "end_m": 62000.0, "start_km": 61.0, "end_km": 62.0, "length_m": 1000.0 }, "geometry": { "type": "Polygon", "coordinates": [ [ [ -2.633461205540276, 41.523371214317244 ], [ -2.63607049546798, 41.528181792713511 ], [ -2.636389021904423, 41.528767524844469 ], [ -2.63666274933514, 41.529315279576537 ], [ -2.636865489747237, 41.529754299840135 ], [ -2.637004801792796, 41.53009501815098 ], [ -2.637143900057083, 41.530467148213852 ], [ -2.637345219023221, 41.53109352880206 ], [ -2.637402836805676, 41.531311474029167 ], [ -2.637440255155771, 41.53146041558248 ], [ -2.637393139111417, 41.531467099056535 ], [ -2.637355763191875, 41.531318325965984 ], [ -2.637298380974018, 41.531101271193172 ], [ -2.637097499939697, 41.530476251781444 ], [ -2.636958798203635, 41.53010518184437 ], [ -2.63681991024886, 41.5297655001553 ], [ -2.636617650660637, 41.529327520419024 ], [ -2.636344378091085, 41.528780675151168 ], [ -2.636026108481356, 41.528195414553132 ], [ -2.633416794455111, 41.523384785678445 ], [ -2.633230535099429, 41.523039724670063 ], [ -2.633274960936341, 41.523026181075075 ], [ -2.633461205540276, 41.523371214317244 ] ] ] } },
{ "type": "Feature", "properties": { "corridor_id": "soria_torralba", "segment_index": 63, "segment_id": "soria_torralba_km62_63", "start_m": 62000.0, "end_m": 63000.0, "start_km": 62.0, "end_km": 63.0, "length_m": 1000.0 }, "geometry": { "type": "Polygon", "coordinates": [ [ [ -2.63750001549686, 41.531698286694301 ], [ -2.637591261064959, 41.532121060449384 ], [ -2.637668642453202, 41.532643608764147 ], [ -2.637718301026109, 41.533017248443322 ], [ -2.637761656158526, 41.53354401594914 ], [ -2.637776980205111, 41.533999125126577 ], [ -2.637766366402886, 41.534468643348674 ], [ -2.637735231862181, 41.535008045203703 ], [ -2.637681056922064, 41.535492316686145 ], [ -2.63758976121507, 41.5360702238561 ], [ -2.637520065013581, 41.536412697184673 ], [ -2.637240222216622, 41.537628084977811 ], [ -2.636598700103418, 41.540388083620797 ], [ -2.636551460260271, 41.540381885291595 ], [ -2.637192977785655, 41.537621915017361 ], [ -2.637472734988564, 41.536406902810448 ], [ -2.63754223878674, 41.536065376138971 ], [ -2.637633343079306, 41.535488683308927 ], [ -2.637687368138699, 41.535005754791321 ], [ -2.637718433597553, 41.534467556646312 ], [ -2.63772901979487, 41.533999274868421 ], [ -2.637713743840933, 41.533545584045854 ], [ -2.637670498972857, 41.533020151551717 ], [ -2.637620957545444, 41.532647391230917 ], [ -2.63754373893329, 41.532125939545708 ], [ -2.637452784500908, 41.531704513300852 ], [ -2.637393139111417, 41.531467099056535 ], [ -2.637440255155771, 41.53146041558248 ], [ -2.63750001549686, 41.531698286694301 ] ] ] } },
{ "type": "Feature", "properties": { "corridor_id": "soria_torralba", "segment_index": 64, "segment_id": "soria_torralba_km63_64", "start_m": 63000.0, "end_m": 64000.0, "start_km": 63.0, "end_km": 64.0, "length_m": 1000.0 }, "geometry": { "type": "Polygon", "coordinates": [ [ [ -2.636347968354694, 41.541466732113726 ], [ -2.636297050559008, 41.542190844764164 ], [ -2.636501235753338, 41.543528034770297 ], [ -2.637293550597003, 41.549208760066243 ], [ -2.637284115482707, 41.549335849714403 ], [ -2.637236228459251, 41.549333843486082 ], [ -2.637245449402706, 41.549209639928705 ], [ -2.636453564245254, 41.543531965224744 ], [ -2.636248949440617, 41.542191955230813 ], [ -2.636300231646837, 41.541462667881319 ], [ -2.636551460260271, 41.540381885291595 ], [ -2.636598700103418, 41.540388083620797 ], [ -2.636347968354694, 41.541466732113726 ] ] ] } },
{ "type": "Feature", "properties": { "corridor_id": "soria_torralba", "segment_index": 65, "segment_id": "soria_torralba_km64_65", "start_m": 64000.0, "end_m": 65000.0, "start_km": 64.0, "end_km": 65.0, "length_m": 1000.0 }, "geometry": { "type": "Polygon", "coordinates": [ [ [ -2.637242398545773, 41.549897764626721 ], [ -2.637267938532288, 41.550625496318922 ], [ -2.635421040214341, 41.558218562243169 ], [ -2.635373853432976, 41.558212086318306 ], [ -2.637219861468783, 41.550622703676034 ], [ -2.637194401454459, 41.549897235368263 ], [ -2.637236228459251, 41.549333843486082 ], [ -2.637284115482707, 41.549335849714403 ], [ -2.637242398545773, 41.549897764626721 ] ] ] } },
{ "type": "Feature", "properties": { "corridor_id": "soria_torralba", "segment_index": 66, "segment_id": "soria_torralba_km65_66", "start_m": 65000.0, "end_m": 66000.0, "start_km": 65.0, "end_km": 66.0, "length_m": 1000.0 }, "geometry": { "type": "Polygon", "coordinates": [ [ [ -2.635198540369937, 41.559133190902713 ], [ -2.635274960720705, 41.559934204739704 ], [ -2.635326015367609, 41.561309469390373 ], [ -2.635631656708711, 41.562395760786281 ], [ -2.63731764201103, 41.565281820275025 ], [ -2.637571112013081, 41.565960978984627 ], [ -2.637778887075733, 41.566527966330341 ], [ -2.637778887213465, 41.566868012697121 ], [ -2.637730912810222, 41.566868012697576 ], [ -2.637730912922502, 41.566532833664631 ], [ -2.637524887983514, 41.565970621010692 ], [ -2.637272357984753, 41.565293979720479 ], [ -2.635585743287397, 41.562406839209125 ], [ -2.635278184630856, 41.561313730604653 ], [ -2.635227039278671, 41.559935995255287 ], [ -2.635150259630836, 41.559131209092236 ], [ -2.635373853432976, 41.558212086318306 ], [ -2.635421040214341, 41.558218562243169 ], [ -2.635198540369937, 41.559133190902713 ] ] ] } },
{ "type": "Feature", "properties": { "corridor_id": "soria_torralba", "segment_index": 67, "segment_id": "soria_torralba_km66_67", "start_m": 66000.0, "end_m": 67000.0, "start_km": 66.0, "end_km": 67.0, "length_m": 1000.0 }, "geometry": { "type": "Polygon", "coordinates": [ [ [ -2.637778887437846, 41.567506827747032 ], [ -2.6375738761881, 41.56840801612136 ], [ -2.636296389670272, 41.5714853863714 ], [ -2.635990513759261, 41.572858438264994 ], [ -2.636178596648516, 41.575125511145941 ], [ -2.636272728881514, 41.575685939784421 ], [ -2.636225125095754, 41.575690448240927 ], [ -2.636130803350274, 41.5751288888491 ], [ -2.635942286241475, 41.572856561729971 ], [ -2.63624961033278, 41.571477013623834 ], [ -2.637527123814972, 41.568399583873898 ], [ -2.637730912563319, 41.567503772247989 ], [ -2.637730912810222, 41.566868012697576 ], [ -2.637778887213465, 41.566868012697121 ], [ -2.637778887437846, 41.567506827747032 ] ] ] } },
{ "type": "Feature", "properties": { "corridor_id": "soria_torralba", "segment_index": 68, "segment_id": "soria_torralba_km67_68", "start_m": 67000.0, "end_m": 68000.0, "start_km": 67.0, "end_km": 68.0, "length_m": 1000.0 }, "geometry": { "type": "Polygon", "coordinates": [ [ [ -2.637773949976343, 41.58462235833246 ], [ -2.637726339722867, 41.584626867377551 ], [ -2.636225125095754, 41.575690448240927 ], [ -2.636272728881514, 41.575685939784421 ], [ -2.637773949976343, 41.58462235833246 ] ] ] } },
{ "type": "Feature", "properties": { "corridor_id": "soria_torralba", "segment_index": 69, "segment_id": "soria_torralba_km68_69", "start_m": 68000.0, "end_m": 69000.0, "start_km": 68.0, "end_km": 69.0, "length_m": 1000.0 }, "geometry": { "type": "Polygon", "coordinates": [ [ [ -2.637880908168385, 41.585258962190814 ], [ -2.638851816090202, 41.59112559702541 ], [ -2.639241119934048, 41.593517615238277 ], [ -2.639248242332239, 41.593561375439343 ], [ -2.639200602441403, 41.593565745025614 ], [ -2.639193480069665, 41.593521984789263 ], [ -2.638804183908213, 41.591130002969649 ], [ -2.637833291830006, 41.585263437804244 ], [ -2.637726339722867, 41.584626867377551 ], [ -2.637773949976343, 41.58462235833246 ], [ -2.637880908168385, 41.585258962190814 ] ] ] } },
{ "type": "Feature", "properties": { "corridor_id": "soria_torralba", "segment_index": 70, "segment_id": "soria_torralba_km69_70", "start_m": 69000.0, "end_m": 70000.0, "start_km": 69.0, "end_km": 70.0, "length_m": 1000.0 }, "geometry": { "type": "Polygon", "coordinates": [ [ [ -2.639588742859366, 41.595653351256615 ], [ -2.639927769605753, 41.598037033136919 ], [ -2.639987833870758, 41.598480706630106 ], [ -2.640011007671176, 41.598805338791259 ], [ -2.640006388967267, 41.599063087879415 ], [ -2.639986296469793, 41.599302491040298 ], [ -2.63993838352848, 41.599565058504773 ], [ -2.639859613228073, 41.599866493295963 ], [ -2.639782259388029, 41.600090920124714 ], [ -2.63963949639938, 41.600423833244299 ], [ -2.639459925068249, 41.60073717937766 ], [ -2.639250497784967, 41.601043597317769 ], [ -2.639092662154531, 41.601250160137781 ], [ -2.638851702273973, 41.601516130115627 ], [ -2.638576705335346, 41.601772566586227 ], [ -2.638121239319707, 41.602165231006651 ], [ -2.638085037234939, 41.602141572975214 ], [ -2.638539894671233, 41.601749433410838 ], [ -2.638813097732432, 41.60149466988112 ], [ -2.639051937851496, 41.601231039858611 ], [ -2.639208302220653, 41.601026402678379 ], [ -2.639416474936925, 41.60072182061824 ], [ -2.639594503605046, 41.600411166751286 ], [ -2.639736140615574, 41.600080879870681 ], [ -2.639812786774847, 41.599858506699256 ], [ -2.639891016473716, 41.599559141490317 ], [ -2.639938503531563, 41.599298908954736 ], [ -2.639958411033278, 41.599061712115578 ], [ -2.639962992328592, 41.598806061203724 ], [ -2.639939966128247, 41.598483493364931 ], [ -2.639880030392907, 41.598040766858091 ], [ -2.639541057139163, 41.595657448738415 ], [ -2.639200602441403, 41.593565745025614 ], [ -2.639248242332239, 41.593561375439343 ], [ -2.639588742859366, 41.595653351256615 ] ] ] } },
{ "type": "Feature", "properties": { "corridor_id": "soria_torralba", "segment_index": 71, "segment_id": "soria_torralba_km70_71", "start_m": 70000.0, "end_m": 71000.0, "start_km": 70.0, "end_km": 71.0, "length_m": 1000.0 }, "geometry": { "type": "Polygon", "coordinates": [ [ [ -2.634907302818713, 41.604935828142246 ], [ -2.633047082287573, 41.606539946226285 ], [ -2.632653781348832, 41.606877161371607 ], [ -2.632291736889425, 41.607197358565259 ], [ -2.632034470087193, 41.607445946797142 ], [ -2.631859553335869, 41.607630730705516 ], [ -2.631704696830754, 41.607809487956992 ], [ -2.631548216846781, 41.608014905397049 ], [ -2.631422905204014, 41.608191558008798 ], [ -2.631100450401615, 41.60869187781654 ], [ -2.630765814418079, 41.60922212314906 ], [ -2.63072242920179, 41.609206700717728 ], [ -2.63105714960361, 41.608676322179392 ], [ -2.631380094801401, 41.608175241987226 ], [ -2.631506183158888, 41.607997494599118 ], [ -2.631663703175204, 41.607790712039368 ], [ -2.631819846670357, 41.607610469291046 ], [ -2.631995929919213, 41.607424453199634 ], [ -2.63225446311712, 41.607174641431698 ], [ -2.632617418657778, 41.606853638625523 ], [ -2.633010917719046, 41.60651625377087 ], [ -2.634871095607458, 41.604912173217819 ], [ -2.638085037234939, 41.602141572975214 ], [ -2.638121239319707, 41.602165231006651 ], [ -2.634907302818713, 41.604935828142246 ] ] ] } },
{ "type": "Feature", "properties": { "corridor_id": "soria_torralba", "segment_index": 72, "segment_id": "soria_torralba_km71_72", "start_m": 71000.0, "end_m": 72000.0, "start_km": 71.0, "end_km": 72.0, "length_m": 1000.0 }, "geometry": { "type": "Polygon", "coordinates": [ [ [ -2.629241393234208, 41.611637511500618 ], [ -2.628831272039701, 41.612286661954251 ], [ -2.628638011458786, 41.612561860334552 ], [ -2.628497764658505, 41.61273628921883 ], [ -2.628313370575732, 41.612936216566077 ], [ -2.628108771521799, 41.613160363371946 ], [ -2.627910850134496, 41.613344420264959 ], [ -2.627632332636284, 41.613581390457668 ], [ -2.626955641213919, 41.614161583239074 ], [ -2.624078471171702, 41.616614691932433 ], [ -2.624042431941426, 41.616590887480321 ], [ -2.626919558792707, 41.614137816758088 ], [ -2.627596267370343, 41.613557609539519 ], [ -2.627874149872096, 41.613321179732132 ], [ -2.62807022848462, 41.61313883662482 ], [ -2.62827382943052, 41.612915783430537 ], [ -2.628457435347606, 41.61271671077764 ], [ -2.628596188546956, 41.612544139661651 ], [ -2.628788327965667, 41.612270538041756 ], [ -2.629198008722382, 41.611622085403539 ], [ -2.63072242920179, 41.609206700717728 ], [ -2.630765814418079, 41.60922212314906 ], [ -2.629241393234208, 41.611637511500618 ] ] ] } },
{ "type": "Feature", "properties": { "corridor_id": "soria_torralba", "segment_index": 73, "segment_id": "soria_torralba_km72_73", "start_m": 72000.0, "end_m": 73000.0, "start_km": 72.0, "end_km": 73.0, "length_m": 1000.0 }, "geometry": { "type": "Polygon", "coordinates": [ [ [ -2.623849835972246, 41.616809617815711 ], [ -2.623745835321075, 41.616903318425322 ], [ -2.618814342665661, 41.621106583630002 ], [ -2.618156572415986, 41.621670615259966 ], [ -2.617972418586754, 41.621845905053334 ], [ -2.617831427857144, 41.621994568116278 ], [ -2.617685674154592, 41.622156361755337 ], [ -2.617553883930352, 41.622322367771801 ], [ -2.617369612451102, 41.622588659618742 ], [ -2.617230678863978, 41.622819817350887 ], [ -2.61705067441425, 41.623174138987764 ], [ -2.616815843367447, 41.623686537465986 ], [ -2.616770436714506, 41.62367482128753 ], [ -2.617005525590063, 41.623161861007802 ], [ -2.617186321140789, 41.622805982644827 ], [ -2.61732638755417, 41.622572940377196 ], [ -2.617511916075352, 41.622304832224359 ], [ -2.617645125851478, 41.6221370382411 ], [ -2.617791972149128, 41.621974031880349 ], [ -2.617933981419673, 41.621824294943472 ], [ -2.618119627590594, 41.621647584737062 ], [ -2.61877825734097, 41.621082816367192 ], [ -2.623709364685533, 41.616879881571791 ], [ -2.623813364034361, 41.6167861821814 ], [ -2.624042431941426, 41.616590887480321 ], [ -2.624078471171702, 41.616614691932433 ], [ -2.623849835972246, 41.616809617815711 ] ] ] } },
{ "type": "Feature", "properties": { "corridor_id": "soria_torralba", "segment_index": 74, "segment_id": "soria_torralba_km73_74", "start_m": 73000.0, "end_m": 74000.0, "start_km": 73.0, "end_km": 74.0, "length_m": 1000.0 }, "geometry": { "type": "Polygon", "coordinates": [ [ [ -2.612911698888671, 41.632204056550052 ], [ -2.612866286989064, 41.632192338824318 ], [ -2.616770436714506, 41.62367482128753 ], [ -2.616815843367447, 41.623686537465986 ], [ -2.612911698888671, 41.632204056550052 ] ] ] } },
{ "type": "Feature", "properties": { "corridor_id": "soria_torralba", "segment_index": 75, "segment_id": "soria_torralba_km74_75", "start_m": 74000.0, "end_m": 75000.0, "start_km": 74.0, "end_km": 75.0, "length_m": 1000.0 }, "geometry": { "type": "Polygon", "coordinates": [ [ [ -2.612777606560919, 41.632496557755211 ], [ -2.610693617998333, 41.637044036269728 ], [ -2.610240095546999, 41.638041486414338 ], [ -2.60951657803996, 41.639590425054337 ], [ -2.609318322871114, 41.640020044929521 ], [ -2.608979184022113, 41.640714563299916 ], [ -2.608934085400579, 41.640702171167582 ], [ -2.609273077133145, 41.640007955066039 ], [ -2.609471221964224, 41.639578574941211 ], [ -2.61019470445716, 41.638029713581204 ], [ -2.610648182005796, 41.637032363725787 ], [ -2.612732192931181, 41.632484843357702 ], [ -2.612866286989064, 41.632192338824318 ], [ -2.612911698888671, 41.632204056550052 ], [ -2.612777606560919, 41.632496557755211 ] ] ] } },
{ "type": "Feature", "properties": { "corridor_id": "soria_torralba", "segment_index": 76, "segment_id": "soria_torralba_km75_76", "start_m": 75000.0, "end_m": 76000.0, "start_km": 75.0, "end_km": 76.0, "length_m": 1000.0 }, "geometry": { "type": "Polygon", "coordinates": [ [ [ -2.608300381935313, 41.642104625472676 ], [ -2.608174256927967, 41.642390955450516 ], [ -2.606984083015916, 41.644986672890241 ], [ -2.606383671474299, 41.646008735837007 ], [ -2.605205341020723, 41.647354455204812 ], [ -2.604494153168337, 41.647959606459715 ], [ -2.603730996878579, 41.648537235891922 ], [ -2.603577242102807, 41.648623244042952 ], [ -2.603548524804837, 41.648594363187762 ], [ -2.603699403128077, 41.648509964105884 ], [ -2.604459046838347, 41.647934993537589 ], [ -2.605167058985771, 41.647332544792 ], [ -2.606341328531376, 41.645991464159103 ], [ -2.606939316988663, 41.644973527105407 ], [ -2.608128743076114, 41.642379444544986 ], [ -2.608255018068873, 41.642092774522858 ], [ -2.608934085400579, 41.640702171167582 ], [ -2.608979184022113, 41.640714563299916 ], [ -2.608300381935313, 41.642104625472676 ] ] ] } },
{ "type": "Feature", "properties": { "corridor_id": "soria_torralba", "segment_index": 77, "segment_id": "soria_torralba_km76_77", "start_m": 76000.0, "end_m": 77000.0, "start_km": 76.0, "end_km": 77.0, "length_m": 1000.0 }, "geometry": { "type": "Polygon", "coordinates": [ [ [ -2.602354954707122, 41.649306958012019 ], [ -2.600855729399257, 41.649960145428466 ], [ -2.597236431468834, 41.651040352258221 ], [ -2.595720956206372, 41.651486909259759 ], [ -2.594952475894214, 41.651767072961647 ], [ -2.594395981542756, 41.652029438814033 ], [ -2.593960342762988, 41.65229842787722 ], [ -2.593398196249557, 41.652709292533601 ], [ -2.593165540239929, 41.652915810183252 ], [ -2.593128846425493, 41.652892557668224 ], [ -2.593363003757137, 41.652684707463692 ], [ -2.593928257243672, 41.652271572120526 ], [ -2.594367818463608, 41.652000161184247 ], [ -2.59492912411146, 41.651735527037154 ], [ -2.595701643798532, 41.651453890739397 ], [ -2.597218768535713, 41.651006847741073 ], [ -2.60083467060601, 41.64992765457054 ], [ -2.602328445299036, 41.649276841986442 ], [ -2.603548524804837, 41.648594363187762 ], [ -2.603577242102807, 41.648623244042952 ], [ -2.602354954707122, 41.649306958012019 ] ] ] } },
{ "type": "Feature", "properties": { "corridor_id": "soria_torralba", "segment_index": 78, "segment_id": "soria_torralba_km77_78", "start_m": 77000.0, "end_m": 78000.0, "start_km": 77.0, "end_km": 78.0, "length_m": 1000.0 }, "geometry": { "type": "Polygon", "coordinates": [ [ [ -2.587250291902575, 41.658165887628002 ], [ -2.585426452299551, 41.659803409870776 ], [ -2.585389579674428, 41.659780313542036 ], [ -2.587213508104027, 41.658142712369049 ], [ -2.593128846425493, 41.652892557668224 ], [ -2.593165540239929, 41.652915810183252 ], [ -2.587250291902575, 41.658165887628002 ] ] ] } },
{ "type": "Feature", "properties": { "corridor_id": "soria_torralba", "segment_index": 79, "segment_id": "soria_torralba_km78_79", "start_m": 78000.0, "end_m": 79000.0, "start_km": 78.0, "end_km": 79.0, "length_m": 1000.0 }, "geometry": { "type": "Polygon", "coordinates": [ [ [ -2.584506867015568, 41.6606290105873 ], [ -2.581947866195695, 41.662884705158142 ], [ -2.581856195342799, 41.662949938352007 ], [ -2.580565623517272, 41.663818762004205 ], [ -2.577143891392673, 41.665596330896662 ], [ -2.576686062340596, 41.665896355138685 ], [ -2.576654444592791, 41.665869226814735 ], [ -2.577114308613833, 41.665567869101402 ], [ -2.580535776489258, 41.66379043799386 ], [ -2.581823604663873, 41.662923461645676 ], [ -2.581912933811013, 41.662859894839194 ], [ -2.584470132991037, 41.660605789409772 ], [ -2.585389579674428, 41.659780313542036 ], [ -2.585426452299551, 41.659803409870776 ], [ -2.584506867015568, 41.6606290105873 ] ] ] } },
{ "type": "Feature", "properties": { "corridor_id": "soria_torralba", "segment_index": 80, "segment_id": "soria_torralba_km79_80", "start_m": 79000.0, "end_m": 80000.0, "start_km": 79.0, "end_km": 80.0, "length_m": 1000.0 }, "geometry": { "type": "Polygon", "coordinates": [ [ [ -2.575464299241337, 41.666696977427215 ], [ -2.574796919043159, 41.667195466412203 ], [ -2.574044314222494, 41.66785290986811 ], [ -2.573342468693241, 41.668548861932777 ], [ -2.571800834134445, 41.670219574802879 ], [ -2.570985784020628, 41.671096429000997 ], [ -2.569797934913173, 41.672363701849413 ], [ -2.569581765119949, 41.672572859707394 ], [ -2.569397263545144, 41.672750053346597 ], [ -2.569225342880872, 41.672907342766699 ], [ -2.569188176214871, 41.67288450624357 ], [ -2.5693597364614, 41.672727546650343 ], [ -2.569543834886554, 41.672550740289452 ], [ -2.569759265093245, 41.672342298147363 ], [ -2.57094641598568, 41.67107577099565 ], [ -2.571761365871845, 41.67019902519376 ], [ -2.573303531313135, 41.66852773806395 ], [ -2.574006885784065, 41.667830290128862 ], [ -2.574761680963533, 41.667170933585098 ], [ -2.575431500765347, 41.66667062257045 ], [ -2.576654444592791, 41.665869226814735 ], [ -2.576686062340596, 41.665896355138685 ], [ -2.575464299241337, 41.666696977427215 ] ] ] } },
{ "type": "Feature", "properties": { "corridor_id": "soria_torralba", "segment_index": 81, "segment_id": "soria_torralba_km80_81", "start_m": 80000.0, "end_m": 81000.0, "start_km": 80.0, "end_km": 81.0, "length_m": 1000.0 }, "geometry": { "type": "Polygon", "coordinates": [ [ [ -2.569138419062108, 41.672986868573311 ], [ -2.568811591736178, 41.673273055266122 ], [ -2.568556012383727, 41.673487858188693 ], [ -2.568273653872316, 41.673707036525656 ], [ -2.567917297175204, 41.673981811616926 ], [ -2.567505645626316, 41.674275247391975 ], [ -2.566810616728368, 41.674725955286185 ], [ -2.56649875431882, 41.67491930399617 ], [ -2.56619232201555, 41.675094808887856 ], [ -2.565824134369485, 41.675298278396141 ], [ -2.565351387264397, 41.675541760200439 ], [ -2.564978755309022, 41.675724772365584 ], [ -2.564559880566432, 41.675921195003106 ], [ -2.56415383349409, 41.676100925696801 ], [ -2.563765888611663, 41.676254841888351 ], [ -2.563389288875544, 41.676402559465423 ], [ -2.562987254093358, 41.676551357402722 ], [ -2.562144353578153, 41.676842995993177 ], [ -2.56022636011299, 41.67748832747062 ], [ -2.559295320962787, 41.677803267473536 ], [ -2.55927555684276, 41.677770427353231 ], [ -2.560206639891998, 41.677455472528507 ], [ -2.562124446426872, 41.676810204005946 ], [ -2.562966545911828, 41.676518842596302 ], [ -2.563367511129844, 41.676370440533518 ], [ -2.563743511393834, 41.676222958110543 ], [ -2.564130366511602, 41.676069474301983 ], [ -2.564534919439497, 41.675890404995521 ], [ -2.564952844697046, 41.675694427632941 ], [ -2.565324612741788, 41.675511839798006 ], [ -2.565796265636834, 41.675268921602154 ], [ -2.56616347799087, 41.675065991110323 ], [ -2.566468845687699, 41.674891096001879 ], [ -2.566779583278233, 41.67469844471173 ], [ -2.567473354380351, 41.674248552605746 ], [ -2.567883502831498, 41.673956188380565 ], [ -2.568239146134382, 41.673681963471729 ], [ -2.568520787622959, 41.673463341808613 ], [ -2.568775408270467, 41.67324934473104 ], [ -2.569101580944496, 41.672963731423742 ], [ -2.569188176214871, 41.67288450624357 ], [ -2.569225342880872, 41.672907342766699 ], [ -2.569138419062108, 41.672986868573311 ] ] ] } },
{ "type": "Feature", "properties": { "corridor_id": "soria_torralba", "segment_index": 82, "segment_id": "soria_torralba_km81_82", "start_m": 81000.0, "end_m": 82000.0, "start_km": 81.0, "end_km": 82.0, "length_m": 1000.0 }, "geometry": { "type": "Polygon", "coordinates": [ [ [ -2.555611088103756, 41.679049418071884 ], [ -2.550082995742371, 41.680922015567702 ], [ -2.54834586004383, 41.681510659415487 ], [ -2.548326065380427, 41.681477829305578 ], [ -2.550063202316877, 41.680889185090777 ], [ -2.555591305107626, 41.679016584228712 ], [ -2.55927555684276, 41.677770427353231 ], [ -2.559295320962787, 41.677803267473536 ], [ -2.555611088103756, 41.679049418071884 ] ] ] } },
{ "type": "Feature", "properties": { "corridor_id": "soria_torralba", "segment_index": 83, "segment_id": "soria_torralba_km82_83", "start_m": 82000.0, "end_m": 83000.0, "start_km": 82.0, "end_km": 83.0, "length_m": 1000.0 }, "geometry": { "type": "Polygon", "coordinates": [ [ [ -2.547444273421415, 41.681816155403254 ], [ -2.546961870857616, 41.681986673537729 ], [ -2.54653160553919, 41.682161992696045 ], [ -2.546078143202713, 41.682360769354318 ], [ -2.545675623532587, 41.682553747319851 ], [ -2.545347946344515, 41.682727663701961 ], [ -2.545058702776923, 41.682890007539271 ], [ -2.5447681713106, 41.683060274370867 ], [ -2.5444601799592, 41.683255824464041 ], [ -2.544168540436146, 41.683455771676407 ], [ -2.543688735022375, 41.683809607006488 ], [ -2.54217562161632, 41.684974063637924 ], [ -2.539234693094226, 41.687241329959654 ], [ -2.539200234392815, 41.687216213701561 ], [ -2.542141170677716, 41.684948942305759 ], [ -2.543654664984328, 41.683784192990984 ], [ -2.544135459570547, 41.683429628321221 ], [ -2.544428420047443, 41.68322877553377 ], [ -2.544737828695956, 41.683032325627103 ], [ -2.545029497229534, 41.682861392458868 ], [ -2.545319653661852, 41.682698536296293 ], [ -2.545648776473611, 41.682523852678557 ], [ -2.546053056803237, 41.682330030644309 ], [ -2.546507994466525, 41.682130607302717 ], [ -2.546940129147769, 41.681954526461205 ], [ -2.547424126583657, 41.681783444595851 ], [ -2.548326065380427, 41.681477829305585 ], [ -2.54834586004383, 41.681510659415487 ], [ -2.547444273421415, 41.681816155403254 ] ] ] } },
{ "type": "Feature", "properties": { "corridor_id": "soria_torralba", "segment_index": 84, "segment_id": "soria_torralba_km83_84", "start_m": 83000.0, "end_m": 84000.0, "start_km": 83.0, "end_km": 84.0, "length_m": 1000.0 }, "geometry": { "type": "Polygon", "coordinates": [ [ [ -2.539025002876434, 41.687402978571527 ], [ -2.537153703197623, 41.688836402014125 ], [ -2.537009260047003, 41.688950436103539 ], [ -2.535851054044964, 41.689828368228646 ], [ -2.534705292726109, 41.690669639988414 ], [ -2.531923212640944, 41.692797348692501 ], [ -2.530910336472966, 41.693562455304303 ], [ -2.530795716925923, 41.693652711765303 ], [ -2.530760899551403, 41.693627872340549 ], [ -2.53087586353374, 41.693537344693112 ], [ -2.531888987365761, 41.692772051304935 ], [ -2.534671307280597, 41.690644160009086 ], [ -2.535817145961742, 41.68980283176888 ], [ -2.536974739959701, 41.688925363893844 ], [ -2.53711909680908, 41.688811397983287 ], [ -2.538990597130268, 41.687377821425883 ], [ -2.539200234392815, 41.687216213701561 ], [ -2.539234693094226, 41.687241329959654 ], [ -2.539025002876434, 41.687402978571527 ] ] ] } },
{ "type": "Feature", "properties": { "corridor_id": "soria_torralba", "segment_index": 85, "segment_id": "soria_torralba_km84_85", "start_m": 84000.0, "end_m": 85000.0, "start_km": 84.0, "end_km": 85.0, "length_m": 1000.0 }, "geometry": { "type": "Polygon", "coordinates": [ [ [ -2.528871308723634, 41.695168019999493 ], [ -2.52809987301228, 41.695775426979381 ], [ -2.525926659300531, 41.697431309185028 ], [ -2.525566584956489, 41.697734791950531 ], [ -2.525016102619211, 41.698323441522376 ], [ -2.524729386201132, 41.698769057637968 ], [ -2.524455454902306, 41.699249110813405 ], [ -2.524238204411513, 41.699801106939347 ], [ -2.524137809714516, 41.700205475062916 ], [ -2.524097375094614, 41.700499572977975 ], [ -2.524076323762022, 41.700815769446756 ], [ -2.524028310052518, 41.700813974055599 ], [ -2.524049424906451, 41.700496827017034 ], [ -2.524090190287429, 41.700200324932155 ], [ -2.524191395591579, 41.699792693055912 ], [ -2.52441014510202, 41.699236889182139 ], [ -2.524685613803955, 41.698754142357856 ], [ -2.524974497386704, 41.698305158473886 ], [ -2.525528815050071, 41.697712408046378 ], [ -2.525891540706168, 41.697406690812301 ], [ -2.528065326994425, 41.695750373018029 ], [ -2.528836491336746, 41.6951431799556 ], [ -2.530760899551403, 41.693627872340549 ], [ -2.530795716925923, 41.693652711765303 ], [ -2.528871308723634, 41.695168019999493 ] ] ] } },
{ "type": "Feature", "properties": { "corridor_id": "soria_torralba", "segment_index": 86, "segment_id": "soria_torralba_km85_86", "start_m": 85000.0, "end_m": 86000.0, "start_km": 85.0, "end_km": 86.0, "length_m": 1000.0 }, "geometry": { "type": "Polygon", "coordinates": [ [ [ -2.524072639446007, 41.70087110848462 ], [ -2.52407533415235, 41.701318402085406 ], [ -2.524102680420895, 41.701721807234058 ], [ -2.52449256618843, 41.704859083313018 ], [ -2.524561598020537, 41.70565914879608 ], [ -2.524595045174803, 41.706138822487347 ], [ -2.524588719402631, 41.706598608114028 ], [ -2.524493840032989, 41.707048106191145 ], [ -2.52439758845811, 41.707382977695914 ], [ -2.524132335036934, 41.707953614081475 ], [ -2.523971574786349, 41.708217799251123 ], [ -2.523888354283737, 41.708341320299184 ], [ -2.523572440912368, 41.708734156223699 ], [ -2.523239014919193, 41.709088076120004 ], [ -2.522871818099889, 41.709376308105362 ], [ -2.522773874805797, 41.709444944246385 ], [ -2.522741034099719, 41.709418630396804 ], [ -2.522837981906827, 41.709350691892148 ], [ -2.523201785087438, 41.709065123876996 ], [ -2.523532159093804, 41.708714443772777 ], [ -2.523846245721977, 41.70832387969697 ], [ -2.523928225218921, 41.708202200744786 ], [ -2.524087664967747, 41.707940185914204 ], [ -2.524351211545436, 41.707373222299402 ], [ -2.524446559969475, 41.707041493803985 ], [ -2.524540680598538, 41.706595591880948 ], [ -2.524546954824963, 41.706139577507621 ], [ -2.524513601978728, 41.705661251198912 ], [ -2.524444633810564, 41.704861916681978 ], [ -2.524054719578189, 41.701724392760923 ], [ -2.524027265847325, 41.701319397909565 ], [ -2.524024560554345, 41.700870291510363 ], [ -2.524028310052518, 41.700813974055599 ], [ -2.524076323762022, 41.700815769446756 ], [ -2.524072639446007, 41.70087110848462 ] ] ] } },
{ "type": "Feature", "properties": { "corridor_id": "soria_torralba", "segment_index": 87, "segment_id": "soria_torralba_km86_87", "start_m": 86000.0, "end_m": 87000.0, "start_km": 86.0, "end_km": 87.0, "length_m": 1000.0 }, "geometry": { "type": "Polygon", "coordinates": [ [ [ -2.52261160350272, 41.709558659292199 ], [ -2.522177521355246, 41.709816520972652 ], [ -2.521864014817111, 41.70998276684702 ], [ -2.521365678904018, 41.710200067417624 ], [ -2.520802700648828, 41.710398282272941 ], [ -2.518594281635569, 41.711134822001604 ], [ -2.517915587298952, 41.711367085851393 ], [ -2.511997463520476, 41.713391974422073 ], [ -2.511977492790005, 41.713359201213244 ], [ -2.517895613065483, 41.711334314024718 ], [ -2.51857451836943, 41.711101977997529 ], [ -2.520782699356218, 41.710365517726146 ], [ -2.52134332110149, 41.710168132581273 ], [ -2.521837985188989, 41.709952433151493 ], [ -2.522148678651187, 41.70978767902551 ], [ -2.522580196503921, 41.709531340705674 ], [ -2.522741034099719, 41.709418630396804 ], [ -2.522773874805797, 41.709444944246385 ], [ -2.52261160350272, 41.709558659292199 ] ] ] } },
{ "type": "Feature", "properties": { "corridor_id": "soria_torralba", "segment_index": 88, "segment_id": "soria_torralba_km87_88", "start_m": 87000.0, "end_m": 88000.0, "start_km": 87.0, "end_km": 88.0, "length_m": 1000.0 }, "geometry": { "type": "Polygon", "coordinates": [ [ [ -2.51006774802491, 41.714052133617464 ], [ -2.504507725215441, 41.71589127820328 ], [ -2.50331143141396, 41.716444948076457 ], [ -2.50271945232025, 41.716848502306114 ], [ -2.502185254553289, 41.717253508569804 ], [ -2.501720661221038, 41.717779712343898 ], [ -2.501680556210635, 41.717759835020935 ], [ -2.502147745453356, 41.717230691427126 ], [ -2.502686147686461, 41.716822497691467 ], [ -2.503282368592536, 41.716416051921705 ], [ -2.504485274790094, 41.715859321795584 ], [ -2.510048051980076, 41.714019266381669 ], [ -2.511977492790005, 41.713359201213244 ], [ -2.511997463520476, 41.713391974422073 ], [ -2.51006774802491, 41.714052133617464 ] ] ] } },
{ "type": "Feature", "properties": { "corridor_id": "soria_torralba", "segment_index": 89, "segment_id": "soria_torralba_km88_89", "start_m": 88000.0, "end_m": 89000.0, "start_km": 88.0, "end_km": 89.0, "length_m": 1000.0 }, "geometry": { "type": "Polygon", "coordinates": [ [ [ -2.501563600079259, 41.717957599214287 ], [ -2.501377241709244, 41.718320764451008 ], [ -2.50068175576118, 41.719675437995356 ], [ -2.497570952743509, 41.725797167490647 ], [ -2.497451204588484, 41.726183216502911 ], [ -2.497404360477398, 41.726175061843421 ], [ -2.497524847260298, 41.725786632504729 ], [ -2.500636844243341, 41.719662562000295 ], [ -2.501332358951541, 41.718307834265772 ], [ -2.501520599926304, 41.717941000781707 ], [ -2.501680556210635, 41.717759835020935 ], [ -2.501720661221038, 41.717779712343898 ], [ -2.501563600079259, 41.717957599214287 ] ] ] } },
{ "type": "Feature", "properties": { "corridor_id": "soria_torralba", "segment_index": 90, "segment_id": "soria_torralba_km89_90", "start_m": 89000.0, "end_m": 90000.0, "start_km": 89.0, "end_km": 90.0, "length_m": 1000.0 }, "geometry": { "type": "Polygon", "coordinates": [ [ [ -2.497334896158474, 41.726558171745538 ], [ -2.497281266759467, 41.726997854554824 ], [ -2.497335190072159, 41.729176163424896 ], [ -2.497097324998899, 41.730095795879052 ], [ -2.496051230297198, 41.73193885899331 ], [ -2.495510931674213, 41.732567785690279 ], [ -2.493492677623401, 41.73433165560111 ], [ -2.49345615788486, 41.734308209871102 ], [ -2.495472268332271, 41.732546214306481 ], [ -2.496008569708426, 41.73192194100276 ], [ -2.497051075004943, 41.730085204116314 ], [ -2.497287009929059, 41.72917303657006 ], [ -2.497233133241071, 41.72699654544013 ], [ -2.497287303843692, 41.726552428249526 ], [ -2.497404360477398, 41.726175061843421 ], [ -2.497451204588484, 41.726183216502911 ], [ -2.497334896158474, 41.726558171745538 ] ] ] } },
{ "type": "Feature", "properties": { "corridor_id": "soria_torralba", "segment_index": 91, "segment_id": "soria_torralba_km90_91", "start_m": 90000.0, "end_m": 91000.0, "start_km": 90.0, "end_km": 91.0, "length_m": 1000.0 }, "geometry": { "type": "Polygon", "coordinates": [ [ [ -2.491859284256178, 41.735759075773622 ], [ -2.488796646547748, 41.737843737991227 ], [ -2.48835810514973, 41.738206895817569 ], [ -2.488067809450848, 41.738477287875121 ], [ -2.487741266948129, 41.738876981625445 ], [ -2.487424493868208, 41.739395065924413 ], [ -2.487226571064272, 41.739783928632839 ], [ -2.486504544631399, 41.741426135106806 ], [ -2.486458854629657, 41.74141486644649 ], [ -2.487181228940009, 41.739771871362677 ], [ -2.487380106136623, 41.73938113407133 ], [ -2.487698733057496, 41.738860018370616 ], [ -2.488028390555522, 41.738456512121502 ], [ -2.488321494856921, 41.738183504179524 ], [ -2.488762553458988, 41.737818262006243 ], [ -2.491824715750568, 41.73573392422378 ], [ -2.49345615788486, 41.734308209871102 ], [ -2.493492677623401, 41.73433165560111 ], [ -2.491859284256178, 41.735759075773622 ] ] ] } },
{ "type": "Feature", "properties": { "corridor_id": "soria_torralba", "segment_index": 92, "segment_id": "soria_torralba_km91_92", "start_m": 91000.0, "end_m": 92000.0, "start_km": 91.0, "end_km": 92.0, "length_m": 1000.0 }, "geometry": { "type": "Polygon", "coordinates": [ [ [ -2.486207639445735, 41.742101402374054 ], [ -2.48605990288057, 41.742384313056242 ], [ -2.485823929064166, 41.742718735024368 ], [ -2.485484737750219, 41.743120546419959 ], [ -2.485145417799013, 41.743440384934694 ], [ -2.484805694186849, 41.743711622411972 ], [ -2.484647371249148, 41.743830616103324 ], [ -2.483322805855689, 41.744680973047736 ], [ -2.483119096046412, 41.744853083030833 ], [ -2.482993016459703, 41.744965043323297 ], [ -2.482885393752175, 41.74507503791515 ], [ -2.482568099300366, 41.745489012859551 ], [ -2.482429910501092, 41.745774226006688 ], [ -2.482364594896166, 41.745947540831303 ], [ -2.482320400007997, 41.746110913165936 ], [ -2.482291405589536, 41.746257176377888 ], [ -2.482265205621385, 41.74649148257437 ], [ -2.482169727828426, 41.747985443803117 ], [ -2.482086432594858, 41.74934365214709 ], [ -2.482038373796935, 41.749341999253659 ], [ -2.482121672172255, 41.747983756191843 ], [ -2.482217194379545, 41.746489117420595 ], [ -2.482243594412054, 41.746253023617108 ], [ -2.482272999994342, 41.746104686829185 ], [ -2.482317805106959, 41.745939059163945 ], [ -2.482384089502879, 41.745763173988749 ], [ -2.48252430070484, 41.745473787136312 ], [ -2.48284500625401, 41.74505536208131 ], [ -2.482955183546851, 41.744942756673609 ], [ -2.483082703960249, 41.744829516966284 ], [ -2.483288994151063, 41.744655226949796 ], [ -2.484614628757563, 41.743804183894341 ], [ -2.484771105819873, 41.743686577585414 ], [ -2.485108982207657, 41.743416815062439 ], [ -2.485445462256162, 41.743099653576714 ], [ -2.485782270941698, 41.742700664971849 ], [ -2.486016097124571, 41.742369286939585 ], [ -2.486162360558592, 41.742089197621489 ], [ -2.486458854629657, 41.74141486644649 ], [ -2.486504544631399, 41.741426135106806 ], [ -2.486207639445735, 41.742101402374054 ] ] ] } },
{ "type": "Feature", "properties": { "corridor_id": "soria_torralba", "segment_index": 93, "segment_id": "soria_torralba_km92_93", "start_m": 92000.0, "end_m": 93000.0, "start_km": 92.0, "end_km": 93.0, "length_m": 1000.0 }, "geometry": { "type": "Polygon", "coordinates": [ [ [ -2.482086028359164, 41.749350243444098 ], [ -2.481963559077681, 41.751268039505085 ], [ -2.481912101560078, 41.751495822470297 ], [ -2.481857276954797, 41.75167448047781 ], [ -2.4817941557284, 41.751833997841693 ], [ -2.481690924524129, 41.752028475486092 ], [ -2.481604197026907, 41.752162041944686 ], [ -2.48151483970026, 41.752285223850301 ], [ -2.481372312159664, 41.752440626197483 ], [ -2.481157623330537, 41.752666265530522 ], [ -2.48101303091501, 41.752784055477271 ], [ -2.480860110050999, 41.752906211221564 ], [ -2.480699140709802, 41.753013591413968 ], [ -2.48057474864832, 41.753085018495042 ], [ -2.480389692264797, 41.753182564495312 ], [ -2.480172987521709, 41.753290616176926 ], [ -2.479697305775882, 41.753515396588625 ], [ -2.479196992182024, 41.753745048749671 ], [ -2.478635289844726, 41.754004003747262 ], [ -2.478368346478994, 41.754129170980271 ], [ -2.47813764779442, 41.754232204385524 ], [ -2.474921838971796, 41.755644761237292 ], [ -2.474897494991523, 41.755613685654403 ], [ -2.478113152211451, 41.754201195613163 ], [ -2.478343253526969, 41.754098429018327 ], [ -2.478609910161279, 41.753973396251325 ], [ -2.479171807823954, 41.753714351248938 ], [ -2.47967189423013, 41.753484803409975 ], [ -2.48014681248441, 41.753260383821555 ], [ -2.480362507741456, 41.75315283550308 ], [ -2.480546251358086, 41.753055981503174 ], [ -2.480668459296805, 41.752985808583965 ], [ -2.480826489955738, 41.752880388775957 ], [ -2.480977769091702, 41.752759544519996 ], [ -2.48112017667608, 41.752643534466465 ], [ -2.481332887846674, 41.752419973799185 ], [ -2.481473760305772, 41.752266376146046 ], [ -2.481561402978598, 41.752145558051353 ], [ -2.48164687548088, 41.752013924509683 ], [ -2.481748644275807, 41.751822202153804 ], [ -2.481810723048556, 41.751665319517478 ], [ -2.481864898442551, 41.751488777524862 ], [ -2.481915640923813, 41.751264160489903 ], [ -2.482037971641517, 41.749348556550878 ], [ -2.482038373796935, 41.749341999253659 ], [ -2.482086432594858, 41.74934365214709 ], [ -2.482086028359164, 41.749350243444098 ] ] ] } },
{ "type": "Feature", "properties": { "corridor_id": "soria_torralba", "segment_index": 94, "segment_id": "soria_torralba_km93_94", "start_m": 93000.0, "end_m": 93258.083, "start_km": 93.0, "end_km": 93.258, "length_m": 258.083 }, "geometry": { "type": "Polygon", "coordinates": [ [ [ -2.474702640843732, 41.755741039325144 ], [ -2.474427946307615, 41.755855612436712 ], [ -2.474200129108186, 41.755937047538751 ], [ -2.47399081206982, 41.756002597353316 ], [ -2.473691345641596, 41.756083118539252 ], [ -2.473408320874418, 41.756138999851082 ], [ -2.473208315069165, 41.756172853169154 ], [ -2.472989543794339, 41.756202767200904 ], [ -2.472939425941806, 41.756213370977648 ], [ -2.472660959602901, 41.756251115515191 ], [ -2.472339833875617, 41.756296205086137 ], [ -2.472304415304152, 41.75630115398971 ], [ -2.472266717810741, 41.756309198616265 ], [ -2.472222121492427, 41.756323680431763 ], [ -2.47218164443992, 41.756338318978159 ], [ -2.472147259604347, 41.756351590318808 ], [ -2.472111159778042, 41.756364074409078 ], [ -2.472073759397543, 41.75637422742134 ], [ -2.472039490036257, 41.75638266612301 ], [ -2.472001154166028, 41.756390394309271 ], [ -2.471988645837304, 41.756355605690381 ], [ -2.472025709967393, 41.756348133876521 ], [ -2.47205804060657, 41.756340172578092 ], [ -2.472092840226662, 41.756330725590168 ], [ -2.472126140400928, 41.7563192096802 ], [ -2.472160155565425, 41.756306081020796 ], [ -2.472202078512635, 41.756290919567327 ], [ -2.472250482193501, 41.756275201383133 ], [ -2.472293384698808, 41.756266046009998 ], [ -2.472330976541111, 41.756260793451361 ], [ -2.472652240399449, 41.756215684484602 ], [ -2.472928574061107, 41.756178229022048 ], [ -2.472978656208584, 41.756167632798771 ], [ -2.473198684933427, 41.756137546830587 ], [ -2.473396879128645, 41.756104000148603 ], [ -2.473677054362181, 41.75604868146025 ], [ -2.473973387934687, 41.755969002646005 ], [ -2.474180470896801, 41.755904152460403 ], [ -2.474405853697846, 41.755823587562212 ], [ -2.47467875916204, 41.755709760673618 ], [ -2.474897494991523, 41.755613685654403 ], [ -2.474921838971796, 41.755644761237292 ], [ -2.474702640843732, 41.755741039325144 ] ] ] } }
]
}
