{
"type": "FeatureCollection",
"name": "soria_torralba_rail_alert_band_wgs84",
"crs": { "type": "name", "properties": { "name": "urn:ogc:def:crs:OGC:1.3:CRS84" } },
"features": [
{ "type": "Feature", "properties": { "corridor_id": "soria_torralba", "segment_index": 1, "segment_id": "soria_torralba_km0_1", "start_m": 0.0, "end_m": 1000.0, "start_km": 0.0, "end_km": 1.0, "length_m": 1000.0 }, "geometry": { "type": "Polygon", "coordinates": [ [ [ -2.495384203944417, 41.135433833491902 ], [ -2.49515177962983, 41.13555110723668 ], [ -2.494631762445888, 41.135807117364379 ], [ -2.494239286214731, 41.136068473708626 ], [ -2.493973025052458, 41.136250915702838 ], [ -2.493650921115933, 41.136524210384763 ], [ -2.493377131116733, 41.136794762384653 ], [ -2.493145084711015, 41.137060209134212 ], [ -2.492866489421024, 41.13748226488314 ], [ -2.492738521406917, 41.137737522117114 ], [ -2.492618921096668, 41.138050152743553 ], [ -2.49255430427944, 41.138399125838561 ], [ -2.492523739467801, 41.138748821857185 ], [ -2.492554499096293, 41.13923529833194 ], [ -2.492634715096658, 41.139543586857343 ], [ -2.49273367650699, 41.139864863931365 ], [ -2.49298192781422, 41.140503264235164 ], [ -2.493130536172083, 41.140878031484561 ], [ -2.493205935329192, 41.141068128527294 ], [ -2.493463885884211, 41.141718492512972 ], [ -2.493685788476621, 41.142228697216275 ], [ -2.493954877964164, 41.142794827638603 ], [ -2.494071570636716, 41.143010838880045 ], [ -2.493850940358779, 41.143078949667398 ], [ -2.493732321927655, 41.142859372253085 ], [ -2.493460411424039, 41.142287302672756 ], [ -2.493236514023533, 41.141772507374164 ], [ -2.49297766439922, 41.141119870897803 ], [ -2.492902264883606, 41.140929771286864 ], [ -2.492753472097867, 41.140554535650907 ], [ -2.492503123413777, 41.139910735952711 ], [ -2.492401684837537, 41.139581413024359 ], [ -2.492317300865651, 41.139257101545695 ], [ -2.492285060536432, 41.138747178019216 ], [ -2.492317095755025, 41.13838067403951 ], [ -2.492385278971379, 41.13801244713833 ], [ -2.492512278692095, 41.137680477772221 ], [ -2.492647910699887, 41.137409935013636 ], [ -2.492938315431273, 41.136969990773437 ], [ -2.493182869037873, 41.136690237533834 ], [ -2.493467079044601, 41.136409389542202 ], [ -2.49380357511101, 41.136123884235069 ], [ -2.49408051394711, 41.135934126236791 ], [ -2.49448723771163, 41.135663282590286 ], [ -2.495020620519488, 41.135400692725895 ], [ -2.495247996208092, 41.135285966467762 ], [ -2.495570985030203, 41.135108615972911 ], [ -2.49571101512441, 41.135254383984496 ], [ -2.495384203944417, 41.135433833491902 ] ] ] } },
{ "type": "Feature", "properties": { "corridor_id": "soria_torralba", "segment_index": 2, "segment_id": "soria_torralba_km1_2", "start_m": 1000.0, "end_m": 2000.0, "start_km": 1.0, "end_km": 2.0, "length_m": 1000.0 }, "geometry": { "type": "Polygon", "coordinates": [ [ [ -2.494238234658546, 41.143319350050298 ], [ -2.49447078155093, 41.143762068848048 ], [ -2.494936110712352, 41.14441426098427 ], [ -2.495324952328823, 41.144905192467341 ], [ -2.500041758343613, 41.15077849422736 ], [ -2.499838017361426, 41.150871984960638 ], [ -2.495120847527546, 41.144998207441049 ], [ -2.494728889148071, 41.144503338921375 ], [ -2.494254418324541, 41.143838331049395 ], [ -2.494017165229344, 41.143386649842782 ], [ -2.493850940358781, 41.143078949667398 ], [ -2.494071570636714, 41.143010838880045 ], [ -2.494238234658546, 41.143319350050298 ] ] ] } },
{ "type": "Feature", "properties": { "corridor_id": "soria_torralba", "segment_index": 3, "segment_id": "soria_torralba_km2_3", "start_m": 2000.0, "end_m": 3000.0, "start_km": 2.0, "end_km": 3.0, "length_m": 1000.0 }, "geometry": { "type": "Polygon", "coordinates": [ [ [ -2.500083170470147, 41.150830054551797 ], [ -2.501086649353357, 41.152079491498384 ], [ -2.501630663159955, 41.152859842300899 ], [ -2.503534596420126, 41.156879132419789 ], [ -2.503952068316816, 41.157384976857209 ], [ -2.504690073240369, 41.158171934901148 ], [ -2.505153106323621, 41.158660657960134 ], [ -2.50528093452317, 41.158795578626979 ], [ -2.505087120591891, 41.158900461851658 ], [ -2.50495929345944, 41.158765541890666 ], [ -2.504495926605802, 41.158276465015682 ], [ -2.503753531533013, 41.157484823055945 ], [ -2.503318803451197, 41.156958067478122 ], [ -2.50141193672003, 41.152932557594347 ], [ -2.500879150507248, 41.152168308407035 ], [ -2.499879428507814, 41.150923544263897 ], [ -2.499838017361426, 41.150871984960638 ], [ -2.500041758343613, 41.15077849422736 ], [ -2.500083170470147, 41.150830054551797 ] ] ] } },
{ "type": "Feature", "properties": { "corridor_id": "soria_torralba", "segment_index": 4, "segment_id": "soria_torralba_km3_4", "start_m": 3000.0, "end_m": 4000.0, "start_km": 3.0, "end_km": 4.0, "length_m": 1000.0 }, "geometry": { "type": "Polygon", "coordinates": [ [ [ -2.506260107646632, 41.159829057536001 ], [ -2.508973737523796, 41.162693212822319 ], [ -2.509713389776141, 41.163343554891298 ], [ -2.509999102770937, 41.163557544674035 ], [ -2.510304106356651, 41.163768293850595 ], [ -2.510867793239342, 41.164084036811836 ], [ -2.511516917389181, 41.164361709308494 ], [ -2.511661454278416, 41.164423543767825 ], [ -2.512158212554727, 41.164584042425666 ], [ -2.512465329357318, 41.164675123859084 ], [ -2.512904270099127, 41.164784245712063 ], [ -2.513375719717802, 41.164866313583559 ], [ -2.513475208959842, 41.164877415252533 ], [ -2.513440384489411, 41.165055638677103 ], [ -2.513331480221501, 41.165043486410482 ], [ -2.512840129815152, 41.164957954277234 ], [ -2.512384470537545, 41.164844676124908 ], [ -2.512067787329824, 41.164750757554742 ], [ -2.511555545590665, 41.164585256205974 ], [ -2.51139947971835, 41.164518489482575 ], [ -2.510737606610418, 41.164235363149544 ], [ -2.510152293482473, 41.163907506097637 ], [ -2.50983469706591, 41.163688055265638 ], [ -2.509538810060871, 41.163466445040967 ], [ -2.508786062317618, 41.162804587099799 ], [ -2.506066290922156, 41.159933941033202 ], [ -2.505087120591892, 41.158900461851658 ], [ -2.505280934523169, 41.158795578626972 ], [ -2.506260107646632, 41.159829057536001 ] ] ] } },
{ "type": "Feature", "properties": { "corridor_id": "soria_torralba", "segment_index": 5, "segment_id": "soria_torralba_km4_5", "start_m": 4000.0, "end_m": 5000.0, "start_km": 4.0, "end_km": 5.0, "length_m": 1000.0 }, "geometry": { "type": "Polygon", "coordinates": [ [ [ -2.513720124191298, 41.164904744135413 ], [ -2.51436548803218, 41.164958358663782 ], [ -2.515197343087757, 41.165014204012067 ], [ -2.515706579234827, 41.165080665882044 ], [ -2.516159707415544, 41.165159786733831 ], [ -2.516801784051436, 41.165337136747816 ], [ -2.517184672032241, 41.165483864227902 ], [ -2.517561977124521, 41.165654061554996 ], [ -2.518042548867141, 41.165930704614709 ], [ -2.518307186301715, 41.166121923014188 ], [ -2.518564739866121, 41.166333941445529 ], [ -2.518913383493331, 41.166671566307137 ], [ -2.522396170485239, 41.17020165883423 ], [ -2.52239785946897, 41.170203370786425 ], [ -2.522206712556876, 41.170311047178416 ], [ -2.5222050279774, 41.170309339685218 ], [ -2.51872381634952, 41.166780833613473 ], [ -2.518382659972798, 41.166450458481037 ], [ -2.518136813534923, 41.166248076921235 ], [ -2.517887450970924, 41.166067895331352 ], [ -2.517428222723054, 41.165803538404354 ], [ -2.517069527828942, 41.165641735741467 ], [ -2.516706615828002, 41.165502663230697 ], [ -2.516091692493995, 41.165332813254317 ], [ -2.515659420700742, 41.165257334111423 ], [ -2.515166456869112, 41.165192995984256 ], [ -2.514341911934519, 41.16513764133343 ], [ -2.513689675766179, 41.165083455860966 ], [ -2.513440384489402, 41.165055638677103 ], [ -2.51347520895985, 41.164877415252533 ], [ -2.513720124191298, 41.164904744135413 ] ] ] } },
{ "type": "Feature", "properties": { "corridor_id": "soria_torralba", "segment_index": 6, "segment_id": "soria_torralba_km5_6", "start_m": 5000.0, "end_m": 6000.0, "start_km": 5.0, "end_km": 6.0, "length_m": 1000.0 }, "geometry": { "type": "Polygon", "coordinates": [ [ [ -2.524734974944171, 41.172572159854852 ], [ -2.528262655154579, 41.1761533344269 ], [ -2.529522028056436, 41.177425679734505 ], [ -2.529331077042797, 41.177533575639082 ], [ -2.528071544689188, 41.176261065492447 ], [ -2.524543795811515, 41.172679810583396 ], [ -2.522206712556814, 41.170311047178359 ], [ -2.522397859469032, 41.170203370786489 ], [ -2.524734974944171, 41.172572159854852 ] ] ] } },
{ "type": "Feature", "properties": { "corridor_id": "soria_torralba", "segment_index": 7, "segment_id": "soria_torralba_km6_7", "start_m": 6000.0, "end_m": 7000.0, "start_km": 6.0, "end_km": 7.0, "length_m": 1000.0 }, "geometry": { "type": "Polygon", "coordinates": [ [ [ -2.529564123162228, 41.177468207361905 ], [ -2.529774479427388, 41.177690272355882 ], [ -2.529920737457295, 41.177877185838263 ], [ -2.530101055616868, 41.178136208048038 ], [ -2.53023867053486, 41.178370286153182 ], [ -2.530345810471096, 41.178599826995487 ], [ -2.530436741949639, 41.178830082972219 ], [ -2.530500295115819, 41.179071315568912 ], [ -2.530543984691625, 41.179322146141757 ], [ -2.530565942931547, 41.179496167829193 ], [ -2.53057421747381, 41.179689947342325 ], [ -2.530575555733434, 41.179917484235567 ], [ -2.530545189531573, 41.180124182828862 ], [ -2.530511000189834, 41.180326157225196 ], [ -2.530466561804325, 41.180490342081832 ], [ -2.530366896901742, 41.18077803813452 ], [ -2.530239305136647, 41.181070262276918 ], [ -2.53010386310843, 41.181305200798825 ], [ -2.529925071444645, 41.181562054123916 ], [ -2.529781724921187, 41.181730062718508 ], [ -2.52952533314805, 41.182011270321283 ], [ -2.529295651185647, 41.182217530342534 ], [ -2.529037597308395, 41.182411633704049 ], [ -2.528782537865171, 41.18258508244206 ], [ -2.528565276205537, 41.182711297296152 ], [ -2.528284849985976, 41.182862374945067 ], [ -2.528041717780553, 41.182966324307799 ], [ -2.527769513549095, 41.183073935193661 ], [ -2.527376845233961, 41.183195882534839 ], [ -2.527042821511393, 41.183278367621021 ], [ -2.525799667240284, 41.183537921827124 ], [ -2.525700112183838, 41.183558716880064 ], [ -2.524565248607809, 41.183788355992853 ], [ -2.524503553151833, 41.183614334250585 ], [ -2.525637487897961, 41.183384883110563 ], [ -2.525736125774257, 41.183364279639697 ], [ -2.526973978577982, 41.183105832367865 ], [ -2.527294354871293, 41.183026717449721 ], [ -2.527668686575525, 41.182910464783788 ], [ -2.52792768235608, 41.182808075663608 ], [ -2.52815655016201, 41.182710225019001 ], [ -2.528423323950462, 41.18256650266003 ], [ -2.52862986229553, 41.182446517507358 ], [ -2.528873602854781, 41.182280766237689 ], [ -2.529119948977573, 41.182095469590692 ], [ -2.529335467010158, 41.181901929600805 ], [ -2.529583275230086, 41.1816301371964 ], [ -2.52971892869846, 41.181471145784251 ], [ -2.529888737019922, 41.181227199101158 ], [ -2.530016294973324, 41.181005937615538 ], [ -2.53013810318811, 41.1807269617522 ], [ -2.530234238268954, 41.180449457801302 ], [ -2.530275599864105, 41.180296642654746 ], [ -2.530308410508028, 41.180102817049629 ], [ -2.530337044285078, 41.179907915641046 ], [ -2.530335782521353, 41.179693252534229 ], [ -2.530327857048842, 41.179507632047645 ], [ -2.530307015272903, 41.179342453736133 ], [ -2.5302649048327, 41.179100684310484 ], [ -2.530205057974855, 41.178873516910748 ], [ -2.530118989433679, 41.17865557289219 ], [ -2.530016929353626, 41.178436913739318 ], [ -2.529886344255532, 41.178214791850948 ], [ -2.529712462404201, 41.177965014066487 ], [ -2.529574520423362, 41.177788727556113 ], [ -2.529371676682426, 41.177574592556383 ], [ -2.529331077042799, 41.177533575639089 ], [ -2.529522028056435, 41.177425679734498 ], [ -2.529564123162228, 41.177468207361905 ] ] ] } },
{ "type": "Feature", "properties": { "corridor_id": "soria_torralba", "segment_index": 8, "segment_id": "soria_torralba_km7_8", "start_m": 7000.0, "end_m": 8000.0, "start_km": 7.0, "end_km": 8.0, "length_m": 1000.0 }, "geometry": { "type": "Polygon", "coordinates": [ [ [ -2.524225947349675, 41.183857010954156 ], [ -2.520351988274685, 41.184640780180011 ], [ -2.519439581998685, 41.184840137854145 ], [ -2.516883801088405, 41.185364156999952 ], [ -2.515277754352876, 41.185701846330893 ], [ -2.514806732945297, 41.185811537615422 ], [ -2.514385983949671, 41.18594037848753 ], [ -2.51396498332214, 41.186084924703238 ], [ -2.513675621574604, 41.186199999477637 ], [ -2.513361088687437, 41.186332532964983 ], [ -2.51322430517998, 41.18639937570461 ], [ -2.513094779648857, 41.186248109679546 ], [ -2.513238111456505, 41.186178067001983 ], [ -2.513561978561679, 41.186041600493965 ], [ -2.513860016806362, 41.18592307527242 ], [ -2.5142918161681, 41.185774821492679 ], [ -2.514726667157241, 41.185641662369967 ], [ -2.51521064573438, 41.185528953658526 ], [ -2.516820598994091, 41.185190442990525 ], [ -2.51937521808524, 41.184666662136017 ], [ -2.520288011808768, 41.184467219810251 ], [ -2.524164253279116, 41.183682988925796 ], [ -2.524503553151834, 41.183614334250585 ], [ -2.524565248607808, 41.183788355992853 ], [ -2.524225947349675, 41.183857010954156 ] ] ] } },
{ "type": "Feature", "properties": { "corridor_id": "soria_torralba", "segment_index": 9, "segment_id": "soria_torralba_km8_9", "start_m": 8000.0, "end_m": 9000.0, "start_km": 8.0, "end_km": 9.0, "length_m": 1000.0 }, "geometry": { "type": "Polygon", "coordinates": [ [ [ -2.512964883364893, 41.186526147947447 ], [ -2.512590175636863, 41.186727602766005 ], [ -2.512175703794564, 41.18698240523748 ], [ -2.511991472610069, 41.187116311400878 ], [ -2.511780676656313, 41.187269509729028 ], [ -2.511466358655641, 41.187522680469741 ], [ -2.51117260932161, 41.187787567436146 ], [ -2.510857563694567, 41.188109123557659 ], [ -2.510711175693165, 41.188279909853144 ], [ -2.510564045840869, 41.188456110040377 ], [ -2.510300771445736, 41.188801757514554 ], [ -2.510170647309315, 41.188988483599807 ], [ -2.510049586707767, 41.189167361673221 ], [ -2.509892877269539, 41.189429498129783 ], [ -2.509760437456746, 41.189677552972476 ], [ -2.509373074033992, 41.190539260510739 ], [ -2.508330619814218, 41.193010051011775 ], [ -2.508179590328423, 41.193368059410645 ], [ -2.507851371238398, 41.194127056009485 ], [ -2.50762465611509, 41.19407111722699 ], [ -2.507952609768103, 41.193312740477921 ], [ -2.508103379406251, 41.192955350950918 ], [ -2.509146526064059, 41.190482939378256 ], [ -2.50953676265088, 41.189614846919334 ], [ -2.509673522849446, 41.189358701766224 ], [ -2.509834613420759, 41.189089238226913 ], [ -2.509958952825003, 41.188905516303343 ], [ -2.510091828693069, 41.188714842391128 ], [ -2.510359754304267, 41.188363089869462 ], [ -2.510510224455663, 41.188182890059608 ], [ -2.510661436459013, 41.188006476359227 ], [ -2.510985190837698, 41.187676032487943 ], [ -2.511287841506875, 41.187403119461372 ], [ -2.511610923507217, 41.187142890208612 ], [ -2.511826129642418, 41.18698648702145 ], [ -2.512017496367782, 41.186847394708316 ], [ -2.512445624520512, 41.186584197188608 ], [ -2.512830916786609, 41.186377052013491 ], [ -2.513094779648855, 41.186248109679546 ], [ -2.513224305179981, 41.18639937570461 ], [ -2.512964883364893, 41.186526147947447 ] ] ] } },
{ "type": "Feature", "properties": { "corridor_id": "soria_torralba", "segment_index": 10, "segment_id": "soria_torralba_km9_10", "start_m": 9000.0, "end_m": 10000.0, "start_km": 9.0, "end_km": 10.0, "length_m": 1000.0 }, "geometry": { "type": "Polygon", "coordinates": [ [ [ -2.507775557879102, 41.194302369410948 ], [ -2.507557516618149, 41.194806504396851 ], [ -2.506743650537198, 41.19674453156032 ], [ -2.506344189768394, 41.19767344405674 ], [ -2.506149894121722, 41.198139395725548 ], [ -2.505958086299459, 41.198594353332581 ], [ -2.504552892606168, 41.201894751878832 ], [ -2.504211632812504, 41.202704283581461 ], [ -2.503984340056755, 41.202649628434507 ], [ -2.504325707489766, 41.201839848009548 ], [ -2.505730913796462, 41.198539446555785 ], [ -2.505922505973398, 41.198085004162621 ], [ -2.506117010327492, 41.19761855583161 ], [ -2.506516549558953, 41.196689468328124 ], [ -2.507330483478214, 41.194751295491656 ], [ -2.507548842925419, 41.194246428842902 ], [ -2.50762465611509, 41.19407111722699 ], [ -2.507851371238398, 41.194127056009485 ], [ -2.507775557879102, 41.194302369410948 ] ] ] } },
{ "type": "Feature", "properties": { "corridor_id": "soria_torralba", "segment_index": 11, "segment_id": "soria_torralba_km10_11", "start_m": 10000.0, "end_m": 11000.0, "start_km": 10.0, "end_km": 11.0, "length_m": 1000.0 }, "geometry": { "type": "Polygon", "coordinates": [ [ [ -2.504116047459132, 41.202931025993088 ], [ -2.502921786007431, 41.205764220577016 ], [ -2.502524436643978, 41.206677637670289 ], [ -2.50130147613083, 41.209551421517453 ], [ -2.500567533125813, 41.211281439942496 ], [ -2.500340341993475, 41.211226474595001 ], [ -2.501074307152864, 41.2094964180014 ], [ -2.502297563453171, 41.206621962218357 ], [ -2.502694814089353, 41.20570877931155 ], [ -2.503888751941493, 41.202876375543816 ], [ -2.503984340056755, 41.202649628434507 ], [ -2.504211632812504, 41.202704283581461 ], [ -2.504116047459132, 41.202931025993088 ] ] ] } },
{ "type": "Feature", "properties": { "corridor_id": "soria_torralba", "segment_index": 12, "segment_id": "soria_torralba_km11_12", "start_m": 11000.0, "end_m": 12000.0, "start_km": 11.0, "end_km": 12.0, "length_m": 1000.0 }, "geometry": { "type": "Polygon", "coordinates": [ [ [ -2.500433197006533, 41.211598080622238 ], [ -2.500088896818022, 41.212409748262658 ], [ -2.499911285942534, 41.212988467032581 ], [ -2.499830461873445, 41.213445457454227 ], [ -2.499803301343878, 41.213754195017813 ], [ -2.499823899019133, 41.214295227751485 ], [ -2.499897558101753, 41.214796438611224 ], [ -2.500019262079751, 41.215282073297629 ], [ -2.500179160391045, 41.215649603657113 ], [ -2.500480067825944, 41.216192419301436 ], [ -2.500762362976301, 41.216587258110415 ], [ -2.501150912172638, 41.217045556191948 ], [ -2.501522739487311, 41.217394996809269 ], [ -2.502062964330358, 41.217829999252082 ], [ -2.503342570662281, 41.218678508018336 ], [ -2.503794670277141, 41.219019080585262 ], [ -2.503834939104417, 41.219056334735164 ], [ -2.503650094399164, 41.219170246331267 ], [ -2.503617529559687, 41.219140119345028 ], [ -2.503179429174149, 41.218810091922187 ], [ -2.501896835505633, 41.217959600686349 ], [ -2.501342460350574, 41.217513203118635 ], [ -2.500956887672185, 41.217150843724937 ], [ -2.500556636880971, 41.216678741796521 ], [ -2.500264532047198, 41.216270180596716 ], [ -2.499955439502568, 41.215712596233445 ], [ -2.499787737841901, 41.215327126585457 ], [ -2.499661441851381, 41.214823161267425 ], [ -2.499585700959335, 41.214307772125196 ], [ -2.49956449866352, 41.2137508048584 ], [ -2.499592938160166, 41.213427542423481 ], [ -2.499676314116472, 41.212956132847822 ], [ -2.499858703266987, 41.212361851622674 ], [ -2.500206002166049, 41.211543121443199 ], [ -2.500340341993475, 41.211226474595001 ], [ -2.500567533125813, 41.211281439942496 ], [ -2.500433197006533, 41.211598080622238 ] ] ] } },
{ "type": "Feature", "properties": { "corridor_id": "soria_torralba", "segment_index": 13, "segment_id": "soria_torralba_km12_13", "start_m": 12000.0, "end_m": 13000.0, "start_km": 12.0, "end_km": 13.0, "length_m": 1000.0 }, "geometry": { "type": "Polygon", "coordinates": [ [ [ -2.50420244122416, 41.219396321649612 ], [ -2.504579588613033, 41.219813248384874 ], [ -2.504958940188137, 41.220346326912683 ], [ -2.505199940289689, 41.220761131815465 ], [ -2.505453394736981, 41.22141519175451 ], [ -2.505586531142293, 41.221994823883172 ], [ -2.505697379638266, 41.223269755875094 ], [ -2.505811108011638, 41.224758191869554 ], [ -2.506043604926689, 41.227777056158892 ], [ -2.505805381091866, 41.227787513426904 ], [ -2.505572893538401, 41.224768628365247 ], [ -2.505459220342828, 41.223280844001636 ], [ -2.505349268820307, 41.222016175994369 ], [ -2.505220605191746, 41.221456008127355 ], [ -2.504975259605601, 41.220822868074144 ], [ -2.504744259683533, 41.220425272986276 ], [ -2.504375411241817, 41.219906951523384 ], [ -2.504011158618912, 41.219504278269554 ], [ -2.503650094399169, 41.219170246331267 ], [ -2.503834939104413, 41.219056334735157 ], [ -2.50420244122416, 41.219396321649612 ] ] ] } },
{ "type": "Feature", "properties": { "corridor_id": "soria_torralba", "segment_index": 14, "segment_id": "soria_torralba_km13_14", "start_m": 13000.0, "end_m": 14000.0, "start_km": 13.0, "end_km": 14.0, "length_m": 1000.0 }, "geometry": { "type": "Polygon", "coordinates": [ [ [ -2.506080029510817, 41.228249988705286 ], [ -2.506136136519515, 41.229044767546078 ], [ -2.506201002009276, 41.229913223252282 ], [ -2.506211849528767, 41.230152467358415 ], [ -2.506207528529544, 41.230359790515124 ], [ -2.506173397334306, 41.230630084845245 ], [ -2.506129029885488, 41.230859591406215 ], [ -2.506052072901586, 41.231135751123077 ], [ -2.505954871097395, 41.231345416925329 ], [ -2.505866151752424, 41.231544858769993 ], [ -2.505744341640695, 41.231761846577029 ], [ -2.505519679668127, 41.232081677145693 ], [ -2.505236574848096, 41.232382624743323 ], [ -2.504620326108364, 41.232895844488013 ], [ -2.504060220900815, 41.233270593637641 ], [ -2.503312737734617, 41.233767921513483 ], [ -2.503049674201542, 41.233978567417388 ], [ -2.502825082692764, 41.23418865372409 ], [ -2.50261685777091, 41.234421897176318 ], [ -2.502457283497958, 41.234637803666089 ], [ -2.502315936350521, 41.234870129021338 ], [ -2.502178034220764, 41.235138267468486 ], [ -2.501916094150149, 41.23573586496412 ], [ -2.501689520055885, 41.23567927308779 ], [ -2.501953365884507, 41.23507733242235 ], [ -2.502096063768048, 41.234799870874106 ], [ -2.502244316635202, 41.234556196235879 ], [ -2.502413342376033, 41.234327502734175 ], [ -2.502632917464437, 41.234081546196109 ], [ -2.50286972596116, 41.233860032512595 ], [ -2.503146662429404, 41.233638278426824 ], [ -2.503902179261593, 41.233135606308238 ], [ -2.504452274055896, 41.232767555450884 ], [ -2.505050225312687, 41.23226957518164 ], [ -2.505316120479389, 41.231986922764762 ], [ -2.505528658487425, 41.231684353322443 ], [ -2.505642848357238, 41.231480941122165 ], [ -2.505729129004073, 41.231286982964434 ], [ -2.505821727184584, 41.231087248762087 ], [ -2.505893970172218, 41.230828008474091 ], [ -2.505936402705823, 41.230608515033005 ], [ -2.505969071489801, 41.23034980936152 ], [ -2.505973150469422, 41.230154132517839 ], [ -2.505962597977125, 41.229921376624198 ], [ -2.505897863463785, 41.229054632330559 ], [ -2.5058417704722, 41.228260011171344 ], [ -2.505805381091866, 41.227787513426904 ], [ -2.506043604926689, 41.227777056158892 ], [ -2.506080029510817, 41.228249988705286 ] ] ] } },
{ "type": "Feature", "properties": { "corridor_id": "soria_torralba", "segment_index": 15, "segment_id": "soria_torralba_km14_15", "start_m": 14000.0, "end_m": 15000.0, "start_km": 14.0, "end_km": 15.0, "length_m": 1000.0 }, "geometry": { "type": "Polygon", "coordinates": [ [ [ -2.501613588551269, 41.236425995271361 ], [ -2.500631920014994, 41.238665601080505 ], [ -2.500444475881618, 41.239053128518457 ], [ -2.500319110289458, 41.239265357350554 ], [ -2.500186541248211, 41.239455507318652 ], [ -2.500020962946508, 41.239655470609279 ], [ -2.499840221864998, 41.239853239824882 ], [ -2.499598862068173, 41.24007281615765 ], [ -2.499381863791784, 41.240250593130419 ], [ -2.499162069683443, 41.240405814512513 ], [ -2.498872196484292, 41.240588494077926 ], [ -2.498522722287875, 41.240773204625313 ], [ -2.498056943914057, 41.240999270800373 ], [ -2.497548344679647, 41.241250472972283 ], [ -2.497336057094822, 41.241355333218245 ], [ -2.497063983660944, 41.241506244416549 ], [ -2.496845170412055, 41.241635828176683 ], [ -2.496598473966753, 41.241802942087745 ], [ -2.496380262269566, 41.241963022963638 ], [ -2.496224305350288, 41.242092759765747 ], [ -2.496039116047131, 41.242259106484163 ], [ -2.495873650987732, 41.242424963413733 ], [ -2.495675545279308, 41.242643352667976 ], [ -2.495443304396656, 41.242926927350169 ], [ -2.495419817642755, 41.242956003476827 ], [ -2.4952160270695, 41.2428622213924 ], [ -2.495239895750045, 41.242832672560446 ], [ -2.495475454871128, 41.242545047245542 ], [ -2.495679749168042, 41.242319836505033 ], [ -2.495852284112948, 41.242146893440427 ], [ -2.496044494812317, 41.241974240164346 ], [ -2.496208537894413, 41.241837776972602 ], [ -2.496435526196717, 41.241671257854762 ], [ -2.496691629749298, 41.241497771772217 ], [ -2.496919616496615, 41.241362755538177 ], [ -2.497199943058358, 41.241207266741448 ], [ -2.497417653142445, 41.241099728140213 ], [ -2.497927056235067, 41.240848129162892 ], [ -2.498389677863368, 41.240623595336132 ], [ -2.498727003673842, 41.240445305876328 ], [ -2.499003930479157, 41.24027078543331 ], [ -2.499212336372304, 41.240123606807394 ], [ -2.499419138094493, 41.239954183772511 ], [ -2.499649778293374, 41.239744360096751 ], [ -2.499821437204442, 41.239556529304707 ], [ -2.499979458894163, 41.239365692588663 ], [ -2.500104289840179, 41.239186642549697 ], [ -2.500223124233406, 41.238985471375599 ], [ -2.500406480087689, 41.238606398809594 ], [ -2.501387011178911, 41.236369405458348 ], [ -2.501689520055885, 41.23567927308779 ], [ -2.501916094150149, 41.23573586496412 ], [ -2.501613588551269, 41.236425995271361 ] ] ] } },
{ "type": "Feature", "properties": { "corridor_id": "soria_torralba", "segment_index": 16, "segment_id": "soria_torralba_km15_16", "start_m": 15000.0, "end_m": 16000.0, "start_km": 15.0, "end_km": 16.0, "length_m": 1000.0 }, "geometry": { "type": "Polygon", "coordinates": [ [ [ -2.49490254021203, 41.24359637463882 ], [ -2.494702572975721, 41.243827606185917 ], [ -2.494462543553804, 41.2440717042616 ], [ -2.494205998101557, 41.244305565772677 ], [ -2.493946803921104, 41.244514449003532 ], [ -2.493600725864812, 41.244764794921338 ], [ -2.493237560025591, 41.244994725473667 ], [ -2.492922347292569, 41.245166365039346 ], [ -2.49250744741926, 41.245386642914745 ], [ -2.486270052648607, 41.248652409311795 ], [ -2.486134001234582, 41.24850438326262 ], [ -2.492370752734204, 41.245238957044627 ], [ -2.492783852861934, 41.245019634918947 ], [ -2.493090840133203, 41.244852474479607 ], [ -2.493441274298158, 41.244630605023623 ], [ -2.493776996242912, 41.244387750934102 ], [ -2.494026802061332, 41.244186434157911 ], [ -2.494274656605767, 41.243960495662122 ], [ -2.494506627178573, 41.243724593731109 ], [ -2.494700659936466, 41.243500225273131 ], [ -2.495216027069501, 41.242862221392386 ], [ -2.495419817642754, 41.242956003476834 ], [ -2.49490254021203, 41.24359637463882 ] ] ] } },
{ "type": "Feature", "properties": { "corridor_id": "soria_torralba", "segment_index": 17, "segment_id": "soria_torralba_km16_17", "start_m": 16000.0, "end_m": 17000.0, "start_km": 16.0, "end_km": 17.0, "length_m": 1000.0 }, "geometry": { "type": "Polygon", "coordinates": [ [ [ -2.485642506785366, 41.248980941929581 ], [ -2.485018978395975, 41.249295860469957 ], [ -2.484903543567806, 41.24935407808637 ], [ -2.479777208204348, 41.251942690290235 ], [ -2.478103036795953, 41.252838219648389 ], [ -2.477215351703661, 41.253235085037822 ], [ -2.476511466503197, 41.253522651667026 ], [ -2.476270963846668, 41.253593739428119 ], [ -2.476183904359103, 41.253425994452563 ], [ -2.476410733621711, 41.253358948310499 ], [ -2.47709764843638, 41.253078314931862 ], [ -2.477972963353527, 41.252686980314742 ], [ -2.479641791948403, 41.25179430966989 ], [ -2.484770825988532, 41.249204337325793 ], [ -2.484886254434057, 41.249146122987078 ], [ -2.485508093366744, 41.248832058031098 ], [ -2.486134001234583, 41.24850438326262 ], [ -2.486270052648606, 41.248652409311795 ], [ -2.485642506785366, 41.248980941929581 ] ] ] } },
{ "type": "Feature", "properties": { "corridor_id": "soria_torralba", "segment_index": 18, "segment_id": "soria_torralba_km17_18", "start_m": 17000.0, "end_m": 18000.0, "start_km": 17.0, "end_km": 18.0, "length_m": 1000.0 }, "geometry": { "type": "Polygon", "coordinates": [ [ [ -2.475744903365507, 41.253749230056371 ], [ -2.474882810488376, 41.254033863610829 ], [ -2.47427867035118, 41.254220237732078 ], [ -2.473388363079106, 41.25451070752402 ], [ -2.472491727906407, 41.254788648645501 ], [ -2.471494192797917, 41.255233742220433 ], [ -2.470897029332666, 41.255661747010635 ], [ -2.469481338850762, 41.257062999587063 ], [ -2.468719501772213, 41.257822023510649 ], [ -2.468286247660151, 41.258167527740973 ], [ -2.467795116768719, 41.258503298068149 ], [ -2.467335872209802, 41.25877149623949 ], [ -2.467029987712716, 41.258918074837531 ], [ -2.466902006490756, 41.258765995440214 ], [ -2.467198527944354, 41.258623903719538 ], [ -2.467641683392767, 41.258365101880884 ], [ -2.468119152504028, 41.258038672198651 ], [ -2.468537098390269, 41.257705376417491 ], [ -2.469291261307592, 41.256954000334915 ], [ -2.470718770831546, 41.255541052920712 ], [ -2.471349407361468, 41.255089057734089 ], [ -2.472385072224317, 41.254626951329449 ], [ -2.473295637037377, 41.254344692456812 ], [ -2.47418612976511, 41.254054162248799 ], [ -2.474789789628422, 41.253867936369865 ], [ -2.475653496749605, 41.253582769924968 ], [ -2.476183904359107, 41.253425994452563 ], [ -2.476270963846665, 41.253593739428119 ], [ -2.475744903365507, 41.253749230056371 ] ] ] } },
{ "type": "Feature", "properties": { "corridor_id": "soria_torralba", "segment_index": 19, "segment_id": "soria_torralba_km18_19", "start_m": 18000.0, "end_m": 19000.0, "start_km": 18.0, "end_km": 19.0, "length_m": 1000.0 }, "geometry": { "type": "Polygon", "coordinates": [ [ [ -2.466592733722589, 41.259127602592642 ], [ -2.46591608168526, 41.259377784002382 ], [ -2.464572825662238, 41.259843354112434 ], [ -2.461183253266365, 41.261018167546965 ], [ -2.460267436348732, 41.261348450850356 ], [ -2.458164043780039, 41.262244118861211 ], [ -2.456700452053114, 41.262909333424659 ], [ -2.456408313798964, 41.263023741550363 ], [ -2.456298329490271, 41.262863843019247 ], [ -2.456583748086183, 41.262752066545559 ], [ -2.458043756362103, 41.262088481107199 ], [ -2.460157163784998, 41.261188549122927 ], [ -2.46108194685884, 41.260855032430364 ], [ -2.464473172970132, 41.259679646382452 ], [ -2.465813718440985, 41.259215015974469 ], [ -2.466475866417024, 41.258970197377486 ], [ -2.466902006490756, 41.258765995440214 ], [ -2.467029987712716, 41.258918074837531 ], [ -2.466592733722589, 41.259127602592642 ] ] ] } },
{ "type": "Feature", "properties": { "corridor_id": "soria_torralba", "segment_index": 20, "segment_id": "soria_torralba_km19_20", "start_m": 19000.0, "end_m": 20000.0, "start_km": 19.0, "end_km": 20.0, "length_m": 1000.0 }, "geometry": { "type": "Polygon", "coordinates": [ [ [ -2.455876711408021, 41.263231926451581 ], [ -2.455002890060273, 41.26347610788735 ], [ -2.454229297838546, 41.263597747034588 ], [ -2.453452676318996, 41.263618545736399 ], [ -2.452683113591026, 41.263556717777071 ], [ -2.451857268353349, 41.263360525878767 ], [ -2.451351268225882, 41.263192201661468 ], [ -2.450893042789162, 41.262978452390882 ], [ -2.450383843964934, 41.262663190084638 ], [ -2.44996377481457, 41.262347656314162 ], [ -2.448341293853656, 41.261026467532687 ], [ -2.447517341697973, 41.26035729295841 ], [ -2.447251438677965, 41.260147562232753 ], [ -2.44707359075344, 41.260019593605101 ], [ -2.446835575786901, 41.2598662147346 ], [ -2.446508951933138, 41.259687409508601 ], [ -2.446480718712385, 41.259674943787523 ], [ -2.446601287736963, 41.259519453425725 ], [ -2.446639647915775, 41.259536390452382 ], [ -2.44698342405307, 41.259724585216055 ], [ -2.447233609083137, 41.259885806337479 ], [ -2.447420161157925, 41.26002003770369 ], [ -2.44769105813836, 41.260233706974383 ], [ -2.448516305982875, 41.260903932399124 ], [ -2.450135625021478, 41.262222543619998 ], [ -2.450544155871341, 41.26252940985777 ], [ -2.45103215705451, 41.262831547565177 ], [ -2.451462731637479, 41.263032398309612 ], [ -2.451941531537103, 41.263191674103886 ], [ -2.452732086341519, 41.263379482215932 ], [ -2.453461123668023, 41.263438054261925 ], [ -2.454200502199565, 41.263418252962467 ], [ -2.454936710026229, 41.263302492102369 ], [ -2.455779888712975, 41.263066873527656 ], [ -2.456298329490273, 41.262863843019247 ], [ -2.456408313798963, 41.263023741550363 ], [ -2.455876711408021, 41.263231926451581 ] ] ] } },
{ "type": "Feature", "properties": { "corridor_id": "soria_torralba", "segment_index": 21, "segment_id": "soria_torralba_km20_21", "start_m": 20000.0, "end_m": 21000.0, "start_km": 20.0, "end_km": 21.0, "length_m": 1000.0 }, "geometry": { "type": "Polygon", "coordinates": [ [ [ -2.446167051930469, 41.259536450741798 ], [ -2.445865478838912, 41.259424031122606 ], [ -2.445557764395113, 41.259329918122546 ], [ -2.44522021722545, 41.259251098499711 ], [ -2.444842192927361, 41.259180108934984 ], [ -2.444435001661431, 41.259133005543987 ], [ -2.444051495116209, 41.259117346256083 ], [ -2.443656318601822, 41.259125956186942 ], [ -2.443299360333186, 41.259150833026268 ], [ -2.442957084931877, 41.259197630002731 ], [ -2.442505359778218, 41.259299929580166 ], [ -2.442189124123882, 41.259384706835831 ], [ -2.441812892913874, 41.259520278660908 ], [ -2.441345445783325, 41.259726080448701 ], [ -2.441011935743595, 41.259923611366773 ], [ -2.440901843431291, 41.259994531575927 ], [ -2.440834589748225, 41.260039303073164 ], [ -2.440617764773516, 41.260195210231792 ], [ -2.440426684396844, 41.26035767253515 ], [ -2.440204011276587, 41.260566380032799 ], [ -2.440007613762292, 41.260790792878552 ], [ -2.439838760198538, 41.261007304795342 ], [ -2.439706832885061, 41.261213368774492 ], [ -2.439581404497439, 41.26144327279885 ], [ -2.439489245673879, 41.26166329077062 ], [ -2.439409211180174, 41.261918133744146 ], [ -2.43935396932242, 41.262170935877613 ], [ -2.439327836279924, 41.262343923086554 ], [ -2.439315764815686, 41.262484244750688 ], [ -2.439314885685143, 41.262724464546963 ], [ -2.439333166545415, 41.262957831816244 ], [ -2.439382797123828, 41.263214837957506 ], [ -2.439442959955317, 41.263419644272254 ], [ -2.43958090539207, 41.263817389886661 ], [ -2.439605123153945, 41.263880619287079 ], [ -2.439375753443926, 41.263930636149439 ], [ -2.439350694525141, 41.263865209997618 ], [ -2.439210839970996, 41.263461955610182 ], [ -2.439147802819164, 41.26324736192214 ], [ -2.43909543342269, 41.262976168060796 ], [ -2.439076114307003, 41.262729535329186 ], [ -2.439077035196782, 41.262478155125635 ], [ -2.439089963750551, 41.262327876790749 ], [ -2.439117430723782, 41.262146064001151 ], [ -2.439174988884466, 41.261882666137076 ], [ -2.43925895441159, 41.26161530911466 ], [ -2.439356795609064, 41.261381727092093 ], [ -2.439488767238174, 41.261139831122804 ], [ -2.439628039938861, 41.260922295108792 ], [ -2.439804986385735, 41.260695407032827 ], [ -2.44001098888042, 41.260460019886786 ], [ -2.440244315765219, 41.260241327393068 ], [ -2.440445835390741, 41.26006998970437 ], [ -2.440673210415121, 41.259906496870542 ], [ -2.440745356730913, 41.259858468371114 ], [ -2.440860664416995, 41.259784188583716 ], [ -2.441210954369377, 41.259576719512019 ], [ -2.44170110722122, 41.259360921311696 ], [ -2.442097475991607, 41.259218093145471 ], [ -2.44243104031775, 41.259128670407151 ], [ -2.44290131514153, 41.259022169989642 ], [ -2.443267039709534, 41.258972166970352 ], [ -2.443641881416627, 41.258946043811306 ], [ -2.444054504878282, 41.258937053742443 ], [ -2.44445959830357, 41.258953594453111 ], [ -2.444889207007975, 41.259003291058455 ], [ -2.445284382688426, 41.259077501489521 ], [ -2.445638035499852, 41.259160081861538 ], [ -2.445963321037452, 41.25925956885466 ], [ -2.446280347931645, 41.259377749228385 ], [ -2.446601287736952, 41.259519453425725 ], [ -2.446480718712396, 41.259674943787523 ], [ -2.446167051930469, 41.259536450741798 ] ] ] } },
{ "type": "Feature", "properties": { "corridor_id": "soria_torralba", "segment_index": 22, "segment_id": "soria_torralba_km21_22", "start_m": 21000.0, "end_m": 22000.0, "start_km": 21.0, "end_km": 22.0, "length_m": 1000.0 }, "geometry": { "type": "Polygon", "coordinates": [ [ [ -2.440218487393408, 41.26548199092359 ], [ -2.440549489923366, 41.266346393572896 ], [ -2.440795987400803, 41.266989884043092 ], [ -2.441046285854297, 41.267642977020799 ], [ -2.44143706712307, 41.268662475533503 ], [ -2.441591314565077, 41.268994661754974 ], [ -2.441726263914852, 41.26922519550822 ], [ -2.441851480809269, 41.269404837273228 ], [ -2.442122421811276, 41.269728876151582 ], [ -2.442384342945495, 41.270040962454139 ], [ -2.442847744954482, 41.270588335622854 ], [ -2.443071601663072, 41.270884846060333 ], [ -2.443255996506791, 41.271174257011999 ], [ -2.443385434200266, 41.27145010348427 ], [ -2.44346955325492, 41.271651145123641 ], [ -2.443517172470582, 41.271818635911302 ], [ -2.443561819495468, 41.271991438991883 ], [ -2.44360068594038, 41.272179497473225 ], [ -2.443614481478606, 41.27231504192482 ], [ -2.443376395364118, 41.272328834274248 ], [ -2.443363314023273, 41.27220030240418 ], [ -2.44332658044996, 41.272022560887564 ], [ -2.443283227466188, 41.271854763969394 ], [ -2.443238446664964, 41.271697254759765 ], [ -2.443158965701999, 41.27150729640362 ], [ -2.443035203377455, 41.271243542881194 ], [ -2.44285999820256, 41.270968553841257 ], [ -2.442643254900855, 41.270681464284998 ], [ -2.442182856906468, 41.270137637456344 ], [ -2.441920578041091, 41.269825123758601 ], [ -2.441644519049107, 41.2694949626325 ], [ -2.441511135957306, 41.269303604390188 ], [ -2.441369085323555, 41.26906093813691 ], [ -2.441209532782837, 41.268717324353318 ], [ -2.44081691460449, 41.267693024286672 ], [ -2.440566614586332, 41.26703992125244 ], [ -2.440320111470203, 41.266396410175652 ], [ -2.439989111212496, 41.265532005547286 ], [ -2.439375753443926, 41.263930636149432 ], [ -2.439605123153944, 41.263880619287086 ], [ -2.440218487393408, 41.26548199092359 ] ] ] } },
{ "type": "Feature", "properties": { "corridor_id": "soria_torralba", "segment_index": 23, "segment_id": "soria_torralba_km22_23", "start_m": 22000.0, "end_m": 23000.0, "start_km": 22.0, "end_km": 23.0, "length_m": 1000.0 }, "geometry": { "type": "Polygon", "coordinates": [ [ [ -2.443626535499165, 41.272433475112322 ], [ -2.443630807619797, 41.272686926872552 ], [ -2.443618168842995, 41.27322401616096 ], [ -2.44359920962519, 41.273800749384741 ], [ -2.443573660843928, 41.274130052496439 ], [ -2.443532714548622, 41.274376040802331 ], [ -2.443457460020828, 41.274657375678224 ], [ -2.44336887691914, 41.274888104806813 ], [ -2.443256747298247, 41.275116578693769 ], [ -2.443106587014751, 41.275364870269996 ], [ -2.442934173023772, 41.27561101515704 ], [ -2.442646783128447, 41.275934978800393 ], [ -2.44168135272517, 41.276902318359767 ], [ -2.440431246317267, 41.278023680900894 ], [ -2.438360867164427, 41.279372060142705 ], [ -2.43775736669272, 41.279731817358417 ], [ -2.437609300805356, 41.279590471366269 ], [ -2.438208732996618, 41.279233139807211 ], [ -2.440260753847952, 41.277896719036356 ], [ -2.441494447435233, 41.27679008156484 ], [ -2.442452017027116, 41.275830621117706 ], [ -2.442728827121725, 41.275518584751921 ], [ -2.44289221311621, 41.275285329630769 ], [ -2.443035852818632, 41.275047821200779 ], [ -2.44314192317966, 41.274831695081794 ], [ -2.44322534005647, 41.274614424205176 ], [ -2.443296885505015, 41.274346959077178 ], [ -2.443335739187387, 41.2741135473808 ], [ -2.443360590389829, 41.2737932504917 ], [ -2.443379431165355, 41.273220183715317 ], [ -2.4433919923824, 41.272686473003596 ], [ -2.443387864487541, 41.272441524763899 ], [ -2.443376395364118, 41.272328834274248 ], [ -2.443614481478606, 41.27231504192482 ], [ -2.443626535499165, 41.272433475112322 ] ] ] } },
{ "type": "Feature", "properties": { "corridor_id": "soria_torralba", "segment_index": 24, "segment_id": "soria_torralba_km23_24", "start_m": 23000.0, "end_m": 24000.0, "start_km": 23.0, "end_km": 24.0, "length_m": 1000.0 }, "geometry": { "type": "Polygon", "coordinates": [ [ [ -2.435648534696065, 41.28098887278319 ], [ -2.43203780752354, 41.283141230756392 ], [ -2.431145838201884, 41.283674572549046 ], [ -2.430759936262184, 41.283903891140213 ], [ -2.430506382404012, 41.284076488239748 ], [ -2.430317453636039, 41.284218404408243 ], [ -2.430070345032106, 41.284429260206117 ], [ -2.429926434457598, 41.284569478466274 ], [ -2.429785621672249, 41.284721669324561 ], [ -2.429667183907678, 41.284869983567212 ], [ -2.429514901760409, 41.285085080135687 ], [ -2.429414434324798, 41.285249738244403 ], [ -2.429319213134604, 41.285431107876413 ], [ -2.429230228643599, 41.285631518900715 ], [ -2.42919139501462, 41.28574150681677 ], [ -2.428960603926461, 41.285695145099481 ], [ -2.429001371448142, 41.28557968098599 ], [ -2.429094786972378, 41.285369292014742 ], [ -2.429194765795029, 41.285178861651353 ], [ -2.429300898371398, 41.285004919765385 ], [ -2.429459416234149, 41.284781016339608 ], [ -2.42958517847849, 41.284623530588732 ], [ -2.429733965699675, 41.284462721453785 ], [ -2.429886255129655, 41.284314339720765 ], [ -2.43014354652814, 41.284094795526478 ], [ -2.430342017759997, 41.283945711701882 ], [ -2.43060586389963, 41.283766108808464 ], [ -2.43099776195756, 41.283533227403488 ], [ -2.431889592635958, 41.282999969196084 ], [ -2.435500462940448, 41.280847528673334 ], [ -2.437609300805358, 41.279590471366269 ], [ -2.437757366692718, 41.279731817358417 ], [ -2.435648534696065, 41.28098887278319 ] ] ] } },
{ "type": "Feature", "properties": { "corridor_id": "soria_torralba", "segment_index": 25, "segment_id": "soria_torralba_km24_25", "start_m": 24000.0, "end_m": 25000.0, "start_km": 24.0, "end_km": 25.0, "length_m": 1000.0 }, "geometry": { "type": "Polygon", "coordinates": [ [ [ -2.42916970235762, 41.285802946439851 ], [ -2.429108115043568, 41.286046743553356 ], [ -2.429063885760306, 41.286252435752431 ], [ -2.429048010850015, 41.286467969753808 ], [ -2.429038407348743, 41.286689643573553 ], [ -2.42905104296428, 41.286901235075959 ], [ -2.429073155725248, 41.287062520315153 ], [ -2.429127391796741, 41.287321069476363 ], [ -2.429190846766066, 41.28752754098528 ], [ -2.429255716142599, 41.287703308970862 ], [ -2.429342523669409, 41.287883615802457 ], [ -2.429533776232453, 41.288221442086133 ], [ -2.429773962290538, 41.288540386601575 ], [ -2.430020694348132, 41.288816064403704 ], [ -2.430538631543257, 41.2893492664994 ], [ -2.430828836332197, 41.289651529186294 ], [ -2.431002304458297, 41.289846004874825 ], [ -2.431168194418, 41.29006165118691 ], [ -2.431285452632971, 41.290229147824121 ], [ -2.43143354420545, 41.2904894385603 ], [ -2.431570829968491, 41.290810280311796 ], [ -2.431649795248545, 41.291030203128479 ], [ -2.431904634747475, 41.291846845538899 ], [ -2.43201312736849, 41.292161551582019 ], [ -2.432092061685132, 41.292342304631049 ], [ -2.432211149085416, 41.292563103690497 ], [ -2.432370705293048, 41.29281376417633 ], [ -2.432532036231791, 41.293032337974985 ], [ -2.432692741004926, 41.293206402253837 ], [ -2.432938609766409, 41.293443833052613 ], [ -2.433177248210335, 41.29364216401018 ], [ -2.433378708149977, 41.293778657626888 ], [ -2.433219078987759, 41.293912673183968 ], [ -2.433008551624932, 41.293770035926251 ], [ -2.432755790071701, 41.293559966873168 ], [ -2.432500458838387, 41.293313397664363 ], [ -2.432329163620843, 41.293127861934266 ], [ -2.432158494573471, 41.292896635724695 ], [ -2.431992650793742, 41.292636096204802 ], [ -2.431867738209407, 41.292404495258822 ], [ -2.43178387254359, 41.292212448303133 ], [ -2.431672765177083, 41.291890154343747 ], [ -2.43141820467454, 41.291074396754432 ], [ -2.431341769943066, 41.290861519573539 ], [ -2.431209655687359, 41.290552761329955 ], [ -2.431069747239935, 41.290306852073719 ], [ -2.430959205443445, 41.290148948716997 ], [ -2.430799695394443, 41.289941595034684 ], [ -2.430632963514035, 41.289754670728897 ], [ -2.430345568300826, 41.289455333418154 ], [ -2.429825305497687, 41.288919735511904 ], [ -2.429570837562718, 41.288635413307482 ], [ -2.429319423637288, 41.288301557812936 ], [ -2.429120276219346, 41.287949784089342 ], [ -2.429028083762994, 41.287758290915868 ], [ -2.42895935315649, 41.287572058897744 ], [ -2.428892808142847, 41.287355530403673 ], [ -2.428836244233863, 41.287085879562653 ], [ -2.428812757012863, 41.286914564800547 ], [ -2.428799392650635, 41.286690756302363 ], [ -2.428809389165851, 41.28646003012264 ], [ -2.428826114276416, 41.286232964125027 ], [ -2.42887288501394, 41.28601545632678 ], [ -2.428936697714963, 41.285762853442648 ], [ -2.428960603926459, 41.285695145099496 ], [ -2.429191395014622, 41.285741506816748 ], [ -2.42916970235762, 41.285802946439851 ] ] ] } },
{ "type": "Feature", "properties": { "corridor_id": "soria_torralba", "segment_index": 26, "segment_id": "soria_torralba_km25_26", "start_m": 25000.0, "end_m": 26000.0, "start_km": 25.0, "end_km": 26.0, "length_m": 1000.0 }, "geometry": { "type": "Polygon", "coordinates": [ [ [ -2.433549245630549, 41.293894199866699 ], [ -2.43389829473624, 41.294088516749376 ], [ -2.434325916070635, 41.294284355125249 ], [ -2.434725169188012, 41.294424872704106 ], [ -2.435169305631297, 41.294546116820875 ], [ -2.436324389733057, 41.294805631241481 ], [ -2.436619557869118, 41.29487874350238 ], [ -2.436899215783831, 41.294950038861508 ], [ -2.437234747426573, 41.295065438743045 ], [ -2.437477859379209, 41.295161138285714 ], [ -2.437785819022264, 41.295307444628371 ], [ -2.438008111252978, 41.295426808501674 ], [ -2.438236498181436, 41.295567015445677 ], [ -2.438451977903696, 41.295713919313464 ], [ -2.438643311616748, 41.295865232663282 ], [ -2.438822167445824, 41.296027240293931 ], [ -2.43901813032557, 41.296226877178825 ], [ -2.43930448212845, 41.296554482485362 ], [ -2.439521898338985, 41.296827156448231 ], [ -2.441011219066339, 41.298659832654351 ], [ -2.441212359604199, 41.298886935908612 ], [ -2.441423932179049, 41.299086200663929 ], [ -2.441665402375761, 41.29929236453296 ], [ -2.441931801688473, 41.299482677382848 ], [ -2.441989506194622, 41.299517630790461 ], [ -2.441839909489466, 41.299658083725213 ], [ -2.441774598148233, 41.29961852256168 ], [ -2.441493397459715, 41.299417635401063 ], [ -2.441241067659176, 41.299202199261842 ], [ -2.441019440239253, 41.298993464009058 ], [ -2.440809980784944, 41.298756967256352 ], [ -2.43931770151586, 41.296920643459913 ], [ -2.439102317723875, 41.296650517424524 ], [ -2.438822269520474, 41.296330122736428 ], [ -2.438634232394735, 41.296138559627821 ], [ -2.438464888219991, 41.295985167265911 ], [ -2.438285221931784, 41.295843080624373 ], [ -2.438080901655837, 41.295703784499921 ], [ -2.437863288588078, 41.295570191450878 ], [ -2.437652780825107, 41.295457155331256 ], [ -2.437358740477889, 41.295317461681471 ], [ -2.437129852442869, 41.295227361231092 ], [ -2.436811184102402, 41.295117761119712 ], [ -2.43654404203121, 41.295049656483314 ], [ -2.43625301017208, 41.294977568745587 ], [ -2.435094494269796, 41.294717283165085 ], [ -2.434633830694758, 41.294591527275827 ], [ -2.434213083791514, 41.294443444845115 ], [ -2.433765105110905, 41.294238283210163 ], [ -2.433398154207872, 41.29403400008183 ], [ -2.433219078987761, 41.293912673183968 ], [ -2.433378708149976, 41.293778657626888 ], [ -2.433549245630549, 41.293894199866699 ] ] ] } },
{ "type": "Feature", "properties": { "corridor_id": "soria_torralba", "segment_index": 27, "segment_id": "soria_torralba_km26_27", "start_m": 26000.0, "end_m": 27000.0, "start_km": 26.0, "end_km": 27.0, "length_m": 1000.0 }, "geometry": { "type": "Polygon", "coordinates": [ [ [ -2.442145262502005, 41.299611976882446 ], [ -2.442346974418073, 41.299720598440985 ], [ -2.44265144657514, 41.299870442799012 ], [ -2.443013222320762, 41.300009609939082 ], [ -2.444336834797422, 41.300503427890121 ], [ -2.445377001253942, 41.300894590364223 ], [ -2.446418602457151, 41.301286229876695 ], [ -2.446835454938438, 41.301455686981086 ], [ -2.447103765162451, 41.301584835484377 ], [ -2.447347865510428, 41.301712888050226 ], [ -2.44761416565622, 41.301880156751942 ], [ -2.447801074263334, 41.302008463539025 ], [ -2.448010301016746, 41.302174246367635 ], [ -2.448176464864197, 41.302319948027467 ], [ -2.448383409584685, 41.302528019367578 ], [ -2.44854132833378, 41.302712852283257 ], [ -2.448667666162098, 41.302868163556724 ], [ -2.448773898777708, 41.303022674005447 ], [ -2.448877555151738, 41.30318872902069 ], [ -2.448972275699032, 41.30337076465765 ], [ -2.449052575050445, 41.303553560040186 ], [ -2.449124100621122, 41.303742444214983 ], [ -2.449184026750764, 41.303962514543585 ], [ -2.44924473142538, 41.304280726447281 ], [ -2.449266601863338, 41.304550763807811 ], [ -2.449262004100486, 41.304805812206702 ], [ -2.44923040131772, 41.305202869000986 ], [ -2.449179953804284, 41.305741886692616 ], [ -2.448941637628259, 41.305729204086752 ], [ -2.448991998705002, 41.305191130875684 ], [ -2.449023195912953, 41.304799187669502 ], [ -2.449027598130217, 41.304555036068059 ], [ -2.449006868542615, 41.304299073429611 ], [ -2.44894857319481, 41.303993485335617 ], [ -2.448891899303967, 41.303785355667337 ], [ -2.448824224858087, 41.30360663984586 ], [ -2.44874752419682, 41.303432035231822 ], [ -2.448658044729571, 41.303260070873684 ], [ -2.448559701092461, 41.303102525893792 ], [ -2.448459533697627, 41.302956836347967 ], [ -2.448339071518654, 41.302808747626571 ], [ -2.448187190261466, 41.302630980547377 ], [ -2.447990134975402, 41.302432851895581 ], [ -2.447833098819735, 41.302295153562532 ], [ -2.447633925572096, 41.302137336398538 ], [ -2.447457234180705, 41.302016043192765 ], [ -2.447202934330436, 41.30185631190227 ], [ -2.44697123468525, 41.301734764475547 ], [ -2.446714344917118, 41.301611112985128 ], [ -2.446308597407675, 41.301446170095076 ], [ -2.445270401361873, 41.301055810642389 ], [ -2.444230565070789, 41.300664772083401 ], [ -2.442905977546556, 41.300170590033986 ], [ -2.442531553281216, 41.30002655716779 ], [ -2.44221222542828, 41.299869401517647 ], [ -2.442000937339278, 41.299755623070403 ], [ -2.441839909489466, 41.299658083725213 ], [ -2.441989506194622, 41.299517630790461 ], [ -2.442145262502005, 41.299611976882446 ] ] ] } },
{ "type": "Feature", "properties": { "corridor_id": "soria_torralba", "segment_index": 28, "segment_id": "soria_torralba_km27_28", "start_m": 27000.0, "end_m": 28000.0, "start_km": 27.0, "end_km": 28.0, "length_m": 1000.0 }, "geometry": { "type": "Polygon", "coordinates": [ [ [ -2.449111859416702, 41.306469441319216 ], [ -2.449050360470246, 41.307126142829524 ], [ -2.448938806880719, 41.308318101657022 ], [ -2.448915436350516, 41.308804742121559 ], [ -2.448926352360611, 41.309038062735489 ], [ -2.448959364950684, 41.309289131275584 ], [ -2.44900818383997, 41.309529505915371 ], [ -2.449109223103124, 41.309872763199458 ], [ -2.449273070139394, 41.310247003235411 ], [ -2.449466942773316, 41.310595285777531 ], [ -2.449681774134965, 41.310909710321155 ], [ -2.450986633692519, 41.312269786658341 ], [ -2.452613085956354, 41.313833157801255 ], [ -2.452425084495682, 41.313944343752688 ], [ -2.450795766149717, 41.312378213261049 ], [ -2.44947762571812, 41.311004289587046 ], [ -2.449250257101351, 41.310671514119448 ], [ -2.449049129753504, 41.310310196654818 ], [ -2.44887857681368, 41.309920636684367 ], [ -2.448773216101714, 41.309562693964267 ], [ -2.4487222350098, 41.309311668601985 ], [ -2.448687847618733, 41.309050137140794 ], [ -2.448676363650996, 41.308804657754301 ], [ -2.448700193138138, 41.308308498219418 ], [ -2.448812039356464, 41.307113459159986 ], [ -2.448873540773596, 41.306456756785501 ], [ -2.448941637628259, 41.305729204086752 ], [ -2.449179953804284, 41.305741886692616 ], [ -2.449111859416702, 41.306469441319216 ] ] ] } },
{ "type": "Feature", "properties": { "corridor_id": "soria_torralba", "segment_index": 29, "segment_id": "soria_torralba_km28_29", "start_m": 28000.0, "end_m": 29000.0, "start_km": 28.0, "end_km": 29.0, "length_m": 1000.0 }, "geometry": { "type": "Polygon", "coordinates": [ [ [ -2.454720201807248, 41.315858405290747 ], [ -2.457603301919313, 41.318629293765014 ], [ -2.457811998293889, 41.318832084298229 ], [ -2.45788532161375, 41.318903406862511 ], [ -2.459963690966261, 41.320923403925498 ], [ -2.459974825423254, 41.320935886944163 ], [ -2.45977652400948, 41.321036412346565 ], [ -2.459769908877754, 41.321028995991526 ], [ -2.457696492062389, 41.319013806505673 ], [ -2.457623182985835, 41.318942497586875 ], [ -2.457414897921446, 41.318740106156369 ], [ -2.454532197595892, 41.315969594210529 ], [ -2.452425084495682, 41.313944343752688 ], [ -2.452613085956354, 41.313833157801255 ], [ -2.454720201807248, 41.315858405290747 ] ] ] } },
{ "type": "Feature", "properties": { "corridor_id": "soria_torralba", "segment_index": 30, "segment_id": "soria_torralba_km29_30", "start_m": 29000.0, "end_m": 30000.0, "start_km": 29.0, "end_km": 30.0, "length_m": 1000.0 }, "geometry": { "type": "Polygon", "coordinates": [ [ [ -2.460294616090814, 41.321294406913893 ], [ -2.460519881399818, 41.321561675480844 ], [ -2.460752955607489, 41.321865429698725 ], [ -2.460961731616984, 41.322167735036416 ], [ -2.461180831501585, 41.322510361559758 ], [ -2.461367151546824, 41.322839856062366 ], [ -2.461526531668104, 41.323152142968077 ], [ -2.461699571113362, 41.32354575305343 ], [ -2.461869954528374, 41.324020642725003 ], [ -2.462059393311474, 41.324683573432999 ], [ -2.462137302186064, 41.325119109019013 ], [ -2.462211863124006, 41.325771356115375 ], [ -2.462446363469485, 41.328533378729908 ], [ -2.462534912607878, 41.329626544041275 ], [ -2.462296360327147, 41.329637523077686 ], [ -2.462207836511325, 41.328544621146364 ], [ -2.461973536852731, 41.325784843761092 ], [ -2.461899697779297, 41.325138890858113 ], [ -2.461823806633848, 41.324714626446038 ], [ -2.461637645397306, 41.324063157157255 ], [ -2.461470628796925, 41.323597646832091 ], [ -2.461301468228467, 41.323212856921117 ], [ -2.46114564833952, 41.322907543830176 ], [ -2.460963168375375, 41.32258483833634 ], [ -2.460748068251963, 41.322248464863328 ], [ -2.460543444254312, 41.321952170204739 ], [ -2.46031551845482, 41.32165512442716 ], [ -2.460094583758985, 41.321392992997851 ], [ -2.45977652400947, 41.321036412346558 ], [ -2.459974825423263, 41.32093588694417 ], [ -2.460294616090814, 41.321294406913893 ] ] ] } },
{ "type": "Feature", "properties": { "corridor_id": "soria_torralba", "segment_index": 31, "segment_id": "soria_torralba_km30_31", "start_m": 30000.0, "end_m": 31000.0, "start_km": 30.0, "end_km": 31.0, "length_m": 1000.0 }, "geometry": { "type": "Polygon", "coordinates": [ [ [ -2.462704774264012, 41.331723440135256 ], [ -2.46322423230037, 41.337974897843857 ], [ -2.463288257656513, 41.338614778189509 ], [ -2.463049905013278, 41.338628324894565 ], [ -2.462985767678316, 41.337987302032467 ], [ -2.46246622571702, 41.331734559740973 ], [ -2.462296360327147, 41.329637523077686 ], [ -2.462534912607878, 41.329626544041275 ], [ -2.462704774264012, 41.331723440135256 ] ] ] } },
{ "type": "Feature", "properties": { "corridor_id": "soria_torralba", "segment_index": 32, "segment_id": "soria_torralba_km31_32", "start_m": 31000.0, "end_m": 32000.0, "start_km": 31.0, "end_km": 32.0, "length_m": 1000.0 }, "geometry": { "type": "Polygon", "coordinates": [ [ [ -2.463311870662959, 41.338850767589825 ], [ -2.463368234162084, 41.339145052969293 ], [ -2.463416910701091, 41.339329146390803 ], [ -2.463531672856968, 41.339658680264627 ], [ -2.463653699134687, 41.339932132119628 ], [ -2.463834101770403, 41.340287370044955 ], [ -2.464044855965791, 41.340689908248422 ], [ -2.465394809585449, 41.343227225000582 ], [ -2.467417100160223, 41.347014169410592 ], [ -2.467195325652968, 41.347081427265081 ], [ -2.46517299030156, 41.343294374891641 ], [ -2.463822743922049, 41.34075649164356 ], [ -2.463611298119357, 41.340352629846336 ], [ -2.463428700761467, 41.339993067769598 ], [ -2.463302527053633, 41.339710319620643 ], [ -2.463183889227904, 41.339369653490756 ], [ -2.463132565784197, 41.339175546909694 ], [ -2.463074129302576, 41.338870432287138 ], [ -2.463049905013278, 41.338628324894565 ], [ -2.463288257656513, 41.338614778189509 ], [ -2.463311870662959, 41.338850767589825 ] ] ] } },
{ "type": "Feature", "properties": { "corridor_id": "soria_torralba", "segment_index": 33, "segment_id": "soria_torralba_km32_33", "start_m": 32000.0, "end_m": 33000.0, "start_km": 32.0, "end_km": 33.0, "length_m": 1000.0 }, "geometry": { "type": "Polygon", "coordinates": [ [ [ -2.467743309817106, 41.347624985920298 ], [ -2.468269950563789, 41.348640087076944 ], [ -2.468353386597715, 41.34886671631061 ], [ -2.46842004195869, 41.349067297539712 ], [ -2.468473192236725, 41.349332636112024 ], [ -2.468511167113444, 41.34963571420186 ], [ -2.468509214760098, 41.349892973068442 ], [ -2.468492098704475, 41.350106672403363 ], [ -2.46845612298738, 41.350328986377733 ], [ -2.468397218447048, 41.350571060212616 ], [ -2.468320949608607, 41.350794611517664 ], [ -2.468194655192386, 41.351069081563416 ], [ -2.468045658572556, 41.351364059675142 ], [ -2.467843587986354, 41.351755184700778 ], [ -2.466943352553383, 41.353472448596172 ], [ -2.465833537147719, 41.355581115748514 ], [ -2.465611285035764, 41.355514704417033 ], [ -2.466721047560355, 41.353406151296987 ], [ -2.467621012126622, 41.35168941519207 ], [ -2.467822541538907, 41.351299340217217 ], [ -2.467969944914471, 41.351007518327357 ], [ -2.468091850483682, 41.350742588368746 ], [ -2.468163581623361, 41.350532339669158 ], [ -2.468219677063029, 41.350301813501098 ], [ -2.468253901326602, 41.350090327473545 ], [ -2.468270185252083, 41.349887026807494 ], [ -2.468272032873279, 41.349643685673819 ], [ -2.46823580772472, 41.349354563765296 ], [ -2.468185357978949, 41.349102702340218 ], [ -2.46812221332212, 41.348912683572728 ], [ -2.468042849338177, 41.348697112810306 ], [ -2.46752109007091, 41.347691413971553 ], [ -2.467195325652968, 41.347081427265081 ], [ -2.467417100160223, 41.347014169410592 ], [ -2.467743309817106, 41.347624985920298 ] ] ] } },
{ "type": "Feature", "properties": { "corridor_id": "soria_torralba", "segment_index": 34, "segment_id": "soria_torralba_km33_34", "start_m": 33000.0, "end_m": 34000.0, "start_km": 33.0, "end_km": 34.0, "length_m": 1000.0 }, "geometry": { "type": "Polygon", "coordinates": [ [ [ -2.465668326559477, 41.355895005772773 ], [ -2.465459964162018, 41.356290835611468 ], [ -2.464719304920982, 41.357705062355656 ], [ -2.463978582227285, 41.359119410258259 ], [ -2.463159119822302, 41.360678795184029 ], [ -2.462981226323138, 41.360998501922829 ], [ -2.462842564082629, 41.361235181193265 ], [ -2.462657369485022, 41.361507084873892 ], [ -2.462484743659783, 41.361735256071775 ], [ -2.462396835935845, 41.361840237398567 ], [ -2.46226603063724, 41.361996659437374 ], [ -2.462072063357735, 41.362211412900329 ], [ -2.461679112379585, 41.362607783177232 ], [ -2.46085531881611, 41.363411368214599 ], [ -2.460615006893531, 41.363648386115337 ], [ -2.46042498152647, 41.363539031517696 ], [ -2.460665681343536, 41.363301631707692 ], [ -2.461488687779608, 41.362498816744427 ], [ -2.461877336798648, 41.362106787017765 ], [ -2.462065969514467, 41.361897940476155 ], [ -2.462194544692084, 41.361744185857482 ], [ -2.462279656486384, 41.361642543837362 ], [ -2.462447030653793, 41.361421315030519 ], [ -2.462626636046402, 41.361157618705953 ], [ -2.462761573797486, 41.360927297972843 ], [ -2.462937680293885, 41.360610804709964 ], [ -2.463756217886381, 41.359053189634807 ], [ -2.464496894780369, 41.357638938324399 ], [ -2.465237635951703, 41.356224564281646 ], [ -2.465446074346142, 41.355828592616248 ], [ -2.465611285035764, 41.355514704417033 ], [ -2.465833537147719, 41.355581115748514 ], [ -2.465668326559477, 41.355895005772773 ] ] ] } },
{ "type": "Feature", "properties": { "corridor_id": "soria_torralba", "segment_index": 35, "segment_id": "soria_torralba_km34_35", "start_m": 34000.0, "end_m": 35000.0, "start_km": 34.0, "end_km": 35.0, "length_m": 1000.0 }, "geometry": { "type": "Polygon", "coordinates": [ [ [ -2.459922605510969, 41.364331284002148 ], [ -2.458836798054856, 41.365395590821649 ], [ -2.45805570029722, 41.366161201601123 ], [ -2.457550190483567, 41.366673977825883 ], [ -2.457305101316406, 41.366950771035143 ], [ -2.457136033340259, 41.367183972116365 ], [ -2.456991341981098, 41.367413026489828 ], [ -2.456853427424319, 41.36766534822074 ], [ -2.456731510098708, 41.367944869486827 ], [ -2.456663309084075, 41.368153382022534 ], [ -2.456594971978439, 41.368400063905632 ], [ -2.456555512725916, 41.368627300521929 ], [ -2.456508012915312, 41.368950382565458 ], [ -2.456391205841008, 41.370216915758888 ], [ -2.456348197888245, 41.370720019531078 ], [ -2.456310292366405, 41.371117732672758 ], [ -2.456248601894768, 41.371457793405504 ], [ -2.456206730945729, 41.371642231291133 ], [ -2.456200976079026, 41.371661414336486 ], [ -2.455967708261088, 41.371621704725669 ], [ -2.455972069118514, 41.371607168589541 ], [ -2.456012198156086, 41.37143040647333 ], [ -2.45607230766892, 41.371099067204383 ], [ -2.456109602135442, 41.370707780345349 ], [ -2.4561525941823, 41.370204884117548 ], [ -2.45626978711549, 41.368934217311406 ], [ -2.456318087314651, 41.368605699355832 ], [ -2.456359028077252, 41.368369935973725 ], [ -2.456430090988491, 41.368113417859661 ], [ -2.456501489990023, 41.36789513039863 ], [ -2.456628972684096, 41.367602851670277 ], [ -2.456772658142111, 41.367339973406779 ], [ -2.456922966794197, 41.367102027785528 ], [ -2.457100298830573, 41.366857428874255 ], [ -2.457354609672243, 41.366570222091504 ], [ -2.457864899861783, 41.366052598320245 ], [ -2.458647201735528, 41.365285809462669 ], [ -2.459732794648583, 41.364221715920053 ], [ -2.46042498152647, 41.363539031517696 ], [ -2.460615006893531, 41.363648386115337 ], [ -2.459922605510969, 41.364331284002148 ] ] ] } },
{ "type": "Feature", "properties": { "corridor_id": "soria_torralba", "segment_index": 36, "segment_id": "soria_torralba_km35_36", "start_m": 35000.0, "end_m": 36000.0, "start_km": 35.0, "end_km": 36.0, "length_m": 1000.0 }, "geometry": { "type": "Polygon", "coordinates": [ [ [ -2.456160074640135, 41.371797753236265 ], [ -2.456093192661049, 41.371995448031292 ], [ -2.45604179207794, 41.372119597542905 ], [ -2.455992075713765, 41.372221979050416 ], [ -2.455919628056083, 41.372375249785719 ], [ -2.455838381323563, 41.372527164192427 ], [ -2.455723185566504, 41.372712377383301 ], [ -2.45559252629478, 41.372900803314799 ], [ -2.455467535621184, 41.373069551214023 ], [ -2.45534789242728, 41.373221284094534 ], [ -2.455181129642534, 41.373402827498893 ], [ -2.454703427064469, 41.373897477035861 ], [ -2.452292961650038, 41.376324147126333 ], [ -2.45194083509551, 41.376685174885374 ], [ -2.451507848724671, 41.377120354242194 ], [ -2.451272512719739, 41.377384281994338 ], [ -2.451091598687301, 41.377610449414291 ], [ -2.450940439556292, 41.377842671140442 ], [ -2.450791931539861, 41.378093683751977 ], [ -2.450676355641628, 41.378342074898804 ], [ -2.450564947275108, 41.378616540382531 ], [ -2.450284528926444, 41.37938278941391 ], [ -2.450053950142711, 41.379334917601952 ], [ -2.450335252814492, 41.378566259503273 ], [ -2.450449044457219, 41.378285924989413 ], [ -2.450569468574544, 41.378027116141013 ], [ -2.450723760571265, 41.377766328758092 ], [ -2.450881401452363, 41.377524150490252 ], [ -2.451070687430403, 41.377287517917672 ], [ -2.451312751431631, 41.377016045675568 ], [ -2.451748765062792, 41.376577825034943 ], [ -2.452100838508224, 41.376216852793938 ], [ -2.454510973093554, 41.373790522884129 ], [ -2.454986070513635, 41.373298572418932 ], [ -2.455146507723435, 41.373123915817864 ], [ -2.455260264522182, 41.37297964869316 ], [ -2.455382073843914, 41.372815196589485 ], [ -2.455508814565558, 41.372632422517377 ], [ -2.455619018798173, 41.372455235703562 ], [ -2.455695972054357, 41.372311350106081 ], [ -2.455767124392613, 41.372160820840129 ], [ -2.455815208023402, 41.372061802346025 ], [ -2.455863007426629, 41.371946351854028 ], [ -2.455927525436039, 41.371755646646626 ], [ -2.455967708261086, 41.371621704725669 ], [ -2.456200976079027, 41.371661414336486 ], [ -2.456160074640135, 41.371797753236265 ] ] ] } },
{ "type": "Feature", "properties": { "corridor_id": "soria_torralba", "segment_index": 37, "segment_id": "soria_torralba_km36_37", "start_m": 36000.0, "end_m": 37000.0, "start_km": 36.0, "end_km": 37.0, "length_m": 1000.0 }, "geometry": { "type": "Polygon", "coordinates": [ [ [ -2.450259589545385, 41.37945093587382 ], [ -2.449903802839203, 41.38042207721756 ], [ -2.449393723902231, 41.381787594966546 ], [ -2.448883583340776, 41.383153177647301 ], [ -2.447911127042873, 41.385670963676112 ], [ -2.44755186563089, 41.386826443435716 ], [ -2.447308146819428, 41.387848203074832 ], [ -2.447286642549706, 41.388074953498624 ], [ -2.44704804028553, 41.388062119545445 ], [ -2.447070453222699, 41.38782579680263 ], [ -2.447317534435864, 41.386789956445334 ], [ -2.447679673039396, 41.385625236207886 ], [ -2.448653616747674, 41.383103622238238 ], [ -2.4491634763279, 41.381738804536106 ], [ -2.449673397247294, 41.380373722667521 ], [ -2.450029014832793, 41.379403052282107 ], [ -2.450053950142711, 41.379334917601952 ], [ -2.450284528926444, 41.37938278941391 ], [ -2.450259589545385, 41.37945093587382 ] ] ] } },
{ "type": "Feature", "properties": { "corridor_id": "soria_torralba", "segment_index": 38, "segment_id": "soria_torralba_km37_38", "start_m": 37000.0, "end_m": 38000.0, "start_km": 37.0, "end_km": 38.0, "length_m": 1000.0 }, "geometry": { "type": "Polygon", "coordinates": [ [ [ -2.447233268334507, 41.388637747304394 ], [ -2.44737597134017, 41.39038601864889 ], [ -2.447757591889005, 41.392023544784486 ], [ -2.448140438913077, 41.393647907561217 ], [ -2.448367951196043, 41.39459435154231 ], [ -2.448494653344531, 41.395135029811861 ], [ -2.448583621332231, 41.395486050077992 ], [ -2.448653551415833, 41.395685751357213 ], [ -2.448741586141285, 41.395912040939237 ], [ -2.448834725729276, 41.396110926941866 ], [ -2.448936700285194, 41.39629584673996 ], [ -2.449033048112152, 41.396446377510102 ], [ -2.449098950958261, 41.396549240444422 ], [ -2.449248765534116, 41.396752482897305 ], [ -2.449310207495174, 41.396825842204699 ], [ -2.449107847414773, 41.396921940403622 ], [ -2.449042834321598, 41.396844317009297 ], [ -2.448886448907478, 41.396632159456324 ], [ -2.448817561752698, 41.396524637985721 ], [ -2.448718299592341, 41.396369553155431 ], [ -2.4486112741612, 41.396175472948784 ], [ -2.448513813763255, 41.395967358947289 ], [ -2.448423048500012, 41.395734048526712 ], [ -2.448350178597613, 41.395525949803073 ], [ -2.448259346598058, 41.3951675700674 ], [ -2.448132448748026, 41.394626048336768 ], [ -2.447904961030842, 41.39367969231791 ], [ -2.447522008055752, 41.392054855094528 ], [ -2.447138028622573, 41.390407181227864 ], [ -2.446993531668503, 41.388636852570741 ], [ -2.44704804028553, 41.388062119545445 ], [ -2.447286642549706, 41.388074953498624 ], [ -2.447233268334507, 41.388637747304394 ] ] ] } },
{ "type": "Feature", "properties": { "corridor_id": "soria_torralba", "segment_index": 39, "segment_id": "soria_torralba_km38_39", "start_m": 38000.0, "end_m": 39000.0, "start_km": 38.0, "end_km": 39.0, "length_m": 1000.0 }, "geometry": { "type": "Polygon", "coordinates": [ [ [ -2.449456916955081, 41.397001006785572 ], [ -2.44967192404325, 41.39722579101948 ], [ -2.449888481092783, 41.39741837291313 ], [ -2.450131926420007, 41.397616388061117 ], [ -2.451701906163926, 41.398816706791919 ], [ -2.453373911110113, 41.400111945911377 ], [ -2.453602000839263, 41.400308655298176 ], [ -2.453823820723413, 41.40051413457995 ], [ -2.45403536220155, 41.400749293390767 ], [ -2.454203632209024, 41.400946508328865 ], [ -2.454358063016163, 41.401160705121661 ], [ -2.454491467302704, 41.401370048258102 ], [ -2.454615020886616, 41.401594532243926 ], [ -2.454705287809599, 41.401797708527781 ], [ -2.454775879458978, 41.401969653971541 ], [ -2.454841931950687, 41.402164650505583 ], [ -2.454915682291523, 41.402418802381426 ], [ -2.454954349476465, 41.402619540769741 ], [ -2.45497882306298, 41.40282172407354 ], [ -2.455010315489428, 41.403136038906162 ], [ -2.455066302027386, 41.404008963286074 ], [ -2.455087172514862, 41.404351394220313 ], [ -2.45484815405199, 41.404359651939579 ], [ -2.454827297958425, 41.404017436589719 ], [ -2.454771484491543, 41.403147160969738 ], [ -2.454740376911013, 41.402836675802739 ], [ -2.454716650486362, 41.402640659107249 ], [ -2.4546801176516, 41.402450997497603 ], [ -2.454609067976437, 41.40220614937607 ], [ -2.454545520455834, 41.40201854591254 ], [ -2.454477512095143, 41.401852891358772 ], [ -2.454390779005876, 41.401657667645985 ], [ -2.454272932575065, 41.401443551637115 ], [ -2.454144936850681, 41.401242694778517 ], [ -2.453997567646649, 41.401038291577628 ], [ -2.453835637647094, 41.400848506521235 ], [ -2.453631579118523, 41.400621665338285 ], [ -2.453418998998124, 41.400424744627493 ], [ -2.453197888725247, 41.400234054019641 ], [ -2.451530893670968, 41.398942693142828 ], [ -2.449958873415028, 41.397740811872112 ], [ -2.449709318743354, 41.397537827015498 ], [ -2.449483275796563, 41.397336808901699 ], [ -2.449258482892149, 41.39710179312749 ], [ -2.449107847414775, 41.396921940403622 ], [ -2.449310207495173, 41.396825842204684 ], [ -2.449456916955081, 41.397001006785572 ] ] ] } },
{ "type": "Feature", "properties": { "corridor_id": "soria_torralba", "segment_index": 40, "segment_id": "soria_torralba_km39_40", "start_m": 39000.0, "end_m": 40000.0, "start_km": 39.0, "end_km": 40.0, "length_m": 1000.0 }, "geometry": { "type": "Polygon", "coordinates": [ [ [ -2.455130804240527, 41.405067267773077 ], [ -2.455269801530839, 41.407238863244459 ], [ -2.455437781834661, 41.409861680641235 ], [ -2.455491227313331, 41.410571084960331 ], [ -2.455609936330679, 41.411289997913812 ], [ -2.455812027070087, 41.412394417863943 ], [ -2.45606868937083, 41.413200654743932 ], [ -2.456100433507712, 41.413289929555283 ], [ -2.455869269029093, 41.413336511057679 ], [ -2.455836710551558, 41.413244945138558 ], [ -2.455576572870925, 41.412427782015179 ], [ -2.455372663628034, 41.411313401963575 ], [ -2.455252772658316, 41.410587314915915 ], [ -2.455198818149378, 41.409871119234552 ], [ -2.455030798529691, 41.407247537803791 ], [ -2.454891795745298, 41.405075732102702 ], [ -2.45484815405199, 41.404359651939579 ], [ -2.455087172514862, 41.404351394220313 ], [ -2.455130804240527, 41.405067267773077 ] ] ] } },
{ "type": "Feature", "properties": { "corridor_id": "soria_torralba", "segment_index": 41, "segment_id": "soria_torralba_km40_41", "start_m": 40000.0, "end_m": 41000.0, "start_km": 40.0, "end_km": 41.0, "length_m": 1000.0 }, "geometry": { "type": "Polygon", "coordinates": [ [ [ -2.457003986399984, 41.415830908318483 ], [ -2.457939427964299, 41.418461849593179 ], [ -2.459243722019226, 41.421979845567556 ], [ -2.459013195995512, 41.422028269989504 ], [ -2.457708571952745, 41.418509350290385 ], [ -2.456772812776052, 41.415877489476685 ], [ -2.455869269029093, 41.413336511057679 ], [ -2.456100433507712, 41.413289929555283 ], [ -2.457003986399984, 41.415830908318483 ] ] ] } },
{ "type": "Feature", "properties": { "corridor_id": "soria_torralba", "segment_index": 42, "segment_id": "soria_torralba_km41_42", "start_m": 41000.0, "end_m": 42000.0, "start_km": 41.0, "end_km": 42.0, "length_m": 1000.0 }, "geometry": { "type": "Polygon", "coordinates": [ [ [ -2.459483124159513, 41.422625528498784 ], [ -2.460079725821846, 41.424432674542594 ], [ -2.461073809074697, 41.426253841944146 ], [ -2.46270860280925, 41.429369548167017 ], [ -2.463306246102275, 41.430421708292307 ], [ -2.46308614834293, 41.430492520883185 ], [ -2.462487197075315, 41.429438051725555 ], [ -2.460851790811598, 41.426321157947854 ], [ -2.45985167408082, 41.424488925343631 ], [ -2.459251675760077, 41.42267147138422 ], [ -2.459013195995512, 41.422028269989504 ], [ -2.459243722019226, 41.421979845567556 ], [ -2.459483124159513, 41.422625528498784 ] ] ] } },
{ "type": "Feature", "properties": { "corridor_id": "soria_torralba", "segment_index": 43, "segment_id": "soria_torralba_km42_43", "start_m": 42000.0, "end_m": 43000.0, "start_km": 42.0, "end_km": 43.0, "length_m": 1000.0 }, "geometry": { "type": "Polygon", "coordinates": [ [ [ -2.463533646047573, 41.430822039670723 ], [ -2.464414113292207, 41.432408596574803 ], [ -2.465129480690836, 41.433725144221356 ], [ -2.465135792288623, 41.433735554230346 ], [ -2.46590474037956, 41.434951879877431 ], [ -2.466047152534401, 41.435149811537194 ], [ -2.466474234713539, 41.435743356702588 ], [ -2.467338295115698, 41.436839216450089 ], [ -2.46756051624407, 41.437130912314913 ], [ -2.467808654042442, 41.437443707218023 ], [ -2.46804422632942, 41.437749159649378 ], [ -2.468578818789095, 41.438437105905102 ], [ -2.468602883314501, 41.438468769128733 ], [ -2.468395073193791, 41.43855820421097 ], [ -2.468371581068104, 41.438527294000359 ], [ -2.467837373527259, 41.437839840256416 ], [ -2.467602345813493, 41.437535092688272 ], [ -2.467353883612295, 41.437221887591093 ], [ -2.467131504740893, 41.436929983455741 ], [ -2.466265965145062, 41.435832243201972 ], [ -2.465836647851178, 41.435235589092827 ], [ -2.465691259487462, 41.435033520022444 ], [ -2.464918807585522, 41.433811645666339 ], [ -2.464909719189467, 41.433796655672744 ], [ -2.46419288659192, 41.432477403317954 ], [ -2.463313153834711, 41.430892160222669 ], [ -2.46308614834293, 41.430492520883185 ], [ -2.463306246102275, 41.430421708292307 ], [ -2.463533646047573, 41.430822039670723 ] ] ] } },
{ "type": "Feature", "properties": { "corridor_id": "soria_torralba", "segment_index": 44, "segment_id": "soria_torralba_km43_44", "start_m": 43000.0, "end_m": 44000.0, "start_km": 43.0, "end_km": 44.0, "length_m": 1000.0 }, "geometry": { "type": "Polygon", "coordinates": [ [ [ -2.469117162480833, 41.439145430337973 ], [ -2.469735713160203, 41.439937881189245 ], [ -2.470288475702185, 41.440646644587311 ], [ -2.470648354494999, 41.441120131372642 ], [ -2.471317884782683, 41.442047194335096 ], [ -2.471519352954546, 41.442308614427752 ], [ -2.472634893337701, 41.443756204311285 ], [ -2.474260430384433, 41.4458392193877 ], [ -2.474591394868503, 41.446266531926966 ], [ -2.474384534144153, 41.446357236831275 ], [ -2.474053769471883, 41.445930180518275 ], [ -2.472428106518811, 41.443846995594605 ], [ -2.47131224567517, 41.442398983885354 ], [ -2.471109115076631, 41.442135405569012 ], [ -2.470439245364858, 41.441207868531173 ], [ -2.470081324154865, 41.440736955318229 ], [ -2.469529275195962, 41.440029103984088 ], [ -2.468910037376198, 41.439235769567581 ], [ -2.468395073193787, 41.43855820421097 ], [ -2.468602883314505, 41.438468769128733 ], [ -2.469117162480833, 41.439145430337973 ] ] ] } },
{ "type": "Feature", "properties": { "corridor_id": "soria_torralba", "segment_index": 45, "segment_id": "soria_torralba_km44_45", "start_m": 44000.0, "end_m": 45000.0, "start_km": 44.0, "end_km": 45.0, "length_m": 1000.0 }, "geometry": { "type": "Polygon", "coordinates": [ [ [ -2.476162832447614, 41.448295346116325 ], [ -2.477236429687234, 41.449681348744498 ], [ -2.478332921085754, 41.450994242600565 ], [ -2.479499042618099, 41.452258932830908 ], [ -2.480484740078329, 41.453122051283479 ], [ -2.480939389214397, 41.453500692381859 ], [ -2.48120598689811, 41.45372101668093 ], [ -2.481028916612718, 41.453842287141008 ], [ -2.480762010620886, 41.453621707548173 ], [ -2.480305059757501, 41.453241148644771 ], [ -2.479309357221512, 41.452369267089452 ], [ -2.47813307876235, 41.451093557311317 ], [ -2.477031570166601, 41.449774651163082 ], [ -2.475955967371945, 41.448386053741707 ], [ -2.474384534144153, 41.446357236831275 ], [ -2.474591394868503, 41.446266531926966 ], [ -2.476162832447614, 41.448295346116325 ] ] ] } },
{ "type": "Feature", "properties": { "corridor_id": "soria_torralba", "segment_index": 46, "segment_id": "soria_torralba_km45_46", "start_m": 45000.0, "end_m": 46000.0, "start_km": 45.0, "end_km": 46.0, "length_m": 1000.0 }, "geometry": { "type": "Polygon", "coordinates": [ [ [ -2.481356395272324, 41.453845317730561 ], [ -2.482895642507617, 41.454950025710133 ], [ -2.48378533304758, 41.455588512496341 ], [ -2.487037924776879, 41.457347614900165 ], [ -2.489496660342555, 41.458518550140653 ], [ -2.490715878489848, 41.459102133606855 ], [ -2.49058732498991, 41.459254122478882 ], [ -2.489368339507001, 41.458670649821705 ], [ -2.486903875068863, 41.457496985058945 ], [ -2.483632066788601, 41.455727487450815 ], [ -2.48273035782729, 41.455080374587929 ], [ -2.481185004561913, 41.453971282203952 ], [ -2.481028916612717, 41.453842287141008 ], [ -2.481205986898111, 41.45372101668093 ], [ -2.481356395272324, 41.453845317730561 ] ] ] } },
{ "type": "Feature", "properties": { "corridor_id": "soria_torralba", "segment_index": 47, "segment_id": "soria_torralba_km46_47", "start_m": 46000.0, "end_m": 47000.0, "start_km": 46.0, "end_km": 47.0, "length_m": 1000.0 }, "geometry": { "type": "Polygon", "coordinates": [ [ [ -2.492233475637241, 41.459828504700717 ], [ -2.49525337114002, 41.461273949717928 ], [ -2.497221435527027, 41.462219716584698 ], [ -2.497635681941117, 41.462424676385972 ], [ -2.498020176849369, 41.462630886954301 ], [ -2.498403250286309, 41.462861055322698 ], [ -2.498737932835684, 41.463087296466142 ], [ -2.499185027323115, 41.463434644859809 ], [ -2.500393733190319, 41.464373716696429 ], [ -2.500221673433876, 41.464499025004436 ], [ -2.499012971371275, 41.463559954188547 ], [ -2.498571666998477, 41.463217103472104 ], [ -2.498248349549886, 41.462998544623382 ], [ -2.497875822990803, 41.462774712998623 ], [ -2.497500317903869, 41.462573323572371 ], [ -2.497091164321193, 41.462370883376572 ], [ -2.495124628709237, 41.461425850244197 ], [ -2.49210492227252, 41.459980494333173 ], [ -2.49058732498991, 41.459254122478882 ], [ -2.490715878489848, 41.459102133606855 ], [ -2.492233475637241, 41.459828504700717 ] ] ] } },
{ "type": "Feature", "properties": { "corridor_id": "soria_torralba", "segment_index": 48, "segment_id": "soria_torralba_km47_48", "start_m": 47000.0, "end_m": 48000.0, "start_km": 47.0, "end_km": 48.0, "length_m": 1000.0 }, "geometry": { "type": "Polygon", "coordinates": [ [ [ -2.501302129867184, 41.465079445141647 ], [ -2.505646034098857, 41.468454150535905 ], [ -2.50739796931287, 41.470260549003633 ], [ -2.508249945618344, 41.471161264841605 ], [ -2.508054780082114, 41.471265695544879 ], [ -2.507203630530269, 41.47036585091292 ], [ -2.505462365737233, 41.468570449389297 ], [ -2.501130068283829, 41.46520475348462 ], [ -2.500221673433876, 41.464499025004436 ], [ -2.500393733190319, 41.464373716696429 ], [ -2.501302129867184, 41.465079445141647 ] ] ] } },
{ "type": "Feature", "properties": { "corridor_id": "soria_torralba", "segment_index": 49, "segment_id": "soria_torralba_km48_49", "start_m": 48000.0, "end_m": 49000.0, "start_km": 48.0, "end_km": 49.0, "length_m": 1000.0 }, "geometry": { "type": "Polygon", "coordinates": [ [ [ -2.509194183444856, 41.47215948381838 ], [ -2.510990032570586, 41.474058032735194 ], [ -2.515185211601061, 41.478504854902155 ], [ -2.514989849108375, 41.478609100496364 ], [ -2.510794767273245, 41.47416236718059 ], [ -2.508999015102592, 41.472263914727094 ], [ -2.508054780082114, 41.471265695544879 ], [ -2.508249945618344, 41.471161264841605 ], [ -2.509194183444856, 41.47215948381838 ] ] ] } },
{ "type": "Feature", "properties": { "corridor_id": "soria_torralba", "segment_index": 50, "segment_id": "soria_torralba_km49_50", "start_m": 49000.0, "end_m": 50000.0, "start_km": 49.0, "end_km": 50.0, "length_m": 1000.0 }, "geometry": { "type": "Polygon", "coordinates": [ [ [ -2.516109681913852, 41.479484676388495 ], [ -2.518378491255755, 41.48188947047683 ], [ -2.521228790117647, 41.484874274002856 ], [ -2.52213209131174, 41.485843051466276 ], [ -2.521935932304471, 41.48594647144359 ], [ -2.52103340972615, 41.484978525912872 ], [ -2.518183508587765, 41.481994129439215 ], [ -2.515914315911528, 41.479588921387943 ], [ -2.514989849108375, 41.478609100496364 ], [ -2.515185211601061, 41.478504854902155 ], [ -2.516109681913852, 41.479484676388495 ] ] ] } },
{ "type": "Feature", "properties": { "corridor_id": "soria_torralba", "segment_index": 51, "segment_id": "soria_torralba_km50_51", "start_m": 50000.0, "end_m": 51000.0, "start_km": 50.0, "end_km": 51.0, "length_m": 1000.0 }, "geometry": { "type": "Polygon", "coordinates": [ [ [ -2.522710793600084, 41.48646368243169 ], [ -2.523532432702734, 41.487329400798345 ], [ -2.523885160920845, 41.487699424913771 ], [ -2.524537245151835, 41.488383512201175 ], [ -2.525342918989637, 41.48923289412442 ], [ -2.525983694527192, 41.489912197167016 ], [ -2.526501068142425, 41.490473735897766 ], [ -2.527071221950651, 41.491108139770944 ], [ -2.527361323113503, 41.491432264600867 ], [ -2.52764651498689, 41.491720817054969 ], [ -2.527827526929311, 41.491887430101876 ], [ -2.528042594422768, 41.492064867951164 ], [ -2.528249513611006, 41.492222161616972 ], [ -2.528509537647041, 41.492395510830555 ], [ -2.528718419503844, 41.492521329041466 ], [ -2.529011740077476, 41.492680991904415 ], [ -2.529263610778296, 41.492799841196131 ], [ -2.529424343681596, 41.492867720018538 ], [ -2.529307009194461, 41.493024786025067 ], [ -2.529141189075306, 41.492954758769514 ], [ -2.528877659768032, 41.492830408054701 ], [ -2.528573180335755, 41.492664670910933 ], [ -2.528355062189098, 41.492533289115912 ], [ -2.528084686223044, 41.492353038322364 ], [ -2.527868805411494, 41.492188931981651 ], [ -2.527646072906574, 41.492005169825092 ], [ -2.527457484852386, 41.491831582865977 ], [ -2.527165676730316, 41.491536335314613 ], [ -2.526872577895938, 41.491208860142017 ], [ -2.526303331703325, 41.49057546401599 ], [ -2.525787505317215, 41.490015602748031 ], [ -2.525147680854006, 41.489337305791423 ], [ -2.524342354691542, 41.488488287714951 ], [ -2.523690437889258, 41.487804373918678 ], [ -2.523337567140634, 41.4874341991178 ], [ -2.522515206243867, 41.486567717483858 ], [ -2.521935932304471, 41.48594647144359 ], [ -2.52213209131174, 41.485843051466276 ], [ -2.522710793600084, 41.48646368243169 ] ] ] } },
{ "type": "Feature", "properties": { "corridor_id": "soria_torralba", "segment_index": 52, "segment_id": "soria_torralba_km51_52", "start_m": 51000.0, "end_m": 52000.0, "start_km": 51.0, "end_km": 52.0, "length_m": 1000.0 }, "geometry": { "type": "Polygon", "coordinates": [ [ [ -2.529519124824151, 41.492907746700311 ], [ -2.529821825912706, 41.493024668148657 ], [ -2.5301309250857, 41.493123222902099 ], [ -2.530651549808218, 41.493272342529437 ], [ -2.531168367302763, 41.493418006507454 ], [ -2.53309929008834, 41.493956794226946 ], [ -2.533869400990064, 41.494156646902468 ], [ -2.534677185481132, 41.494290012644178 ], [ -2.535915741030415, 41.494413927926736 ], [ -2.53740051062849, 41.494565124820731 ], [ -2.538913540840527, 41.494715907886935 ], [ -2.540960918161739, 41.49492047939583 ], [ -2.540929355497318, 41.495099055575039 ], [ -2.53888203749207, 41.494894489954575 ], [ -2.537368689326717, 41.494743675175478 ], [ -2.535883858924706, 41.494592472069428 ], [ -2.534635614461017, 41.4944675873504 ], [ -2.53380439892212, 41.494330353086589 ], [ -2.533018509805406, 41.494126405757079 ], [ -2.531084632587679, 41.493586793475501 ], [ -2.530566850081153, 41.493440857453173 ], [ -2.530041474798484, 41.493290377078694 ], [ -2.529720173958927, 41.493187931827045 ], [ -2.529405675036751, 41.49306645326989 ], [ -2.529307009194456, 41.493024786025067 ], [ -2.529424343681602, 41.492867720018538 ], [ -2.529519124824151, 41.492907746700311 ] ] ] } },
{ "type": "Feature", "properties": { "corridor_id": "soria_torralba", "segment_index": 53, "segment_id": "soria_torralba_km52_53", "start_m": 52000.0, "end_m": 53000.0, "start_km": 52.0, "end_km": 53.0, "length_m": 1000.0 }, "geometry": { "type": "Polygon", "coordinates": [ [ [ -2.54282214398728, 41.495106418154577 ], [ -2.546650804007701, 41.495492024170012 ], [ -2.55283558369127, 41.496115065706441 ], [ -2.552803771405951, 41.496293617035278 ], [ -2.546618990699166, 41.495670575297652 ], [ -2.542790455968119, 41.495284981841621 ], [ -2.540929355497319, 41.495099055575039 ], [ -2.540960918161737, 41.49492047939583 ], [ -2.54282214398728, 41.495106418154577 ] ] ] } },
{ "type": "Feature", "properties": { "corridor_id": "soria_torralba", "segment_index": 54, "segment_id": "soria_torralba_km53_54", "start_m": 53000.0, "end_m": 54000.0, "start_km": 53.0, "end_km": 54.0, "length_m": 1000.0 }, "geometry": { "type": "Polygon", "coordinates": [ [ [ -2.559353136870011, 41.49677125757276 ], [ -2.563682969158093, 41.497225939942766 ], [ -2.564706875480951, 41.497326815468909 ], [ -2.564675743339413, 41.497505434732744 ], [ -2.563650830796743, 41.497404460053382 ], [ -2.559320663084366, 41.496949742423332 ], [ -2.552803771405951, 41.496293617035278 ], [ -2.55283558369127, 41.496115065706441 ], [ -2.559353136870011, 41.49677125757276 ] ] ] } },
{ "type": "Feature", "properties": { "corridor_id": "soria_torralba", "segment_index": 55, "segment_id": "soria_torralba_km54_55", "start_m": 54000.0, "end_m": 55000.0, "start_km": 54.0, "end_km": 55.0, "length_m": 1000.0 }, "geometry": { "type": "Polygon", "coordinates": [ [ [ -2.566998295980636, 41.497552532695046 ], [ -2.56800239391709, 41.497657030202696 ], [ -2.568531726966245, 41.497722175774136 ], [ -2.568985299944026, 41.497795758558176 ], [ -2.56970513541742, 41.497986720692353 ], [ -2.57044717871754, 41.498274698982442 ], [ -2.570941429424749, 41.498523252094543 ], [ -2.571409576286737, 41.498802191103678 ], [ -2.574676480491469, 41.501033207100811 ], [ -2.575096316269293, 41.501248340833349 ], [ -2.574961351648513, 41.501397196533595 ], [ -2.57452771934604, 41.501174992849464 ], [ -2.571254423549103, 41.498939608842406 ], [ -2.57080017041663, 41.498668947860388 ], [ -2.570325221136176, 41.49843010098347 ], [ -2.569609864460389, 41.498152479286112 ], [ -2.568919899967704, 41.497969441430776 ], [ -2.56848707297196, 41.497899224219864 ], [ -2.567966606032861, 41.497835169792893 ], [ -2.566966303974406, 41.497731067301117 ], [ -2.564675743339413, 41.497505434732744 ], [ -2.564706875480951, 41.497326815468909 ], [ -2.566998295980636, 41.497552532695046 ] ] ] } },
{ "type": "Feature", "properties": { "corridor_id": "soria_torralba", "segment_index": 56, "segment_id": "soria_torralba_km55_56", "start_m": 55000.0, "end_m": 56000.0, "start_km": 55.0, "end_km": 56.0, "length_m": 1000.0 }, "geometry": { "type": "Polygon", "coordinates": [ [ [ -2.57660743763623, 41.502022650524033 ], [ -2.581696318565114, 41.504205971681337 ], [ -2.582370191209967, 41.504619026387061 ], [ -2.583466982892413, 41.505531594171025 ], [ -2.584234195123213, 41.506800390475341 ], [ -2.584016026556867, 41.506874935940566 ], [ -2.583264216951993, 41.505631605738444 ], [ -2.582204608623174, 41.504749973551824 ], [ -2.581560281278521, 41.504355028276727 ], [ -2.576480362213852, 41.50217554943913 ], [ -2.574961351648515, 41.501397196533595 ], [ -2.575096316269291, 41.501248340833349 ], [ -2.57660743763623, 41.502022650524033 ] ] ] } },
{ "type": "Feature", "properties": { "corridor_id": "soria_torralba", "segment_index": 57, "segment_id": "soria_torralba_km56_57", "start_m": 56000.0, "end_m": 57000.0, "start_km": 56.0, "end_km": 57.0, "length_m": 1000.0 }, "geometry": { "type": "Polygon", "coordinates": [ [ [ -2.585311273427542, 41.508581543485541 ], [ -2.586451238967502, 41.509985353312572 ], [ -2.587660938136132, 41.510985543790291 ], [ -2.589605396803739, 41.51200674726941 ], [ -2.590790703999538, 41.512352293312617 ], [ -2.591994117825565, 41.512638891555362 ], [ -2.592363551834239, 41.51272592290384 ], [ -2.592291872062755, 41.512897823666556 ], [ -2.591922082078368, 41.512810708431637 ], [ -2.590711095895527, 41.512522306671869 ], [ -2.589491803055739, 41.51216685270078 ], [ -2.587501661696917, 41.51112165615298 ], [ -2.586258560871937, 41.510093846605464 ], [ -2.585099126435082, 41.508666056415692 ], [ -2.584016026556867, 41.506874935940566 ], [ -2.584234195123213, 41.506800390475341 ], [ -2.585311273427542, 41.508581543485541 ] ] ] } },
{ "type": "Feature", "properties": { "corridor_id": "soria_torralba", "segment_index": 58, "segment_id": "soria_torralba_km57_58", "start_m": 57000.0, "end_m": 58000.0, "start_km": 57.0, "end_km": 58.0, "length_m": 1000.0 }, "geometry": { "type": "Polygon", "coordinates": [ [ [ -2.597318995805107, 41.513893190386881 ], [ -2.59983562944368, 41.514238790018602 ], [ -2.601380067800455, 41.514304880804772 ], [ -2.603004739662377, 41.514330571682677 ], [ -2.603995713098674, 41.514207763701855 ], [ -2.604034705893486, 41.51438550990845 ], [ -2.603021860360424, 41.514511028315376 ], [ -2.601370732185632, 41.514484919193578 ], [ -2.599807170516109, 41.514418009978066 ], [ -2.597261404116355, 41.514068409604207 ], [ -2.592291872062754, 41.512897823666556 ], [ -2.592363551834241, 41.51272592290384 ], [ -2.597318995805107, 41.513893190386881 ] ] ] } },
{ "type": "Feature", "properties": { "corridor_id": "soria_torralba", "segment_index": 59, "segment_id": "soria_torralba_km58_59", "start_m": 58000.0, "end_m": 59000.0, "start_km": 58.0, "end_km": 59.0, "length_m": 1000.0 }, "geometry": { "type": "Polygon", "coordinates": [ [ [ -2.609260151600957, 41.513555208530541 ], [ -2.609627617358801, 41.513510393178699 ], [ -2.610028639868824, 41.513469875617254 ], [ -2.610352295536739, 41.513451690416922 ], [ -2.610689389110794, 41.51344689664856 ], [ -2.611094571295864, 41.513457687929396 ], [ -2.611354064524623, 41.513477452015529 ], [ -2.611585523831585, 41.513501543299412 ], [ -2.611827572720957, 41.513531710230986 ], [ -2.612076528566826, 41.513572483935754 ], [ -2.612432775680144, 41.513648400431791 ], [ -2.612690367012772, 41.513714678856424 ], [ -2.612931497595226, 41.513780875533016 ], [ -2.613152645835533, 41.51385004206567 ], [ -2.613399420613528, 41.513940158719421 ], [ -2.613623545826566, 41.514029278540235 ], [ -2.613860829863163, 41.514134715497249 ], [ -2.614067197012994, 41.514231533469129 ], [ -2.614339313349932, 41.514383640483665 ], [ -2.614555487716635, 41.514515304663718 ], [ -2.614766088015875, 41.514657933323242 ], [ -2.615161147420516, 41.514929962571749 ], [ -2.615377462424477, 41.515083679786095 ], [ -2.615212798803385, 41.515214582293581 ], [ -2.614997852413689, 41.515061837368833 ], [ -2.614604911818649, 41.514791266618808 ], [ -2.614399712118992, 41.514652295281998 ], [ -2.614192286488803, 41.514525959467768 ], [ -2.613932002831708, 41.514380466489506 ], [ -2.613736369988928, 41.514288684467381 ], [ -2.613506454031244, 41.514186521428272 ], [ -2.613290979251818, 41.514100841253295 ], [ -2.613054154039291, 41.51401435791152 ], [ -2.612844302291442, 41.513948724448746 ], [ -2.61261043288201, 41.513884521127963 ], [ -2.612361224224363, 41.513820399555371 ], [ -2.61201827135395, 41.513747316055209 ], [ -2.611782427216668, 41.513708689762936 ], [ -2.611549476118092, 41.513679656696176 ], [ -2.611325535435172, 41.513656347981126 ], [ -2.61107822868057, 41.51363751206852 ], [ -2.610687410885503, 41.513627103350018 ], [ -2.610363504477834, 41.513631709581446 ], [ -2.610053560164611, 41.513649124380123 ], [ -2.609662782688507, 41.513688606817453 ], [ -2.609298848451076, 41.513732991465019 ], [ -2.604034705893486, 41.51438550990845 ], [ -2.603995713098674, 41.514207763701855 ], [ -2.609260151600957, 41.513555208530541 ] ] ] } },
{ "type": "Feature", "properties": { "corridor_id": "soria_torralba", "segment_index": 60, "segment_id": "soria_torralba_km59_60", "start_m": 59000.0, "end_m": 60000.0, "start_km": 59.0, "end_km": 60.0, "length_m": 1000.0 }, "geometry": { "type": "Polygon", "coordinates": [ [ [ -2.615512364914028, 41.515179543273625 ], [ -2.615904378615213, 41.51545982287638 ], [ -2.616105398639611, 41.515590113530635 ], [ -2.616359205378898, 41.515740725102297 ], [ -2.6165872263218, 41.5158637157814 ], [ -2.616909341057845, 41.516013402018523 ], [ -2.617252780858301, 41.516152835590042 ], [ -2.617533262520503, 41.516246948399349 ], [ -2.617820211027848, 41.516332134675579 ], [ -2.618015194539596, 41.516386057963594 ], [ -2.618253490961979, 41.51644030508956 ], [ -2.618530199302396, 41.516494881117914 ], [ -2.61882871440098, 41.516541423266027 ], [ -2.619123082897112, 41.516572833037401 ], [ -2.619361900692875, 41.516592898452565 ], [ -2.619667728948202, 41.516609976153717 ], [ -2.619948523194008, 41.516613091761542 ], [ -2.620261850980544, 41.516600660446024 ], [ -2.62053359667864, 41.516580502139682 ], [ -2.620840928661688, 41.516544984307103 ], [ -2.623951913626079, 41.516040157281395 ], [ -2.624334330224139, 41.515981207684362 ], [ -2.62459644708365, 41.515948813512971 ], [ -2.624916324138947, 41.515922913361273 ], [ -2.625266511346506, 41.515907283647479 ], [ -2.62561987813505, 41.515911570593836 ], [ -2.626012636902735, 41.515929381624119 ], [ -2.62630712893224, 41.515958493740349 ], [ -2.626592841501524, 41.515994131221667 ], [ -2.626617035591181, 41.515998403755766 ], [ -2.626562212828679, 41.51617377452132 ], [ -2.626545758433584, 41.516170868771894 ], [ -2.626271871018522, 41.516136706255367 ], [ -2.625989763064774, 41.516108818373219 ], [ -2.62561072185134, 41.516091629404507 ], [ -2.625271688659752, 41.516087516351085 ], [ -2.624936275887717, 41.516102486636555 ], [ -2.624628752959857, 41.516127386483547 ], [ -2.624377869834369, 41.516158392310409 ], [ -2.624001286440059, 41.516216442712235 ], [ -2.620884471396833, 41.516722215687651 ], [ -2.620563603361745, 41.516759297857121 ], [ -2.620279949043558, 41.516780339551978 ], [ -2.619953076811371, 41.51679330823702 ], [ -2.619657071036095, 41.516790023844564 ], [ -2.619339699275549, 41.51677230154484 ], [ -2.619092917060484, 41.516751566959023 ], [ -2.618787485541796, 41.516718976728654 ], [ -2.618475400622771, 41.516670318873892 ], [ -2.618188308950236, 41.516613694899519 ], [ -2.617939005359452, 41.516556942022092 ], [ -2.617734788860784, 41.516500465306848 ], [ -2.617440337360044, 41.51641305158018 ], [ -2.617146819009235, 41.516314564383855 ], [ -2.616789258797516, 41.516169397948445 ], [ -2.616454173524268, 41.516013684178468 ], [ -2.616214994461077, 41.515884674850895 ], [ -2.615952801197, 41.515729086417203 ], [ -2.615743421219256, 41.515593377065812 ], [ -2.615347434920011, 41.515310256665778 ], [ -2.615212798803384, 41.515214582293581 ], [ -2.615377462424478, 41.515083679786095 ], [ -2.615512364914028, 41.515179543273625 ] ] ] } },
{ "type": "Feature", "properties": { "corridor_id": "soria_torralba", "segment_index": 61, "segment_id": "soria_torralba_km60_61", "start_m": 60000.0, "end_m": 61000.0, "start_km": 60.0, "end_km": 61.0, "length_m": 1000.0 }, "geometry": { "type": "Polygon", "coordinates": [ [ [ -2.626937060015651, 41.516054917657549 ], [ -2.627292657014995, 41.516131654950357 ], [ -2.627617949499061, 41.516217683544355 ], [ -2.62788805413994, 41.516305572285482 ], [ -2.628207228331284, 41.516419642772853 ], [ -2.628467245471812, 41.516525121386046 ], [ -2.628752544662529, 41.516656695801785 ], [ -2.62904245167495, 41.516808478960854 ], [ -2.629310016530503, 41.516965306123112 ], [ -2.629591303624691, 41.517149875151993 ], [ -2.629852594832437, 41.517343924367339 ], [ -2.630119664116269, 41.51757623359304 ], [ -2.630341951928498, 41.517790593144674 ], [ -2.630549191765384, 41.518010989090811 ], [ -2.630718285544462, 41.518220489022376 ], [ -2.630882518397085, 41.518450129225563 ], [ -2.631075463002698, 41.518759428135631 ], [ -2.633363812554895, 41.522999093833285 ], [ -2.633141683370334, 41.523066811808249 ], [ -2.63085573687591, 41.518831571758696 ], [ -2.630668281469992, 41.518531070673824 ], [ -2.630510114312724, 41.518309910882486 ], [ -2.630348608082417, 41.518109810820683 ], [ -2.63014944791262, 41.517898006773606 ], [ -2.629934335720827, 41.517690566331055 ], [ -2.629677405001574, 41.517467075564603 ], [ -2.62942809620937, 41.517281924788641 ], [ -2.629157383306051, 41.517104293824737 ], [ -2.628900148165926, 41.516953520993539 ], [ -2.628621255184719, 41.516807504159139 ], [ -2.628347554383879, 41.516681278581132 ], [ -2.628098771534023, 41.516580357199892 ], [ -2.627788945734321, 41.516469627691478 ], [ -2.627530450387246, 41.516385516437332 ], [ -2.62721974288791, 41.516303345036405 ], [ -2.626876539902332, 41.51622928233283 ], [ -2.626562212828661, 41.51617377452132 ], [ -2.626617035591199, 41.515998403755766 ], [ -2.626937060015651, 41.516054917657549 ] ] ] } },
{ "type": "Feature", "properties": { "corridor_id": "soria_torralba", "segment_index": 62, "segment_id": "soria_torralba_km61_62", "start_m": 61000.0, "end_m": 62000.0, "start_km": 61.0, "end_km": 62.0, "length_m": 1000.0 }, "geometry": { "type": "Polygon", "coordinates": [ [ [ -2.633550027654651, 41.523344071542006 ], [ -2.636159277292894, 41.528154563523096 ], [ -2.636478309477121, 41.528741224178631 ], [ -2.636752946633293, 41.529290797837895 ], [ -2.636956648697284, 41.529731899155628 ], [ -2.63709680892824, 41.530074690708652 ], [ -2.637236700253186, 41.530448941022257 ], [ -2.637438895088516, 41.531078043962445 ], [ -2.637496984003811, 41.53129777009736 ], [ -2.637534487215783, 41.531447048576318 ], [ -2.637298906994006, 41.531480465946579 ], [ -2.637261615934926, 41.531332029781886 ], [ -2.637204704842484, 41.531116755917978 ], [ -2.637004699666281, 41.530494458860311 ], [ -2.636866790982507, 41.530125509175832 ], [ -2.636728751205165, 41.529787900730923 ], [ -2.63652745326113, 41.529352002050985 ], [ -2.636255090410531, 41.528806975712399 ], [ -2.635937342360458, 41.528222672722563 ], [ -2.633327972230001, 41.523411928350136 ], [ -2.633141683370334, 41.523066811808249 ], [ -2.633363812554895, 41.522999093833285 ], [ -2.633550027654651, 41.523344071542006 ] ] ] } },
{ "type": "Feature", "properties": { "corridor_id": "soria_torralba", "segment_index": 63, "segment_id": "soria_torralba_km62_63", "start_m": 62000.0, "end_m": 63000.0, "start_km": 62.0, "end_km": 63.0, "length_m": 1000.0 }, "geometry": { "type": "Polygon", "coordinates": [ [ [ -2.637594477462046, 41.531685833423104 ], [ -2.637686305307281, 41.532111302197691 ], [ -2.637764012252471, 41.532636043771205 ], [ -2.637813905120208, 41.533011442166831 ], [ -2.637857480787198, 41.533540879695785 ], [ -2.63787290102536, 41.533998825582806 ], [ -2.637862232018793, 41.534470816693464 ], [ -2.637830959319702, 41.535012625968747 ], [ -2.637776484624026, 41.535499583381153 ], [ -2.637684806093402, 41.536079919231746 ], [ -2.637614725089446, 41.536424285874382 ], [ -2.637334711105753, 41.537640424841172 ], [ -2.636693179817181, 41.540400480221059 ], [ -2.636456980601446, 41.540369488575067 ], [ -2.637098488951214, 41.53760957503772 ], [ -2.637378074964204, 41.536395314004025 ], [ -2.637447193951816, 41.536055680645646 ], [ -2.637537915410226, 41.535481416495244 ], [ -2.63759164070229, 41.535001173906821 ], [ -2.637622567992127, 41.53446538318169 ], [ -2.63763309897415, 41.533999574292167 ], [ -2.637617919199228, 41.533548720179382 ], [ -2.637574894853956, 41.533025957708873 ], [ -2.637525587713678, 41.532654956105077 ], [ -2.637448694648943, 41.532135697679365 ], [ -2.637358322482179, 41.531716966455399 ], [ -2.637298906994006, 41.531480465946579 ], [ -2.637534487215783, 41.531447048576318 ], [ -2.637594477462046, 41.531685833423104 ] ] ] } },
{ "type": "Feature", "properties": { "corridor_id": "soria_torralba", "segment_index": 64, "segment_id": "soria_torralba_km63_64", "start_m": 63000.0, "end_m": 64000.0, "start_km": 63.0, "end_km": 64.0, "length_m": 1000.0 }, "geometry": { "type": "Polygon", "coordinates": [ [ [ -2.636443441788762, 41.541474860519145 ], [ -2.636393252791283, 41.542188623770478 ], [ -2.636596578752596, 41.543520173802072 ], [ -2.637389752982113, 41.549207000280965 ], [ -2.637379889538928, 41.549339862111296 ], [ -2.637140454421648, 41.549329830969604 ], [ -2.637149247010631, 41.549211399593219 ], [ -2.636358221212193, 41.543539826074252 ], [ -2.63615274719933, 41.542194176103713 ], [ -2.636204758249477, 41.541454539357126 ], [ -2.636456980601446, 41.540369488575067 ], [ -2.636693179817181, 41.540400480221059 ], [ -2.636443441788762, 41.541474860519145 ] ] ] } },
{ "type": "Feature", "properties": { "corridor_id": "soria_torralba", "segment_index": 65, "segment_id": "soria_torralba_km64_65", "start_m": 64000.0, "end_m": 65000.0, "start_km": 64.0, "end_km": 65.0, "length_m": 1000.0 }, "geometry": { "type": "Polygon", "coordinates": [ [ [ -2.637338392731178, 41.549898823083524 ], [ -2.637364092672141, 41.550631081544459 ], [ -2.635515413805741, 41.55823151403488 ], [ -2.635279479898908, 41.5581991344106 ], [ -2.637123707354617, 41.550617118329995 ], [ -2.63709840727461, 41.549896176791286 ], [ -2.637140454421648, 41.549329830969604 ], [ -2.637379889538928, 41.549339862111296 ], [ -2.637338392731178, 41.549898823083524 ] ] ] } },
{ "type": "Feature", "properties": { "corridor_id": "soria_torralba", "segment_index": 66, "segment_id": "soria_torralba_km65_66", "start_m": 65000.0, "end_m": 66000.0, "start_km": 65.0, "end_km": 66.0, "length_m": 1000.0 }, "geometry": { "type": "Polygon", "coordinates": [ [ [ -2.635295101857427, 41.559137154462917 ], [ -2.635370803597269, 41.559930623648668 ], [ -2.635421676822688, 41.561300946902037 ], [ -2.635723483504635, 41.562373603885305 ], [ -2.637408210012981, 41.56525750133035 ], [ -2.637663560031578, 41.565941694877196 ], [ -2.637874835361013, 41.566518231601563 ], [ -2.637874836020378, 41.566868012636185 ], [ -2.637634964004165, 41.566868012638395 ], [ -2.637634964594855, 41.566542568273128 ], [ -2.637432439883283, 41.565989905006205 ], [ -2.637181789881587, 41.5653182985576 ], [ -2.635493916398076, 41.562428995999568 ], [ -2.635182523138914, 41.561322252973454 ], [ -2.635131196387091, 41.559939576226441 ], [ -2.635053698161918, 41.559127245410465 ], [ -2.635279479898908, 41.5581991344106 ], [ -2.635515413805741, 41.55823151403488 ], [ -2.635295101857427, 41.559137154462917 ] ] ] } },
{ "type": "Feature", "properties": { "corridor_id": "soria_torralba", "segment_index": 67, "segment_id": "soria_torralba_km66_67", "start_m": 66000.0, "end_m": 67000.0, "start_km": 66.0, "end_km": 67.0, "length_m": 1000.0 }, "geometry": { "type": "Polygon", "coordinates": [ [ [ -2.637874837200886, 41.567512938685155 ], [ -2.637667380971212, 41.568424880559341 ], [ -2.636389948381895, 41.571502131809552 ], [ -2.636086968803638, 41.572862191274396 ], [ -2.636274183230484, 41.575118755679966 ], [ -2.636367936433585, 41.575676922812185 ], [ -2.63612991750479, 41.575699465094729 ], [ -2.636035216739271, 41.57513564419574 ], [ -2.635845831214713, 41.572852808599265 ], [ -2.636156051694414, 41.571460268071711 ], [ -2.637433619105578, 41.568382719322081 ], [ -2.637634962828254, 41.567497661189847 ], [ -2.637634964004165, 41.566868012638395 ], [ -2.637874836020378, 41.566868012636185 ], [ -2.637874837200886, 41.567512938685155 ] ] ] } },
{ "type": "Feature", "properties": { "corridor_id": "soria_torralba", "segment_index": 68, "segment_id": "soria_torralba_km67_68", "start_m": 67000.0, "end_m": 68000.0, "start_km": 67.0, "end_km": 68.0, "length_m": 1000.0 }, "geometry": { "type": "Polygon", "coordinates": [ [ [ -2.637869170463834, 41.584613340183083 ], [ -2.637631119196457, 41.584635885408481 ], [ -2.63612991750479, 41.575699465094729 ], [ -2.636367936433585, 41.575676922812185 ], [ -2.637869170463834, 41.584613340183083 ] ] ] } },
{ "type": "Feature", "properties": { "corridor_id": "soria_torralba", "segment_index": 69, "segment_id": "soria_torralba_km68_69", "start_m": 68000.0, "end_m": 69000.0, "start_km": 68.0, "end_km": 69.0, "length_m": 1000.0 }, "geometry": { "type": "Polygon", "coordinates": [ [ [ -2.637976140825928, 41.585250010905312 ], [ -2.638947080435405, 41.591116785079166 ], [ -2.639336399654519, 41.593508876141961 ], [ -2.639343522095044, 41.593552636207548 ], [ -2.639105322640871, 41.593574484138806 ], [ -2.639098200332609, 41.593530723896869 ], [ -2.638708919524972, 41.591138814797311 ], [ -2.637738059133833, 41.585272388971241 ], [ -2.637631119196457, 41.584635885408481 ], [ -2.637869170463834, 41.584613340183083 ], [ -2.637976140825928, 41.585250010905312 ] ] ] } },
{ "type": "Feature", "properties": { "corridor_id": "soria_torralba", "segment_index": 70, "segment_id": "soria_torralba_km69_70", "start_m": 69000.0, "end_m": 70000.0, "start_km": 69.0, "end_km": 70.0, "length_m": 1000.0 }, "geometry": { "type": "Polygon", "coordinates": [ [ [ -2.639684114282148, 41.595645156234021 ], [ -2.640023248015305, 41.598029565634654 ], [ -2.640083569343846, 41.598475133100649 ], [ -2.640107038353553, 41.59880389390613 ], [ -2.640102344841778, 41.599065839347084 ], [ -2.640081882362528, 41.599309655151856 ], [ -2.640033117664365, 41.599576892475284 ], [ -2.639953266169569, 41.59988246643222 ], [ -2.639874496976171, 41.600111000577428 ], [ -2.639729482041152, 41.600449166177626 ], [ -2.639546825392995, 41.600767896847302 ], [ -2.63933488898092, 41.601077986550386 ], [ -2.63917411083307, 41.601288400652749 ], [ -2.638928911433952, 41.601559050545781 ], [ -2.638650326742206, 41.601818832901934 ], [ -2.638193643568637, 41.602212547035329 ], [ -2.638012633144805, 41.602094256878182 ], [ -2.638466273422286, 41.601703167024482 ], [ -2.638735888726187, 41.601451749373354 ], [ -2.638970489317588, 41.601192799257277 ], [ -2.639123911159579, 41.600992013353071 ], [ -2.639329574736354, 41.600691103050323 ], [ -2.639504518069496, 41.600385833712572 ], [ -2.639643903113934, 41.600060799307194 ], [ -2.6397191339034, 41.599842533448786 ], [ -2.639796282390558, 41.599547307402901 ], [ -2.639842917671378, 41.59929174472407 ], [ -2.639862455171843, 41.599058960527827 ], [ -2.639866961640641, 41.598807505968516 ], [ -2.639844230631289, 41.598489066774697 ], [ -2.63978455195117, 41.598048234241276 ], [ -2.639445685681018, 41.595665643642192 ], [ -2.639105322640871, 41.593574484138806 ], [ -2.639343522095044, 41.593552636207548 ], [ -2.639684114282148, 41.595645156234021 ] ] ] } },
{ "type": "Feature", "properties": { "corridor_id": "soria_torralba", "segment_index": 71, "segment_id": "soria_torralba_km70_71", "start_m": 70000.0, "end_m": 71000.0, "start_km": 70.0, "end_km": 71.0, "length_m": 1000.0 }, "geometry": { "type": "Polygon", "coordinates": [ [ [ -2.634979714139379, 41.604983140700305 ], [ -2.633119411507237, 41.606587331100279 ], [ -2.632726506810611, 41.606924206828985 ], [ -2.632366284512563, 41.607242792796178 ], [ -2.632111550500086, 41.607488933953363 ], [ -2.63193896674157, 41.607671253493379 ], [ -2.631786684213526, 41.607847039748307 ], [ -2.631632284290244, 41.608049726947421 ], [ -2.63150852607436, 41.608224190003988 ], [ -2.631187052060372, 41.608722989041979 ], [ -2.630852584912932, 41.609252967962739 ], [ -2.630635658831486, 41.609175855806058 ], [ -2.63097054807022, 41.608645210856352 ], [ -2.631294474061007, 41.608142609896618 ], [ -2.631422115851505, 41.607962672956759 ], [ -2.63158171593546, 41.607753160160556 ], [ -2.631740433414056, 41.607569946421073 ], [ -2.631918849660071, 41.607381465966036 ], [ -2.632179915651066, 41.607129207128395 ], [ -2.632544693354623, 41.606806593099186 ], [ -2.632938588658268, 41.606468868828664 ], [ -2.634798678103465, 41.604864866060574 ], [ -2.638012633144805, 41.602094256878182 ], [ -2.638193643568637, 41.602212547035329 ], [ -2.634979714139379, 41.604983140700305 ] ] ] } },
{ "type": "Feature", "properties": { "corridor_id": "soria_torralba", "segment_index": 72, "segment_id": "soria_torralba_km71_72", "start_m": 71000.0, "end_m": 72000.0, "start_km": 71.0, "end_km": 72.0, "length_m": 1000.0 }, "geometry": { "type": "Polygon", "coordinates": [ [ [ -2.629328166222944, 41.611668357462207 ], [ -2.628917160252067, 41.612318909731471 ], [ -2.62872165735132, 41.612597301634892 ], [ -2.62857842335374, 41.61277544605877 ], [ -2.62839245294205, 41.61297708279551 ], [ -2.628185857673318, 41.613203416827353 ], [ -2.627984250738108, 41.613390901295773 ], [ -2.627704463249338, 41.613628952258644 ], [ -2.627027806137637, 41.614209116165604 ], [ -2.624150549711826, 41.616662300802808 ], [ -2.623970353560437, 41.616543278542224 ], [ -2.626847394028049, 41.61409028376368 ], [ -2.627524136916366, 41.613510047670708 ], [ -2.627800749426717, 41.613274698631102 ], [ -2.627993142487133, 41.613095783092042 ], [ -2.62819474721426, 41.612874917119676 ], [ -2.628376776799073, 41.612677553853011 ], [ -2.628512542792235, 41.612508698270261 ], [ -2.628702439882159, 41.612238290168541 ], [ -2.629111243647767, 41.611591227002272 ], [ -2.630635658831486, 41.609175855806058 ], [ -2.630852584912932, 41.609252967962739 ], [ -2.629328166222944, 41.611668357462207 ] ] ] } },
{ "type": "Feature", "properties": { "corridor_id": "soria_torralba", "segment_index": 73, "segment_id": "soria_torralba_km72_73", "start_m": 72000.0, "end_m": 73000.0, "start_km": 72.0, "end_km": 73.0, "length_m": 1000.0 }, "geometry": { "type": "Polygon", "coordinates": [ [ [ -2.623922779927448, 41.616856489049532 ], [ -2.623818776671938, 41.616950192097292 ], [ -2.618886513397784, 41.621154118118952 ], [ -2.618230462145561, 41.621716676270339 ], [ -2.618049292998208, 41.621889125234425 ], [ -2.617910339348322, 41.622035640547743 ], [ -2.617766770833653, 41.622195008741009 ], [ -2.617637819708806, 41.622357438820849 ], [ -2.617456062308246, 41.622620098053204 ], [ -2.617319394367564, 41.622847486711827 ], [ -2.617140972114345, 41.623198694894633 ], [ -2.616906656723005, 41.623709969769244 ], [ -2.616679623458299, 41.623651388876951 ], [ -2.616915227993441, 41.623137304994827 ], [ -2.617097605751621, 41.622778313181485 ], [ -2.617239937823562, 41.62254150184549 ], [ -2.617427980433817, 41.622269761083629 ], [ -2.617564029318068, 41.622098391169835 ], [ -2.61771306080849, 41.621932959367832 ], [ -2.617857107162471, 41.621781074685423 ], [ -2.618045738018933, 41.621601523655563 ], [ -2.618706086767966, 41.62103528181035 ], [ -2.62363642349325, 41.616833007830465 ], [ -2.623740420237735, 41.616739310878231 ], [ -2.623970353560439, 41.616543278542224 ], [ -2.624150549711825, 41.616662300802808 ], [ -2.623922779927448, 41.616856489049532 ] ] ] } },
{ "type": "Feature", "properties": { "corridor_id": "soria_torralba", "segment_index": 74, "segment_id": "soria_torralba_km73_74", "start_m": 73000.0, "end_m": 74000.0, "start_km": 73.0, "end_km": 74.0, "length_m": 1000.0 }, "geometry": { "type": "Polygon", "coordinates": [ [ [ -2.613002522737593, 41.632227491947845 ], [ -2.612775463239555, 41.632168903319169 ], [ -2.616679623458299, 41.623651388876951 ], [ -2.616906656723005, 41.623709969769244 ], [ -2.613002522737593, 41.632227491947845 ] ] ] } },
{ "type": "Feature", "properties": { "corridor_id": "soria_torralba", "segment_index": 75, "segment_id": "soria_torralba_km74_75", "start_m": 74000.0, "end_m": 75000.0, "start_km": 74.0, "end_km": 75.0, "length_m": 1000.0 }, "geometry": { "type": "Polygon", "coordinates": [ [ [ -2.612868432831598, 41.632519988762823 ], [ -2.610784490034388, 41.637067381300746 ], [ -2.610330877776709, 41.638065032026752 ], [ -2.609607290240931, 41.639614125228597 ], [ -2.609408814398035, 41.640044224603443 ], [ -2.609069381317376, 41.640739347511627 ], [ -2.608843888209704, 41.640677386849994 ], [ -2.609182585708421, 41.639983775285536 ], [ -2.609380509863686, 41.639554874659837 ], [ -2.610103922327304, 41.638006167861533 ], [ -2.610557310068848, 41.6370090185873 ], [ -2.612641364697306, 41.632461416743837 ], [ -2.612775463239555, 41.632168903319169 ], [ -2.613002522737593, 41.632227491947845 ], [ -2.612868432831598, 41.632519988762823 ] ] ] } },
{ "type": "Feature", "properties": { "corridor_id": "soria_torralba", "segment_index": 76, "segment_id": "soria_torralba_km75_76", "start_m": 75000.0, "end_m": 76000.0, "start_km": 75.0, "end_km": 76.0, "length_m": 1000.0 }, "geometry": { "type": "Polygon", "coordinates": [ [ [ -2.608391109718492, 41.642128327318616 ], [ -2.608265284681014, 41.642413977206829 ], [ -2.607073615125348, 41.645012964407726 ], [ -2.606468357428207, 41.646043279146234 ], [ -2.605281905168609, 41.647398275992245 ], [ -2.604564365908506, 41.648008832271849 ], [ -2.603794184459592, 41.648591779437801 ], [ -2.603634676775567, 41.64868100573171 ], [ -2.603491090285722, 41.64853660145576 ], [ -2.603636215706826, 41.648455420507823 ], [ -2.604388834258585, 41.64788576766118 ], [ -2.605090494993781, 41.647288723928241 ], [ -2.606256642713682, 41.645956920756575 ], [ -2.606849784989107, 41.644947235483606 ], [ -2.608037715421006, 41.642356422680834 ], [ -2.608164290386163, 41.642069072569782 ], [ -2.608843888209704, 41.640677386849994 ], [ -2.609069381317376, 41.640739347511627 ], [ -2.608391109718492, 41.642128327318616 ] ] ] } },
{ "type": "Feature", "properties": { "corridor_id": "soria_torralba", "segment_index": 77, "segment_id": "soria_torralba_km76_77", "start_m": 76000.0, "end_m": 77000.0, "start_km": 76.0, "end_km": 77.0, "length_m": 1000.0 }, "geometry": { "type": "Polygon", "coordinates": [ [ [ -2.602407973596916, 41.649367190044849 ], [ -2.600897847049184, 41.650025127132388 ], [ -2.597271757384968, 41.651107361285412 ], [ -2.595759581080893, 41.65155294629043 ], [ -2.594999179527679, 41.651830164796209 ], [ -2.594452307777649, 41.65208799405265 ], [ -2.594024513881395, 41.652352139363842 ], [ -2.593468581314593, 41.652758462641252 ], [ -2.593238927948061, 41.652962315178208 ], [ -2.593055458875882, 41.652846052603138 ], [ -2.593292618852753, 41.652635537291481 ], [ -2.593864086285087, 41.65221786058013 ], [ -2.594311492381444, 41.651941605904 ], [ -2.594882420614207, 41.651672435173687 ], [ -2.59566301904171, 41.651387853688647 ], [ -2.597183442728713, 41.650939838696914 ], [ -2.600792553082476, 41.649862672842936 ], [ -2.602275426557029, 41.649216609916614 ], [ -2.603491090285722, 41.64853660145576 ], [ -2.603634676775567, 41.64868100573171 ], [ -2.602407973596916, 41.649367190044849 ] ] ] } },
{ "type": "Feature", "properties": { "corridor_id": "soria_torralba", "segment_index": 78, "segment_id": "soria_torralba_km77_78", "start_m": 77000.0, "end_m": 78000.0, "start_km": 77.0, "end_km": 78.0, "length_m": 1000.0 }, "geometry": { "type": "Polygon", "coordinates": [ [ [ -2.587323859578879, 41.658212238110643 ], [ -2.585500197628932, 41.659849602492834 ], [ -2.585315834503323, 41.659734120849173 ], [ -2.587139940586141, 41.658096361815922 ], [ -2.593055458875882, 41.652846052603138 ], [ -2.593238927948061, 41.652962315178208 ], [ -2.587323859578879, 41.658212238110643 ] ] ] } },
{ "type": "Feature", "properties": { "corridor_id": "soria_torralba", "segment_index": 79, "segment_id": "soria_torralba_km78_79", "start_m": 78000.0, "end_m": 79000.0, "start_km": 78.0, "end_km": 79.0, "length_m": 1000.0 }, "geometry": { "type": "Polygon", "coordinates": [ [ [ -2.584580335142435, 41.660675452908514 ], [ -2.582017731045569, 41.66293432576424 ], [ -2.581921376780911, 41.663002891736774 ], [ -2.580625317651581, 41.663875410001594 ], [ -2.577203057028465, 41.665653254464281 ], [ -2.576749297915773, 41.665950611760486 ], [ -2.576591209176752, 41.665814970140723 ], [ -2.57705514313414, 41.665510945488002 ], [ -2.580476082511687, 41.663733789949845 ], [ -2.581758423385894, 41.662870508205472 ], [ -2.581843069122106, 41.662810274169487 ], [ -2.5843966650227, 41.660559347018271 ], [ -2.585315834503323, 41.659734120849173 ], [ -2.585500197628932, 41.659849602492834 ], [ -2.584580335142435, 41.660675452908514 ] ] ] } },
{ "type": "Feature", "properties": { "corridor_id": "soria_torralba", "segment_index": 80, "segment_id": "soria_torralba_km79_80", "start_m": 79000.0, "end_m": 80000.0, "start_km": 79.0, "end_km": 80.0, "length_m": 1000.0 }, "geometry": { "type": "Polygon", "coordinates": [ [ [ -2.575529896273548, 41.666749687112727 ], [ -2.574867395282554, 41.667244532034168 ], [ -2.574119171177924, 41.667898149310282 ], [ -2.573420343530122, 41.668591109630817 ], [ -2.571879770736195, 41.670260673979449 ], [ -2.571064520164186, 41.671137744973542 ], [ -2.569875274630101, 41.672406509214575 ], [ -2.569657625663424, 41.672617098507146 ], [ -2.569472317791699, 41.672795066701966 ], [ -2.569299676291795, 41.672953015776983 ], [ -2.569113842961789, 41.672838833161386 ], [ -2.569284682371941, 41.672682533221668 ], [ -2.569467974499157, 41.672506501414823 ], [ -2.569681925530342, 41.672299490704368 ], [ -2.570867679993511, 41.671034454942458 ], [ -2.571682429421075, 41.670157925936117 ], [ -2.573225656629313, 41.668485490286997 ], [ -2.573932028986067, 41.667785050613752 ], [ -2.574691204884745, 41.667121867898416 ], [ -2.57536590389358, 41.666617912828812 ], [ -2.57659120917675, 41.665814970140723 ], [ -2.576749297915774, 41.665950611760486 ], [ -2.575529896273548, 41.666749687112727 ] ] ] } },
{ "type": "Feature", "properties": { "corridor_id": "soria_torralba", "segment_index": 81, "segment_id": "soria_torralba_km80_81", "start_m": 80000.0, "end_m": 81000.0, "start_km": 80.0, "end_km": 81.0, "length_m": 1000.0 }, "geometry": { "type": "Polygon", "coordinates": [ [ [ -2.569212095375725, 41.673033142837873 ], [ -2.568883958747475, 41.673320476302131 ], [ -2.56862646198539, 41.673536890916637 ], [ -2.568342669432411, 41.673757182599509 ], [ -2.567984885943173, 41.674033058059763 ], [ -2.567570228197932, 41.674328636937474 ], [ -2.56687268370755, 41.674780976410126 ], [ -2.56655857166006, 41.674975719960919 ], [ -2.566250010141926, 41.67515244442113 ], [ -2.56587987191062, 41.675356991963731 ], [ -2.565404936383818, 41.67560160098644 ], [ -2.565030576604686, 41.675785461813724 ], [ -2.564609802892374, 41.675982775001401 ], [ -2.56420076752659, 41.676163828472205 ], [ -2.563810643115032, 41.676318609430041 ], [ -2.563432844432087, 41.676466797316429 ], [ -2.563028670518244, 41.676616387004302 ], [ -2.562184167940075, 41.676908579957335 ], [ -2.560265800596443, 41.677554037350639 ], [ -2.559334849262782, 41.677868947703637 ], [ -2.559236028662648, 41.67770474710219 ], [ -2.560167199528213, 41.677389762627641 ], [ -2.562084632185532, 41.67674462002055 ], [ -2.562925129611367, 41.676453812971843 ], [ -2.563323955702626, 41.676306202657301 ], [ -2.563698757022412, 41.676159190542279 ], [ -2.564083432615662, 41.676006571497453 ], [ -2.564484997255842, 41.675828824964391 ], [ -2.564901023547, 41.675633738149493 ], [ -2.565271063770783, 41.67545199897436 ], [ -2.565740528247331, 41.67521020799385 ], [ -2.566105790018607, 41.675008355533478 ], [ -2.566409028502935, 41.674834679990347 ], [ -2.566717516457461, 41.674643423537461 ], [ -2.567408771968746, 41.674195163005848 ], [ -2.567815914224355, 41.673904941878206 ], [ -2.568170130735023, 41.673631817335831 ], [ -2.568450338181772, 41.673414309016025 ], [ -2.568703041418655, 41.673201923626841 ], [ -2.569027904789364, 41.672917457088523 ], [ -2.569113842961791, 41.672838833161386 ], [ -2.569299676291795, 41.672953015776983 ], [ -2.569212095375725, 41.673033142837873 ] ] ] } },
{ "type": "Feature", "properties": { "corridor_id": "soria_torralba", "segment_index": 82, "segment_id": "soria_torralba_km81_82", "start_m": 81000.0, "end_m": 82000.0, "start_km": 81.0, "end_km": 82.0, "length_m": 1000.0 }, "geometry": { "type": "Polygon", "coordinates": [ [ [ -2.555650640583705, 41.679115090345704 ], [ -2.550122578707077, 41.680987677848314 ], [ -2.548385449430651, 41.68157631962481 ], [ -2.548286476113638, 41.681412169075287 ], [ -2.550023611634397, 41.680823525445177 ], [ -2.555551725588131, 41.678950921134927 ], [ -2.559236028662648, 41.67770474710219 ], [ -2.559334849262782, 41.677868947703637 ], [ -2.555650640583705, 41.679115090345704 ] ] ] } },
{ "type": "Feature", "properties": { "corridor_id": "soria_torralba", "segment_index": 83, "segment_id": "soria_torralba_km82_83", "start_m": 82000.0, "end_m": 83000.0, "start_km": 82.0, "end_km": 83.0, "length_m": 1000.0 }, "geometry": { "type": "Polygon", "coordinates": [ [ [ -2.547484567157201, 41.681881577007445 ], [ -2.547005354341919, 41.682050967678236 ], [ -2.546578827753039, 41.682224763468007 ], [ -2.546128316073324, 41.682422246757653 ], [ -2.545729317724229, 41.682613536583901 ], [ -2.545404531786509, 41.682785918492165 ], [ -2.545117113949907, 41.682947237677347 ], [ -2.544828856618529, 41.683116171834378 ], [ -2.544523699861984, 41.683309922298619 ], [ -2.544234702248085, 41.683508058357916 ], [ -2.543756875179039, 41.683860435007183 ], [ -2.542244508128706, 41.685024318179231 ], [ -2.539303610577476, 41.687291562444905 ], [ -2.539131317070425, 41.687165981154472 ], [ -2.542072253455598, 41.684898711503095 ], [ -2.543586524988551, 41.683733364929822 ], [ -2.544069297919243, 41.683377341582656 ], [ -2.54436490030414, 41.683174677646562 ], [ -2.544677143545374, 41.682976428115524 ], [ -2.544971086211546, 41.682804162276184 ], [ -2.545263068372643, 41.682640281464188 ], [ -2.545595082430682, 41.682464063376678 ], [ -2.546002884075409, 41.682268553207848 ], [ -2.546460772389803, 41.682067836501311 ], [ -2.54689664579269, 41.681890232295601 ], [ -2.547383832969619, 41.68171802296996 ], [ -2.548286476113636, 41.681412169075294 ], [ -2.548385449430653, 41.681576319624796 ], [ -2.547484567157201, 41.681881577007445 ] ] ] } },
{ "type": "Feature", "properties": { "corridor_id": "soria_torralba", "segment_index": 84, "segment_id": "soria_torralba_km83_84", "start_m": 83000.0, "end_m": 84000.0, "start_km": 83.0, "end_km": 84.0, "length_m": 1000.0 }, "geometry": { "type": "Polygon", "coordinates": [ [ [ -2.539093814443833, 41.68745329283616 ], [ -2.537222916054684, 41.688886410045015 ], [ -2.537078300302315, 41.689000580491722 ], [ -2.535918870291118, 41.689879441118805 ], [ -2.534773263697397, 41.690720599917171 ], [ -2.531991663271344, 41.692847943437506 ], [ -2.530979282432171, 41.693612676495576 ], [ -2.530865351755363, 41.693702390583276 ], [ -2.530691264882767, 41.693578193459459 ], [ -2.530806917735464, 41.693487123439972 ], [ -2.5318205368963, 41.692721456498944 ], [ -2.534603336470246, 41.690593200020174 ], [ -2.535749329876506, 41.689751758818829 ], [ -2.536905699865267, 41.688875219443609 ], [ -2.537049884112865, 41.688761389890061 ], [ -2.538921785723742, 41.68732750709961 ], [ -2.539131317070424, 41.687165981154472 ], [ -2.539303610577477, 41.687291562444905 ], [ -2.539093814443833, 41.68745329283616 ] ] ] } },
{ "type": "Feature", "properties": { "corridor_id": "soria_torralba", "segment_index": 85, "segment_id": "soria_torralba_km84_85", "start_m": 84000.0, "end_m": 85000.0, "start_km": 84.0, "end_km": 85.0, "length_m": 1000.0 }, "geometry": { "type": "Polygon", "coordinates": [ [ [ -2.528940943685172, 41.695217699971231 ], [ -2.528168965128211, 41.695825534871219 ], [ -2.525996896569316, 41.697480545898678 ], [ -2.525642124848131, 41.697779559721695 ], [ -2.525099313155158, 41.698360007574429 ], [ -2.524816931056698, 41.69879888814814 ], [ -2.524546074554787, 41.699273554022533 ], [ -2.524331822088503, 41.69981793464919 ], [ -2.524233048592007, 41.700215775265441 ], [ -2.524193275483749, 41.70050506483976 ], [ -2.524172351189604, 41.700819360168907 ], [ -2.523932282642082, 41.700810383213152 ], [ -2.523953524542908, 41.700491335035309 ], [ -2.523994951456613, 41.700190024611452 ], [ -2.524097777988814, 41.699775865231985 ], [ -2.524319525553357, 41.699212445866223 ], [ -2.524598069070501, 41.698724311748059 ], [ -2.524891286992719, 41.698268592331857 ], [ -2.525453275315853, 41.69766764020104 ], [ -2.525821303598176, 41.697357454034453 ], [ -2.527996235039416, 41.69570026506409 ], [ -2.528766856750734, 41.695093499751721 ], [ -2.530691264882767, 41.693578193459459 ], [ -2.530865351755363, 41.693702390583276 ], [ -2.528940943685172, 41.695217699971231 ] ] ] } },
{ "type": "Feature", "properties": { "corridor_id": "soria_torralba", "segment_index": 86, "segment_id": "soria_torralba_km85_86", "start_m": 85000.0, "end_m": 86000.0, "start_km": 85.0, "end_km": 86.0, "length_m": 1000.0 }, "geometry": { "type": "Polygon", "coordinates": [ [ [ -2.524168797233543, 41.700872742372837 ], [ -2.524171470758514, 41.701316410376705 ], [ -2.52419860209534, 41.701716636120231 ], [ -2.524588430932091, 41.704853416515043 ], [ -2.524657590095322, 41.705654943930021 ], [ -2.524691225871673, 41.70613731238646 ], [ -2.524684797024852, 41.706604640520034 ], [ -2.524588400189604, 41.707061330907258 ], [ -2.524490342326029, 41.70740248843294 ], [ -2.524221675231468, 41.70798047036417 ], [ -2.524058273984323, 41.708248996215147 ], [ -2.523972571475845, 41.708376201457526 ], [ -2.52365300462367, 41.708773581083278 ], [ -2.523313474662275, 41.709133980569952 ], [ -2.522939490566302, 41.70942754050224 ], [ -2.522839556298267, 41.709497571917495 ], [ -2.522675352767886, 41.709366002669512 ], [ -2.522770309601598, 41.709299459435655 ], [ -2.523127325503488, 41.709019219354957 ], [ -2.523451595530624, 41.708675018828849 ], [ -2.523762028667043, 41.708288998446456 ], [ -2.523841526147398, 41.708171003683063 ], [ -2.523998324885576, 41.707913329527706 ], [ -2.524258457762614, 41.707353711450416 ], [ -2.524351999872047, 41.707028268971435 ], [ -2.524444603004374, 41.70658955935459 ], [ -2.524450774122464, 41.706141087487723 ], [ -2.524417609886295, 41.705665455944597 ], [ -2.52434876904276, 41.704867583359864 ], [ -2.523958797881804, 41.70172956375454 ], [ -2.523931129233385, 41.701321389497579 ], [ -2.523928402775236, 41.700868657501488 ], [ -2.523932282642082, 41.700810383213152 ], [ -2.524172351189604, 41.700819360168907 ], [ -2.524168797233543, 41.700872742372837 ] ] ] } },
{ "type": "Feature", "properties": { "corridor_id": "soria_torralba", "segment_index": 87, "segment_id": "soria_torralba_km86_87", "start_m": 86000.0, "end_m": 87000.0, "start_km": 86.0, "end_km": 87.0, "length_m": 1000.0 }, "geometry": { "type": "Polygon", "coordinates": [ [ [ -2.522674417580158, 41.709613296439457 ], [ -2.522235206840298, 41.709874204845363 ], [ -2.521916074146548, 41.710043434220275 ], [ -2.521410394575121, 41.710263937077151 ], [ -2.520842703294623, 41.710463811355851 ], [ -2.518633808225864, 41.711200509999976 ], [ -2.517955536545178, 41.711432629248137 ], [ -2.512037405041908, 41.713457520829095 ], [ -2.511937551389555, 41.71329365478492 ], [ -2.517855665329835, 41.71126877013112 ], [ -2.518534991899105, 41.711036289978281 ], [ -2.520742696831562, 41.710299988621877 ], [ -2.521298605562531, 41.710104262895278 ], [ -2.521785926005926, 41.709891765742661 ], [ -2.522090993320528, 41.709729995109306 ], [ -2.522517382585881, 41.709476703506972 ], [ -2.522675352767886, 41.709366002669512 ], [ -2.522839556298267, 41.709497571917495 ], [ -2.522674417580158, 41.709613296439457 ] ] ] } },
{ "type": "Feature", "properties": { "corridor_id": "soria_torralba", "segment_index": 88, "segment_id": "soria_torralba_km87_88", "start_m": 87000.0, "end_m": 88000.0, "start_km": 87.0, "end_km": 88.0, "length_m": 1000.0 }, "geometry": { "type": "Polygon", "coordinates": [ [ [ -2.510107140175754, 41.714117868078219 ], [ -2.504552626132592, 41.715955191005328 ], [ -2.503369557134867, 41.716502740363822 ], [ -2.502786061667951, 41.716900511506829 ], [ -2.502260272832886, 41.717299142818575 ], [ -2.501800871316225, 41.717819466948015 ], [ -2.501600346264208, 41.717720080333237 ], [ -2.502072727333214, 41.717185057105219 ], [ -2.502619538499823, 41.716770488432999 ], [ -2.503224243027524, 41.716358259590223 ], [ -2.504440374005731, 41.715795408966891 ], [ -2.510008659948874, 41.713953531900188 ], [ -2.511937551389555, 41.71329365478492 ], [ -2.512037405041908, 41.713457520829095 ], [ -2.510107140175754, 41.714117868078219 ] ] ] } },
{ "type": "Feature", "properties": { "corridor_id": "soria_torralba", "segment_index": 89, "segment_id": "soria_torralba_km88_89", "start_m": 88000.0, "end_m": 89000.0, "start_km": 88.0, "end_km": 89.0, "length_m": 1000.0 }, "geometry": { "type": "Polygon", "coordinates": [ [ [ -2.501649600451943, 41.717990796031351 ], [ -2.501467008591563, 41.718346622211406 ], [ -2.500771578850416, 41.719701189934327 ], [ -2.497663163755608, 41.725818237407189 ], [ -2.497544892846729, 41.726199525764727 ], [ -2.497310672291303, 41.726158752467335 ], [ -2.497432636339573, 41.725765562477584 ], [ -2.500547021262568, 41.71963680995642 ], [ -2.501242594790579, 41.718281971309516 ], [ -2.501434599687088, 41.717907803868549 ], [ -2.501600346264209, 41.717720080333237 ], [ -2.501800871316224, 41.717819466948015 ], [ -2.501649600451943, 41.717990796031351 ] ] ] } },
{ "type": "Feature", "properties": { "corridor_id": "soria_torralba", "segment_index": 90, "segment_id": "soria_torralba_km89_90", "start_m": 89000.0, "end_m": 90000.0, "start_km": 89.0, "end_km": 90.0, "length_m": 1000.0 }, "geometry": { "type": "Polygon", "coordinates": [ [ [ -2.497430080814036, 41.726569658678535 ], [ -2.49737753380272, 41.727000472723809 ], [ -2.497431550372966, 41.729182417074036 ], [ -2.497189825032889, 41.730116979348871 ], [ -2.496136551542258, 41.731972694927087 ], [ -2.495588258435768, 41.732610928419135 ], [ -2.493565717180266, 41.734378547026452 ], [ -2.493383118487555, 41.734261318376426 ], [ -2.495394941726292, 41.732503071499927 ], [ -2.495923248598372, 41.731888104974402 ], [ -2.496958575063119, 41.730064020535167 ], [ -2.497190649657472, 41.729166782799837 ], [ -2.497136866210733, 41.726993927150225 ], [ -2.49719211924013, 41.726540941198508 ], [ -2.497310672291303, 41.726158752467335 ], [ -2.497544892846729, 41.726199525764727 ], [ -2.497430080814036, 41.726569658678535 ] ] ] } },
{ "type": "Feature", "properties": { "corridor_id": "soria_torralba", "segment_index": 91, "segment_id": "soria_torralba_km90_91", "start_m": 90000.0, "end_m": 91000.0, "start_km": 90.0, "end_km": 91.0, "length_m": 1000.0 }, "geometry": { "type": "Polygon", "coordinates": [ [ [ -2.491928421348522, 41.735809378842099 ], [ -2.488864832806122, 41.737894689930897 ], [ -2.488431325815292, 41.738253679058722 ], [ -2.488146647317877, 41.738518839342028 ], [ -2.487826334796913, 41.738910908088059 ], [ -2.487513269389442, 41.739422929579248 ], [ -2.487317255364097, 41.739808043119844 ], [ -2.486595924683304, 41.741448672373117 ], [ -2.486367474674589, 41.741392329071566 ], [ -2.487090544742907, 41.739747756768764 ], [ -2.487291330731369, 41.739353270314048 ], [ -2.487613665343713, 41.738826091814005 ], [ -2.487949552841366, 41.738414960573856 ], [ -2.488248274350977, 41.738136720868702 ], [ -2.488694367362308, 41.737767310006127 ], [ -2.491755578820105, 41.735683621093145 ], [ -2.493383118487555, 41.734261318376426 ], [ -2.493565717180266, 41.734378547026452 ], [ -2.491928421348522, 41.735809378842099 ] ] ] } },
{ "type": "Feature", "properties": { "corridor_id": "soria_torralba", "segment_index": 92, "segment_id": "soria_torralba_km91_92", "start_m": 91000.0, "end_m": 92000.0, "start_km": 91.0, "end_km": 92.0, "length_m": 1000.0 }, "geometry": { "type": "Polygon", "coordinates": [ [ [ -2.486298197271974, 41.742125811825744 ], [ -2.486147514454174, 41.742414365239824 ], [ -2.485907245379584, 41.742754875084216 ], [ -2.485563288814937, 41.743162332066383 ], [ -2.485218289061772, 41.743487524644671 ], [ -2.484874871001469, 41.74376171203393 ], [ -2.484712856312771, 41.743883480493452 ], [ -2.483390429345892, 41.744732465213929 ], [ -2.483191880299559, 41.744900215124716 ], [ -2.483068682363765, 41.745009616585719 ], [ -2.48296616882287, 41.745114389540319 ], [ -2.482655696553891, 41.745519464256205 ], [ -2.482521552545153, 41.745796329987975 ], [ -2.482458174512076, 41.745964504109011 ], [ -2.482415200063368, 41.746123365780917 ], [ -2.482387027963577, 41.74626548183997 ], [ -2.482361228116242, 41.746496212821881 ], [ -2.482265839149051, 41.747988818963435 ], [ -2.482182550198713, 41.749346957873691 ], [ -2.481942256209094, 41.749338693406528 ], [ -2.482025560867951, 41.747980380911017 ], [ -2.482121171907048, 41.746484387052817 ], [ -2.482147972076178, 41.746244718035861 ], [ -2.482178199995081, 41.746092234097141 ], [ -2.48222422556604, 41.745922095772251 ], [ -2.482292447554114, 41.74574106989823 ], [ -2.482436703576289, 41.745443335639941 ], [ -2.482764231331785, 41.745016010371401 ], [ -2.482879517800083, 41.744898183336808 ], [ -2.483009919866973, 41.744782384803564 ], [ -2.483221370822937, 41.744603734724116 ], [ -2.484549143854999, 41.743751319448435 ], [ -2.484701929166591, 41.743636487901234 ], [ -2.48503611110498, 41.743369675283454 ], [ -2.485366911344635, 41.743057867850133 ], [ -2.485698954767046, 41.742664524821826 ], [ -2.48592848567432, 41.742339234656249 ], [ -2.486071802836181, 41.742064788063175 ], [ -2.486367474674589, 41.741392329071566 ], [ -2.486595924683304, 41.741448672373117 ], [ -2.486298197271974, 41.742125811825744 ] ] ] } },
{ "type": "Feature", "properties": { "corridor_id": "soria_torralba", "segment_index": 93, "segment_id": "soria_torralba_km92_93", "start_m": 92000.0, "end_m": 93000.0, "start_km": 92.0, "end_km": 93.0, "length_m": 1000.0 }, "geometry": { "type": "Polygon", "coordinates": [ [ [ -2.482182141802565, 41.749353617171231 ], [ -2.482059395403332, 41.751275797475557 ], [ -2.482006507826644, 41.751509912303213 ], [ -2.481950384807532, 41.751692802342099 ], [ -2.481885178684109, 41.751857589163521 ], [ -2.481779022670731, 41.752057577388499 ], [ -2.481689785189588, 41.752195009683774 ], [ -2.481596998561636, 41.75232291921494 ], [ -2.481451160861714, 41.752481930953621 ], [ -2.481232516718776, 41.752711727622284 ], [ -2.481083554641037, 41.752833077360407 ], [ -2.480927350322533, 41.752957856083235 ], [ -2.480760503615087, 41.753069157049453 ], [ -2.480631743305147, 41.75314309245784 ], [ -2.480444061386469, 41.753242022460462 ], [ -2.480225337671093, 41.753351080869102 ], [ -2.47974812893937, 41.75357658292905 ], [ -2.4792473609862, 41.753806443727008 ], [ -2.478686049279371, 41.754065218724307 ], [ -2.478418532453076, 41.754190654888362 ], [ -2.478186639032911, 41.754294221913561 ], [ -2.474970527002501, 41.75570691238751 ], [ -2.474848807101133, 41.755551534473049 ], [ -2.478064161113853, 41.754139178053606 ], [ -2.478293067696014, 41.754036945077218 ], [ -2.478559150870782, 41.753912181240509 ], [ -2.479121439163224, 41.753652956238319 ], [ -2.479621071210904, 41.753423617035665 ], [ -2.480094462481921, 41.753199919093504 ], [ -2.480308138769872, 41.753093377499283 ], [ -2.480489256855019, 41.752997907497971 ], [ -2.480607096550062, 41.752930242899424 ], [ -2.480759249845875, 41.752828743855503 ], [ -2.480907245526751, 41.752710522572215 ], [ -2.48104528344664, 41.752598072301829 ], [ -2.481254039296696, 41.752378668962294 ], [ -2.481391601589163, 41.752228680693719 ], [ -2.481475814948016, 41.752112590217095 ], [ -2.481558777454487, 41.751984822506408 ], [ -2.481657621421052, 41.751798610724222 ], [ -2.481717615276321, 41.751646997540369 ], [ -2.481770492239054, 41.751474687575886 ], [ -2.481819804633981, 41.751256402399704 ], [ -2.481941858214432, 41.74934518270323 ], [ -2.481942256209094, 41.749338693406528 ], [ -2.482182550198713, 41.749346957873691 ], [ -2.482182141802565, 41.749353617171231 ] ] ] } },
{ "type": "Feature", "properties": { "corridor_id": "soria_torralba", "segment_index": 94, "segment_id": "soria_torralba_km93_94", "start_m": 93000.0, "end_m": 93258.083, "start_km": 93.0, "end_km": 93.258, "length_m": 258.083 }, "geometry": { "type": "Polygon", "coordinates": [ [ [ -2.474750404276759, 41.755803596613013 ], [ -2.474472131592262, 41.755919662172985 ], [ -2.474239445591571, 41.756002837684839 ], [ -2.474025660393751, 41.756069786759873 ], [ -2.473719928245989, 41.756151992691521 ], [ -2.473431204402106, 41.756208999252308 ], [ -2.473227575371216, 41.756243465843497 ], [ -2.473011319000798, 41.756273036001666 ], [ -2.472961129738273, 41.756283654885308 ], [ -2.472678398036275, 41.756321977574146 ], [ -2.472357569401975, 41.756367025428609 ], [ -2.472326476550001, 41.756371369945619 ], [ -2.472299189096216, 41.75637719307533 ], [ -2.472262207513001, 41.756389202149862 ], [ -2.472224622252437, 41.75640279488087 ], [ -2.472189498074093, 41.756416351584377 ], [ -2.472147798937503, 41.756430772037824 ], [ -2.472105197027828, 41.756442337101326 ], [ -2.47206705021815, 41.756451730610642 ], [ -2.472026170863467, 41.756459971542562 ], [ -2.471963629219847, 41.756286028448123 ], [ -2.471998149873101, 41.756279069378252 ], [ -2.472026603075021, 41.756272062884541 ], [ -2.472056201180119, 41.756264027943409 ], [ -2.472083902057806, 41.75625444839099 ], [ -2.472117177881207, 41.756241605093649 ], [ -2.472161992613565, 41.756225397827841 ], [ -2.47221801100988, 41.756207206909686 ], [ -2.472271323523981, 41.756195830046885 ], [ -2.472313282766775, 41.756189967249483 ], [ -2.472634802022458, 41.756144822420701 ], [ -2.472906870334558, 41.75610794510736 ], [ -2.472956881072263, 41.756097363990939 ], [ -2.473179424693567, 41.756066934150461 ], [ -2.47337399567445, 41.756034000739682 ], [ -2.473648471848441, 41.755979807296619 ], [ -2.47393853971888, 41.755901813223048 ], [ -2.474141154533048, 41.755838362293687 ], [ -2.474361668544275, 41.755759537800145 ], [ -2.474630995867532, 41.755647203355757 ], [ -2.474848807101135, 41.755551534473049 ], [ -2.4749705270025, 41.75570691238751 ], [ -2.474750404276759, 41.755803596613013 ] ] ] } }
]
}
