{
"type": "FeatureCollection",
"name": "soria_torralba_corridor_blocks_wgs84",
"crs": { "type": "name", "properties": { "name": "urn:ogc:def:crs:OGC:1.3:CRS84" } },
"features": [
{ "type": "Feature", "properties": { "corridor_id": "soria_torralba", "segment_index": 1, "segment_id": "soria_torralba_km0_1", "start_m": 0.0, "end_m": 1000.0, "start_km": 0.0, "end_km": 1.0, "length_m": 1000.0 }, "geometry": { "type": "Polygon", "coordinates": [ [ [ -2.495997146307343, 41.13609923310409 ], [ -2.495742003014878, 41.136227970682768 ], [ -2.495282131547297, 41.136454371604614 ], [ -2.494953769430889, 41.136673034630846 ], [ -2.494735557880849, 41.13682255423538 ], [ -2.494478218382882, 41.137040900563562 ], [ -2.494251318124694, 41.137265120179812 ], [ -2.494075553513101, 41.137466187187975 ], [ -2.493850099651262, 41.137807744186375 ], [ -2.493756618524493, 41.137994216191665 ], [ -2.493670314028813, 41.13821982211882 ], [ -2.493621744345211, 41.138482152898483 ], [ -2.49359779486839, 41.138756213009025 ], [ -2.493621889250246, 41.139137177813659 ], [ -2.4936833480052, 41.139373363249582 ], [ -2.493771161504343, 41.139658434097541 ], [ -2.494009974185871, 41.140272537226139 ], [ -2.494157757742057, 41.140645209755441 ], [ -2.494233149301866, 41.14083528015545 ], [ -2.494487054690465, 41.141475420050902 ], [ -2.494699980296161, 41.141964967169905 ], [ -2.494956374773289, 41.142504371512089 ], [ -2.495064401281421, 41.142704335065027 ], [ -2.492858098502166, 41.143385442938452 ], [ -2.492730814408561, 41.143149817657154 ], [ -2.492446209769925, 41.142551021733347 ], [ -2.492213336083799, 41.142015568662643 ], [ -2.491950440005956, 41.141352703869501 ], [ -2.491875044846217, 41.141162607751177 ], [ -2.491725417022645, 41.140785251383932 ], [ -2.491465630572325, 41.140117154310907 ], [ -2.491353045414346, 41.139751624920322 ], [ -2.491249906944063, 41.13935520995107 ], [ -2.491211005554945, 41.138739774629379 ], [ -2.491249659101301, 41.138297634907858 ], [ -2.491333892776084, 41.137842766066804 ], [ -2.491494191376528, 41.137423772742544 ], [ -2.491664312439786, 41.137084445491858 ], [ -2.492007860715689, 41.136564003580254 ], [ -2.492308697335825, 41.136219871672111 ], [ -2.492639797670443, 41.135892692137084 ], [ -2.493041058466138, 41.135552239557704 ], [ -2.493366046753024, 41.135329559913636 ], [ -2.493836884204569, 41.135016023863763 ], [ -2.494430411916894, 41.134723825572173 ], [ -2.494635068943411, 41.134620562862935 ], [ -2.494940857259516, 41.134452657812979 ], [ -2.496341158201828, 41.135910337928699 ], [ -2.495997146307343, 41.13609923310409 ] ] ] } },
{ "type": "Feature", "properties": { "corridor_id": "soria_torralba", "segment_index": 2, "segment_id": "soria_torralba_km1_2", "start_m": 1000.0, "end_m": 2000.0, "start_km": 1.0, "end_km": 2.0, "length_m": 1000.0 }, "geometry": { "type": "Polygon", "coordinates": [ [ [ -2.49523304153979, 41.143016495690716 ], [ -2.495444409905389, 41.143418883864676 ], [ -2.4958686008425, 41.144013405597185 ], [ -2.496243416825949, 41.144486620552044 ], [ -2.500958585627947, 41.150357781408466 ], [ -2.498921175806069, 41.151292688741115 ], [ -2.49420236881101, 41.145416770286161 ], [ -2.493796385199807, 41.144904184968134 ], [ -2.493280777641587, 41.144181505877974 ], [ -2.493022347249204, 41.143689493617856 ], [ -2.49285809850217, 41.143385442938452 ], [ -2.495064401281417, 41.142704335065019 ], [ -2.49523304153979, 41.143016495690716 ] ] ] } },
{ "type": "Feature", "properties": { "corridor_id": "soria_torralba", "segment_index": 3, "segment_id": "soria_torralba_km2_3", "start_m": 2000.0, "end_m": 3000.0, "start_km": 2.0, "end_km": 3.0, "length_m": 1000.0 }, "geometry": { "type": "Polygon", "coordinates": [ [ [ -2.500999998214623, 41.150409341409642 ], [ -2.502020387260966, 41.151679810727657 ], [ -2.502614926198787, 41.15253261829529 ], [ -2.504505658410743, 41.15652391960478 ], [ -2.504845476410333, 41.156935664664537 ], [ -2.505563725481894, 41.157701545270179 ], [ -2.506025256301977, 41.15818867587187 ], [ -2.506153089586225, 41.158323600013482 ], [ -2.504214950273373, 41.159372432260163 ], [ -2.504087126355763, 41.159237513800335 ], [ -2.503622259135072, 41.158746846414282 ], [ -2.502860108572388, 41.15793412665186 ], [ -2.502347728721598, 41.157313270187977 ], [ -2.500427661799762, 41.153259771229706 ], [ -2.499945398799572, 41.152567979813739 ], [ -2.498962578486414, 41.151344238399702 ], [ -2.498921175806066, 41.151292688741108 ], [ -2.500958585627949, 41.150357781408474 ], [ -2.500999998214623, 41.150409341409642 ] ] ] } },
{ "type": "Feature", "properties": { "corridor_id": "soria_torralba", "segment_index": 4, "segment_id": "soria_torralba_km3_4", "start_m": 3000.0, "end_m": 4000.0, "start_km": 3.0, "end_km": 4.0, "length_m": 1000.0 }, "geometry": { "type": "Polygon", "coordinates": [ [ [ -2.507132269531612, 41.159357071630559 ], [ -2.509818268101721, 41.162192024718927 ], [ -2.5104989904271, 41.16279054586586 ], [ -2.510738920367856, 41.162970244026454 ], [ -2.5109872563271, 41.163141836176713 ], [ -2.511453625632608, 41.16340306638071 ], [ -2.512045367566202, 41.16365619165493 ], [ -2.5121380368925, 41.163695836498775 ], [ -2.512565120353309, 41.163833823375477 ], [ -2.512829188842649, 41.163912137870199 ], [ -2.513192897133999, 41.164002556638785 ], [ -2.513574794446134, 41.164069035568311 ], [ -2.513631916684721, 41.164075409630549 ], [ -2.513283671980294, 41.165857643876137 ], [ -2.513132399484052, 41.165840763837615 ], [ -2.512551494293865, 41.165739642290305 ], [ -2.51202060064345, 41.165607660528053 ], [ -2.511660868101823, 41.165500974665441 ], [ -2.511078950015712, 41.165312960880719 ], [ -2.510870991580238, 41.165223993704686 ], [ -2.51015175934336, 41.164916329757766 ], [ -2.509469127585336, 41.164533958647155 ], [ -2.509094863316753, 41.164275349941875 ], [ -2.508753193274085, 41.164019447362236 ], [ -2.507941516039522, 41.163305767493476 ], [ -2.505194101372626, 41.160405905637404 ], [ -2.50421495027338, 41.15937243226017 ], [ -2.506153089586219, 41.158323600013475 ], [ -2.507132269531612, 41.159357071630559 ] ] ] } },
{ "type": "Feature", "properties": { "corridor_id": "soria_torralba", "segment_index": 5, "segment_id": "soria_torralba_km4_5", "start_m": 4000.0, "end_m": 5000.0, "start_km": 4.0, "end_km": 5.0, "length_m": 1000.0 }, "geometry": { "type": "Polygon", "coordinates": [ [ [ -2.513857139998064, 41.164100541190727 ], [ -2.514471578826346, 41.164151586513022 ], [ -2.515336328937554, 41.164209639954692 ], [ -2.515918789448919, 41.164285658526573 ], [ -2.516465770084775, 41.164381166805732 ], [ -2.517230035088642, 41.16459226651012 ], [ -2.517702814075857, 41.164773440901293 ], [ -2.518163864386599, 41.164981413721598 ], [ -2.518740481384099, 41.165313343720747 ], [ -2.519073855666205, 41.165554227235546 ], [ -2.519384091412873, 41.165809611151012 ], [ -2.51976642786024, 41.166179859498044 ], [ -2.523256297825675, 41.169717084712971 ], [ -2.523258012844183, 41.169718823029761 ], [ -2.521346543723155, 41.170795586949701 ], [ -2.52134487204183, 41.170793892507582 ], [ -2.517870756424838, 41.167272532563921 ], [ -2.517563292479078, 41.166974781505665 ], [ -2.517370127997553, 41.16681576630539 ], [ -2.517189502422343, 41.166685250887475 ], [ -2.516826320370867, 41.166476182214751 ], [ -2.516551372042365, 41.166352156036815 ], [ -2.516278352855208, 41.166247531339216 ], [ -2.515785620869244, 41.166111432010929 ], [ -2.515447204107933, 41.166052340820315 ], [ -2.515027466749172, 41.165997559676349 ], [ -2.514235817843419, 41.165944413209075 ], [ -2.513552655749731, 41.165887658446529 ], [ -2.513283671980222, 41.16585764387613 ], [ -2.513631916684793, 41.16407540963057 ], [ -2.513857139998064, 41.164100541190727 ] ] ] } },
{ "type": "Feature", "properties": { "corridor_id": "soria_torralba", "segment_index": 6, "segment_id": "soria_torralba_km5_6", "start_m": 5000.0, "end_m": 6000.0, "start_km": 5.0, "end_km": 6.0, "length_m": 1000.0 }, "geometry": { "type": "Polygon", "coordinates": [ [ [ -2.52559514241413, 41.172087594918857 ], [ -2.529122644516487, 41.175668540642448 ], [ -2.530381299878379, 41.17694014417971 ], [ -2.528471789741904, 41.178019103225331 ], [ -2.527211539860126, 41.176745851295308 ], [ -2.523683351065606, 41.17316410217817 ], [ -2.521346543722536, 41.170795586949076 ], [ -2.523258012844802, 41.169718823030401 ], [ -2.52559514241413, 41.172087594918857 ] ] ] } },
{ "type": "Feature", "properties": { "corridor_id": "soria_torralba", "segment_index": 7, "segment_id": "soria_torralba_km6_7", "start_m": 6000.0, "end_m": 7000.0, "start_km": 6.0, "end_km": 7.0, "length_m": 1000.0 }, "geometry": { "type": "Polygon", "coordinates": [ [ [ -2.53043012463208, 41.176989469942242 ], [ -2.530674287557725, 41.177247219598335 ], [ -2.530857968340534, 41.177481954097487 ], [ -2.531067250426582, 41.177782575934287 ], [ -2.531236500330349, 41.178070456693291 ], [ -2.531366500425611, 41.178348964900167 ], [ -2.531479316098535, 41.178634624457203 ], [ -2.531559548841526, 41.178939150262842 ], [ -2.531610345319896, 41.179230755922823 ], [ -2.53163732843288, 41.179444572749944 ], [ -2.531647174520262, 41.179675067868658 ], [ -2.531648858167195, 41.179960536802881 ], [ -2.531610697097708, 41.180220322820013 ], [ -2.531570304325365, 41.180458966850495 ], [ -2.531512021340736, 41.180674315560353 ], [ -2.531396473060656, 41.181007876248437 ], [ -2.531242856314981, 41.18135971792951 ], [ -2.531071936860227, 41.181656203486234 ], [ -2.530852720886247, 41.181971137106359 ], [ -2.530674756019318, 41.1821797233548 ], [ -2.530379738599809, 41.182503299706319 ], [ -2.530086319201706, 41.182766800419692 ], [ -2.529775580426955, 41.183000534419413 ], [ -2.529469585883384, 41.183208622145045 ], [ -2.529204069074328, 41.183362870990535 ], [ -2.528862206519113, 41.183547047833557 ], [ -2.528554883955499, 41.183678441791507 ], [ -2.528223241098949, 41.183809550921588 ], [ -2.52774805707659, 41.183957124653347 ], [ -2.527352619134825, 41.184054775711289 ], [ -2.52608557621205, 41.184319317822101 ], [ -2.525981925516861, 41.184340968379146 ], [ -2.524842882152051, 41.184571453380926 ], [ -2.524225927592126, 41.182831235958183 ], [ -2.525355682662966, 41.1826026306831 ], [ -2.525450161474419, 41.182582895964096 ], [ -2.526664189802749, 41.182329423179382 ], [ -2.526923153448952, 41.182265473802509 ], [ -2.527214971362953, 41.182174846823131 ], [ -2.527414529707624, 41.18209595535081 ], [ -2.527579208279636, 41.182025548572618 ], [ -2.527784546525528, 41.181914924628387 ], [ -2.527942830186729, 41.181822972798173 ], [ -2.528135635890588, 41.181691859755979 ], [ -2.528329297120236, 41.18154619290199 ], [ -2.528481077221112, 41.181409892501378 ], [ -2.528690259107967, 41.181180468134116 ], [ -2.528791293424299, 41.181062053709944 ], [ -2.528920675974986, 41.180876186510105 ], [ -2.529012754681964, 41.180716471315527 ], [ -2.529108535924495, 41.180497112425215 ], [ -2.529188785987172, 41.180265472755153 ], [ -2.529216301068367, 41.180163821145747 ], [ -2.529242906862273, 41.180006665029062 ], [ -2.529263743683882, 41.17986485085779 ], [ -2.529262824995937, 41.179708119787783 ], [ -2.529256469606057, 41.179559214934201 ], [ -2.529240651132942, 41.179433831866767 ], [ -2.529205646010496, 41.179232837678157 ], [ -2.529162476350876, 41.179068963842305 ], [ -2.529098290051814, 41.178906423867531 ], [ -2.529019088518115, 41.178736732554576 ], [ -2.528920136813459, 41.178568413963497 ], [ -2.528775217809028, 41.178360236378737 ], [ -2.52867469751741, 41.178231771600494 ], [ -2.528505659833304, 41.178053321886203 ], [ -2.528471789741925, 41.178019103225367 ], [ -2.530381299878358, 41.176940144179682 ], [ -2.53043012463208, 41.176989469942242 ] ] ] } },
{ "type": "Feature", "properties": { "corridor_id": "soria_torralba", "segment_index": 8, "segment_id": "soria_torralba_km7_8", "start_m": 7000.0, "end_m": 8000.0, "start_km": 7.0, "end_km": 8.0, "length_m": 1000.0 }, "geometry": { "type": "Polygon", "coordinates": [ [ [ -2.524503577126096, 41.184640109130505 ], [ -2.520639886502859, 41.185421801362068 ], [ -2.519729223765359, 41.18562077809856 ], [ -2.517168214602762, 41.186145869569721 ], [ -2.515579747454939, 41.186479862832606 ], [ -2.515167034067757, 41.186575975497291 ], [ -2.514809744796106, 41.186685383985264 ], [ -2.514437339003938, 41.186813245937145 ], [ -2.514187021880239, 41.186912793499545 ], [ -2.51391449335209, 41.187027628161751 ], [ -2.513807177423626, 41.187080071006463 ], [ -2.512511922112155, 41.185567410755823 ], [ -2.51268472104213, 41.185482968531929 ], [ -2.513050591747955, 41.185328803663971 ], [ -2.513387673846204, 41.185194751629005 ], [ -2.513868066981085, 41.185029814036461 ], [ -2.514366376185964, 41.184877223043074 ], [ -2.514908661270684, 41.184750936108784 ], [ -2.516536193646688, 41.184408729478164 ], [ -2.51908558462694, 41.183886020918052 ], [ -2.520000121842353, 41.183686197664855 ], [ -2.523886634060097, 41.182899889324553 ], [ -2.52422592759214, 41.182831235958183 ], [ -2.524842882152037, 41.184571453380926 ], [ -2.524503577126096, 41.184640109130505 ] ] ] } },
{ "type": "Feature", "properties": { "corridor_id": "soria_torralba", "segment_index": 9, "segment_id": "soria_torralba_km8_9", "start_m": 8000.0, "end_m": 9000.0, "start_km": 8.0, "end_km": 9.0, "length_m": 1000.0 }, "geometry": { "type": "Polygon", "coordinates": [ [ [ -2.51356774046591, 41.187197077716156 ], [ -2.513240663451065, 41.187372925617986 ], [ -2.512887645250674, 41.187589949935159 ], [ -2.512735533447056, 41.18770051134593 ], [ -2.512544573921835, 41.187839294485151 ], [ -2.512269693869865, 41.18806070159696 ], [ -2.512016000385132, 41.188289470945698 ], [ -2.511740143856875, 41.188571031836872 ], [ -2.51161546362964, 41.188716494604769 ], [ -2.511483364939442, 41.188874696346673 ], [ -2.511241020703848, 41.189192870900442 ], [ -2.5111232791374, 41.189361831640667 ], [ -2.511016972861291, 41.189518912237986 ], [ -2.510879978049782, 41.189748076617064 ], [ -2.510766979410415, 41.189959724856919 ], [ -2.510392544752392, 41.19079270011138 ], [ -2.509353202430329, 41.193256205121052 ], [ -2.509201007628814, 41.193616989089321 ], [ -2.508871594118514, 41.194378775027616 ], [ -2.506604442885569, 41.193819387202737 ], [ -2.506931202023696, 41.19306379976701 ], [ -2.507080798362994, 41.19270920448286 ], [ -2.508127065052636, 41.190229488787949 ], [ -2.508530231352103, 41.189332664325278 ], [ -2.508686433848582, 41.189040112982319 ], [ -2.508867239991216, 41.188737677775059 ], [ -2.509006334294388, 41.188532158675933 ], [ -2.509151593176745, 41.188323719667025 ], [ -2.50944044957409, 41.18794449463681 ], [ -2.509605951253164, 41.187746296671307 ], [ -2.509778871501187, 41.18754455985281 ], [ -2.510141815545747, 41.187174121464018 ], [ -2.510484522381795, 41.186865091513603 ], [ -2.510847042431174, 41.186573099280984 ], [ -2.511082104003761, 41.18640226738237 ], [ -2.511305570983802, 41.186239844642813 ], [ -2.511795152286468, 41.18593886984457 ], [ -2.512228074684388, 41.185706118375855 ], [ -2.512511922112143, 41.18556741075583 ], [ -2.513807177423639, 41.187080071006449 ], [ -2.51356774046591, 41.187197077716156 ] ] ] } },
{ "type": "Feature", "properties": { "corridor_id": "soria_torralba", "segment_index": 10, "segment_id": "soria_torralba_km9_10", "start_m": 9000.0, "end_m": 10000.0, "start_km": 9.0, "end_km": 10.0, "length_m": 1000.0 }, "geometry": { "type": "Polygon", "coordinates": [ [ [ -2.508795783177635, 41.194554089106596 ], [ -2.508579170518317, 41.195054938950243 ], [ -2.507765609698552, 41.196992310583333 ], [ -2.507366501998012, 41.197920435545527 ], [ -2.507173145497022, 41.198384152223682 ], [ -2.506980367309278, 41.198841428306267 ], [ -2.505575230377326, 41.202141813767319 ], [ -2.505234454943191, 41.202950226211222 ], [ -2.502961527385831, 41.202403674741717 ], [ -2.503303379215976, 41.20159277506864 ], [ -2.504708642282608, 41.198292360530942 ], [ -2.504899264014947, 41.19784023659205 ], [ -2.505094707590586, 41.197371553290992 ], [ -2.505494599916478, 41.196441678260996 ], [ -2.5063088391181, 41.19450284990085 ], [ -2.506528633690035, 41.193994683313505 ], [ -2.506604442885569, 41.193819387202744 ], [ -2.508871594118514, 41.194378775027594 ], [ -2.508795783177635, 41.194554089106596 ] ] ] } },
{ "type": "Feature", "properties": { "corridor_id": "soria_torralba", "segment_index": 11, "segment_id": "soria_torralba_km10_11", "start_m": 10000.0, "end_m": 11000.0, "start_km": 10.0, "end_km": 11.0, "length_m": 1000.0 }, "geometry": { "type": "Polygon", "coordinates": [ [ [ -2.505138878938478, 41.203176954789441 ], [ -2.503943164429186, 41.206013700756628 ], [ -2.503545370810185, 41.206928171695907 ], [ -2.502323665640339, 41.20979911014394 ], [ -2.501589897977269, 41.211528778479646 ], [ -2.499317986654029, 41.210979125004805 ], [ -2.500051975851799, 41.209249074990332 ], [ -2.501276638904713, 41.206371417171042 ], [ -2.50167344524924, 41.205459288100506 ], [ -2.502865923714505, 41.202630450409437 ], [ -2.502961527385834, 41.202403674741703 ], [ -2.505234454943187, 41.202950226211229 ], [ -2.505138878938478, 41.203176954789441 ] ] ] } },
{ "type": "Feature", "properties": { "corridor_id": "soria_torralba", "segment_index": 12, "segment_id": "soria_torralba_km11_12", "start_m": 11000.0, "end_m": 12000.0, "start_km": 11.0, "end_km": 12.0, "length_m": 1000.0 }, "geometry": { "type": "Polygon", "coordinates": [ [ [ -2.503282681615818, 41.219396664468668 ], [ -2.503284809698474, 41.21939844009615 ], [ -2.502863515304754, 41.219717278610254 ], [ -2.502445284381207, 41.219402216546776 ], [ -2.501149247675782, 41.218542804092692 ], [ -2.500531196210602, 41.218045127942652 ], [ -2.500083769738624, 41.21762463351029 ], [ -2.499630862387054, 41.217090413777612 ], [ -2.499294614763294, 41.216620101384137 ], [ -2.498948690238409, 41.215996057409569 ], [ -2.498745874893389, 41.215529860593485 ], [ -2.498598916404867, 41.214943407214001 ], [ -2.498513808624554, 41.214364215702716 ], [ -2.498489886968248, 41.213735543014543 ], [ -2.498524083114239, 41.213346918730792 ], [ -2.498618943820119, 41.212810623097191 ], [ -2.498822836495409, 41.212146311066981 ], [ -2.499183625983692, 41.211295809407751 ], [ -2.499317986654028, 41.210979125004826 ], [ -2.50158989797727, 41.211528778479639 ], [ -2.501455574489829, 41.211845400959753 ], [ -2.501124772005576, 41.212625277467012 ], [ -2.500968662080507, 41.213133964944824 ], [ -2.500899320246804, 41.213526069038146 ], [ -2.500877913771594, 41.213769444608509 ], [ -2.500895789222321, 41.214238771965867 ], [ -2.500960078908335, 41.214676180652141 ], [ -2.501061117271705, 41.215079327715301 ], [ -2.501185899122984, 41.215366131646199 ], [ -2.501449972550749, 41.215842488431633 ], [ -2.50168812334009, 41.216175576916363 ], [ -2.502024014743458, 41.216571758180535 ], [ -2.502333987577718, 41.216863064848859 ], [ -2.502810535923186, 41.217246789749915 ], [ -2.504076699261761, 41.218086377507596 ], [ -2.504591795428967, 41.218474402717355 ], [ -2.504666732352266, 41.218543728808335 ], [ -2.503282681615818, 41.219396664468668 ] ] ] } },
{ "type": "Feature", "properties": { "corridor_id": "soria_torralba", "segment_index": 13, "segment_id": "soria_torralba_km12_13", "start_m": 12000.0, "end_m": 13000.0, "start_km": 12.0, "end_km": 13.0, "length_m": 1000.0 }, "geometry": { "type": "Polygon", "coordinates": [ [ [ -2.505063205179956, 41.218910512859033 ], [ -2.505498379598605, 41.219391579722135 ], [ -2.505924996106449, 41.219991064579382 ], [ -2.506210998184832, 41.220483313188709 ], [ -2.506500944162393, 41.22123151222938 ], [ -2.506654209739792, 41.221898733321304 ], [ -2.506769095531751, 41.223219853204412 ], [ -2.506883079320896, 41.224711313156909 ], [ -2.507115611303635, 41.227729992348365 ], [ -2.504733372955657, 41.227834565028438 ], [ -2.504500934584661, 41.224815678103369 ], [ -2.504387502577575, 41.223330734469492 ], [ -2.504281586520183, 41.222112254433419 ], [ -2.50417304871023, 41.221639675957597 ], [ -2.503964191344133, 41.221100675775602 ], [ -2.503778191060469, 41.220780525315163 ], [ -2.503456605886312, 41.220328611107021 ], [ -2.503150379127214, 41.219990079058199 ], [ -2.502818285299677, 41.219682844769196 ], [ -2.504666732352225, 41.218543728808292 ], [ -2.505063205179956, 41.218910512859033 ] ] ] } },
{ "type": "Feature", "properties": { "corridor_id": "soria_torralba", "segment_index": 14, "segment_id": "soria_torralba_km13_14", "start_m": 13000.0, "end_m": 14000.0, "start_km": 13.0, "end_km": 14.0, "length_m": 1000.0 }, "geometry": { "type": "Polygon", "coordinates": [ [ [ -2.507152194343795, 41.22820488150213 ], [ -2.507208364443516, 41.229000369908206 ], [ -2.507273819480724, 41.229876526966358 ], [ -2.507285995206019, 41.230144968016859 ], [ -2.507280586165826, 41.230404699600072 ], [ -2.507239875148813, 41.230727142973905 ], [ -2.507186801451555, 41.231001708676231 ], [ -2.50708863289347, 41.231354006063569 ], [ -2.506970715539764, 41.231608364293393 ], [ -2.506871022459011, 41.231832482847651 ], [ -2.506714922172248, 41.232110561245705 ], [ -2.506435703319522, 41.232508067427993 ], [ -2.506075155716205, 41.232891344055851 ], [ -2.505376568475615, 41.233473142130187 ], [ -2.504771416310891, 41.233878033945523 ], [ -2.504060084727359, 41.23435131244873 ], [ -2.503859449336553, 41.234511971024425 ], [ -2.503689834002012, 41.234670633649955 ], [ -2.503532684321506, 41.234846667736299 ], [ -2.50341564097181, 41.235005032250264 ], [ -2.50330536884075, 41.235186285510601 ], [ -2.503189046944769, 41.235412469772321 ], [ -2.502935682459742, 41.235990522910718 ], [ -2.500669941517252, 41.235424604147575 ], [ -2.500942363582238, 41.234803119311245 ], [ -2.501106643016307, 41.234483704038063 ], [ -2.501285972344286, 41.234188957948263 ], [ -2.501497530372787, 41.233902723314948 ], [ -2.501768181717998, 41.233599558371147 ], [ -2.502059966933657, 41.233326621975699 ], [ -2.502399331674698, 41.233054881582483 ], [ -2.503190999929943, 41.232528160643923 ], [ -2.503696047950557, 41.232190251759064 ], [ -2.504211660362088, 41.231760848439251 ], [ -2.504400111431994, 41.231560523619045 ], [ -2.504558090639755, 41.231335628699654 ], [ -2.504637988507366, 41.231193306369299 ], [ -2.504713294606951, 41.231024024684082 ], [ -2.504785175723526, 41.230868982454034 ], [ -2.504836204319105, 41.230685879354908 ], [ -2.504869928864238, 41.230511444851395 ], [ -2.504896015768623, 41.230304888064175 ], [ -2.504899004612814, 41.230161619610882 ], [ -2.504889779159439, 41.229958060685071 ], [ -2.504825633886598, 41.229099017754976 ], [ -2.504769603957844, 41.228305106162352 ], [ -2.504733372955657, 41.227834565028438 ], [ -2.507115611303635, 41.227729992348365 ], [ -2.507152194343795, 41.22820488150213 ] ] ] } },
{ "type": "Feature", "properties": { "corridor_id": "soria_torralba", "segment_index": 15, "segment_id": "soria_torralba_km14_15", "start_m": 14000.0, "end_m": 15000.0, "start_km": 14.0, "end_km": 15.0, "length_m": 1000.0 }, "geometry": { "type": "Polygon", "coordinates": [ [ [ -2.502633189800589, 41.236680648066518 ], [ -2.501646404770386, 41.238932005858743 ], [ -2.501440563992159, 41.239357580417462 ], [ -2.501285808728102, 41.239619569017599 ], [ -2.501118418889271, 41.239859669016667 ], [ -2.500918836257714, 41.240100702222406 ], [ -2.50069722577661, 41.240343194722449 ], [ -2.500407628001662, 41.240606658434665 ], [ -2.500144745302099, 41.240822028506464 ], [ -2.499873704150881, 41.241013442688079 ], [ -2.499525571959228, 41.241232838719725 ], [ -2.49912142968438, 41.241446444519021 ], [ -2.498641445847182, 41.241679406350919 ], [ -2.498136453755184, 41.24192882793762 ], [ -2.497948577840948, 41.242021630369045 ], [ -2.497713643700587, 41.242151942128928 ], [ -2.497536111381549, 41.242257079467635 ], [ -2.497331747023604, 41.242395518291382 ], [ -2.497153030075042, 41.24252662676632 ], [ -2.497033460819609, 41.24262609451327 ], [ -2.49687986767462, 41.242764061447694 ], [ -2.496746216887264, 41.242898030481904 ], [ -2.496575959562973, 41.243085722787157 ], [ -2.496358650569214, 41.243351069477946 ], [ -2.496336882461716, 41.243378018415555 ], [ -2.494298976729154, 41.242440197571199 ], [ -2.494324564100942, 41.242408521583513 ], [ -2.494575055480498, 41.242102668563767 ], [ -2.494807198689929, 41.241846761395486 ], [ -2.495011548333321, 41.241641931010001 ], [ -2.495235355440858, 41.241440898498503 ], [ -2.495435786322828, 41.241274166856392 ], [ -2.495702269323245, 41.241078675961624 ], [ -2.496000704753703, 41.240876515423189 ], [ -2.496269972055293, 41.240717053346494 ], [ -2.49658743747703, 41.240540965600708 ], [ -2.496829538159352, 41.240421379727465 ], [ -2.497342569065327, 41.2401679899721 ], [ -2.497790985439873, 41.23995035162686 ], [ -2.498073643854125, 41.239800956704201 ], [ -2.498292312109, 41.239663151895414 ], [ -2.498449471106606, 41.239552165276692 ], [ -2.498610388264988, 41.239420334583258 ], [ -2.498792790060559, 41.239254397440973 ], [ -2.498923578837166, 41.239111289176662 ], [ -2.499047595348063, 41.238961521717791 ], [ -2.499137604235627, 41.238832421008816 ], [ -2.499227047510129, 41.238681008989104 ], [ -2.49939200549786, 41.238339983148869 ], [ -2.500367416230513, 41.236114749586363 ], [ -2.500669941517252, 41.235424604147575 ], [ -2.502935682459742, 41.235990522910718 ], [ -2.502633189800589, 41.236680648066518 ] ] ] } },
{ "type": "Feature", "properties": { "corridor_id": "soria_torralba", "segment_index": 16, "segment_id": "soria_torralba_km15_16", "start_m": 15000.0, "end_m": 16000.0, "start_km": 15.0, "end_km": 16.0, "length_m": 1000.0 }, "geometry": { "type": "Polygon", "coordinates": [ [ [ -2.495811008802577, 41.244029042426135 ], [ -2.49558433670028, 41.244291158127012 ], [ -2.495308042719041, 41.24457213918344 ], [ -2.495012388344965, 41.244841654604052 ], [ -2.494710946592598, 41.245084587228256 ], [ -2.494318265981908, 41.245368646736061 ], [ -2.493897807401124, 41.245634852635327 ], [ -2.493545579878736, 41.245826648517237 ], [ -2.493122581108602, 41.246051227313671 ], [ -2.486882291590166, 41.249318524540712 ], [ -2.485521777449677, 41.247838264049186 ], [ -2.491755634237815, 41.244574368623113 ], [ -2.49216063557148, 41.244359347313704 ], [ -2.492430608478209, 41.244212342694205 ], [ -2.492723750315181, 41.244026747759023 ], [ -2.493012869808903, 41.243817606535416 ], [ -2.493220427943881, 41.243650338455467 ], [ -2.493429173238121, 41.243460053189274 ], [ -2.493624878729174, 41.243261033578527 ], [ -2.493792206046989, 41.243067548769353 ], [ -2.494298976729168, 41.242440197571192 ], [ -2.496336882461703, 41.243378018415576 ], [ -2.495811008802577, 41.244029042426135 ] ] ] } },
{ "type": "Feature", "properties": { "corridor_id": "soria_torralba", "segment_index": 17, "segment_id": "soria_torralba_km16_17", "start_m": 16000.0, "end_m": 17000.0, "start_km": 16.0, "end_km": 17.0, "length_m": 1000.0 }, "geometry": { "type": "Polygon", "coordinates": [ [ [ -2.486247374696894, 41.249650917528228 ], [ -2.485616390757465, 41.249969602973451 ], [ -2.48550064238698, 41.250027979183209 ], [ -2.480386588918635, 41.252610401107532 ], [ -2.478688374686425, 41.253518794825965 ], [ -2.477745023337198, 41.253940549014679 ], [ -2.476964770653226, 41.254259315660036 ], [ -2.476662737006217, 41.254348590975745 ], [ -2.475792142130356, 41.252671141220212 ], [ -2.47595744183766, 41.252622282094976 ], [ -2.476567990666962, 41.252372847953851 ], [ -2.477387640261471, 41.252006401489744 ], [ -2.479032426356473, 41.251126594905536 ], [ -2.484173466682568, 41.248530571532193 ], [ -2.484289151174728, 41.248472228126907 ], [ -2.484903240514056, 41.248162078541633 ], [ -2.485521777449681, 41.247838264049179 ], [ -2.486882291590162, 41.249318524540726 ], [ -2.486247374696894, 41.249650917528228 ] ] ] } },
{ "type": "Feature", "properties": { "corridor_id": "soria_torralba", "segment_index": 18, "segment_id": "soria_torralba_km17_18", "start_m": 17000.0, "end_m": 18000.0, "start_km": 17.0, "end_km": 18.0, "length_m": 1000.0 }, "geometry": { "type": "Polygon", "coordinates": [ [ [ -2.476156238834221, 41.254498299724595 ], [ -2.475301410140388, 41.254780535240329 ], [ -2.474695108744321, 41.254967576461787 ], [ -2.473805636031668, 41.255257774378123 ], [ -2.472971684946662, 41.25551628532785 ], [ -2.472145735151813, 41.255884820158059 ], [ -2.471699200716226, 41.256204867017232 ], [ -2.470336695629126, 41.257553492364252 ], [ -2.469540325033653, 41.258346931873078 ], [ -2.469038183990136, 41.258747374693279 ], [ -2.468485574954173, 41.259125178387592 ], [ -2.46795392903471, 41.259435660551347 ], [ -2.467605910531932, 41.259602430359593 ], [ -2.466326098312078, 41.258081636386486 ], [ -2.466580486380814, 41.257959735351399 ], [ -2.466951241194353, 41.257743216515166 ], [ -2.467367232427907, 41.257458819270823 ], [ -2.46771629121461, 41.257180460941065 ], [ -2.468435920206233, 41.256463499833984 ], [ -2.469916615704873, 41.254997926118094 ], [ -2.470697880786756, 41.254437975294948 ], [ -2.47190512812578, 41.253899312167292 ], [ -2.472878375616535, 41.253597623705382 ], [ -2.473769702884541, 41.253306821628847 ], [ -2.474371201539205, 41.253121262831378 ], [ -2.47524217267692, 41.252833698409901 ], [ -2.475792142130384, 41.252671141220191 ], [ -2.476662737006189, 41.254348590975745 ], [ -2.476156238834221, 41.254498299724595 ] ] ] } },
{ "type": "Feature", "properties": { "corridor_id": "soria_torralba", "segment_index": 19, "segment_id": "soria_torralba_km18_19", "start_m": 18000.0, "end_m": 19000.0, "start_km": 18.0, "end_km": 19.0, "length_m": 1000.0 }, "geometry": { "type": "Polygon", "coordinates": [ [ [ -2.467118643508811, 41.259835924581488 ], [ -2.466376722533209, 41.260110238982982 ], [ -2.465021260896626, 41.260580040581544 ], [ -2.461639138302238, 41.261752274448007 ], [ -2.460763669504107, 41.262068007302986 ], [ -2.458705344199045, 41.262944487189472 ], [ -2.457225626800541, 41.263617032905721 ], [ -2.456903249790337, 41.263743283626077 ], [ -2.45580340670315, 41.262144298315043 ], [ -2.456058587129405, 41.262044364115638 ], [ -2.45750247001523, 41.261388109651193 ], [ -2.459660943868835, 41.260468990027832 ], [ -2.460626074218296, 41.260120923284951 ], [ -2.464024735261813, 41.258942962835889 ], [ -2.465353090091148, 41.258482558703669 ], [ -2.465949970452352, 41.258261872430097 ], [ -2.46632609831209, 41.258081636386478 ], [ -2.467605910531919, 41.259602430359607 ], [ -2.467118643508811, 41.259835924581488 ] ] ] } },
{ "type": "Feature", "properties": { "corridor_id": "soria_torralba", "segment_index": 20, "segment_id": "soria_torralba_km19_20", "start_m": 19000.0, "end_m": 20000.0, "start_km": 19.0, "end_km": 20.0, "length_m": 1000.0 }, "geometry": { "type": "Polygon", "coordinates": [ [ [ -2.456312419524822, 41.263974663580314 ], [ -2.455300704495407, 41.264257378411045 ], [ -2.454358880100679, 41.2644054702129 ], [ -2.453414662606197, 41.264430757290413 ], [ -2.4524627328743, 41.264354277456547 ], [ -2.45147807860379, 41.264120358007965 ], [ -2.450849676109678, 41.263911315312747 ], [ -2.450267020857216, 41.263639521932262 ], [ -2.449662432281342, 41.263265198254075 ], [ -2.449190440767621, 41.262910660179237 ], [ -2.447553731174469, 41.26157787225366 ], [ -2.446735609616452, 41.260913426560755 ], [ -2.446492179394726, 41.260721419467977 ], [ -2.446353500179629, 41.260621633467686 ], [ -2.446170250667338, 41.260503545125601 ], [ -2.445873326381028, 41.260340997503022 ], [ -2.44622381514483, 41.259976449308745 ], [ -2.446240536443919, 41.259984689292295 ], [ -2.44714384123683, 41.258819745138979 ], [ -2.447227772358667, 41.25885680276771 ], [ -2.447648733329894, 41.259087249940755 ], [ -2.447953683478028, 41.259283760792229 ], [ -2.448179404194301, 41.259446174177235 ], [ -2.448472774016783, 41.259677566717684 ], [ -2.449303852478666, 41.260352520928016 ], [ -2.450908942837116, 41.261659533237832 ], [ -2.451265551346011, 41.261927395985829 ], [ -2.451658163509997, 41.2621704736748 ], [ -2.451964310226401, 41.262313281794214 ], [ -2.452320710441366, 41.262431840259197 ], [ -2.452952460380021, 41.26258192184536 ], [ -2.453499136095863, 41.262625842545582 ], [ -2.454070923710543, 41.262610529491688 ], [ -2.454638904154787, 41.26252122056124 ], [ -2.455344192574879, 41.262324134340979 ], [ -2.455803406703172, 41.262144298315036 ], [ -2.456903249790315, 41.263743283626091 ], [ -2.456312419524822, 41.263974663580314 ] ] ] } },
{ "type": "Feature", "properties": { "corridor_id": "soria_torralba", "segment_index": 21, "segment_id": "soria_torralba_km20_21", "start_m": 20000.0, "end_m": 21000.0, "start_km": 20.0, "end_km": 21.0, "length_m": 1000.0 }, "geometry": { "type": "Polygon", "coordinates": [ [ [ -2.445657213099127, 41.260250606075644 ], [ -2.445425182825245, 41.260164110203121 ], [ -2.445196539224888, 41.26009418051035 ], [ -2.444931468377294, 41.260032284511652 ], [ -2.44463062636463, 41.259975789055112 ], [ -2.444324315038428, 41.259940355308267 ], [ -2.44403795091497, 41.259928662495447 ], [ -2.443721286848097, 41.259935561791721 ], [ -2.44344480525438, 41.25995483011075 ], [ -2.443208052621736, 41.259987199684531 ], [ -2.442839802101385, 41.260070595232307 ], [ -2.442601546436224, 41.260134467516423 ], [ -2.442315935217275, 41.260237385377479 ], [ -2.44195066470517, 41.2603982027195 ], [ -2.441692664662662, 41.260551011439453 ], [ -2.44160604161288, 41.2606068133761 ], [ -2.441560804831636, 41.260636928199936 ], [ -2.441391455127183, 41.260758699445297 ], [ -2.44124735126094, 41.260881222121711 ], [ -2.441072619831449, 41.261044996709785 ], [ -2.440919444284095, 41.261220024797808 ], [ -2.44078700816809, 41.261389843639719 ], [ -2.44068813439609, 41.261544283122547 ], [ -2.440592149766874, 41.261720223081511 ], [ -2.440525560584846, 41.261879202543291 ], [ -2.440463214710472, 41.262077732096252 ], [ -2.440418395303274, 41.262282853320464 ], [ -2.440398264170481, 41.26241612534421 ], [ -2.440390048717803, 41.262511641940911 ], [ -2.440389356497803, 41.262701639896008 ], [ -2.44040296401868, 41.262875312629731 ], [ -2.440440268672801, 41.263068474160335 ], [ -2.440487496237106, 41.263229237432832 ], [ -2.440616850195258, 41.263602193660184 ], [ -2.440637282574815, 41.26365553771862 ], [ -2.438343585474812, 41.264155706342088 ], [ -2.438314741525704, 41.264080394768335 ], [ -2.438166296394013, 41.263652350811931 ], [ -2.438090325626407, 41.2633937138066 ], [ -2.438025632791673, 41.263058675075115 ], [ -2.43800164271664, 41.26275234771802 ], [ -2.438002752529002, 41.262450745690344 ], [ -2.438019538876982, 41.26225566238621 ], [ -2.43805300931712, 41.262034134555854 ], [ -2.438120991753561, 41.261723056025815 ], [ -2.438222647962073, 41.261399385984056 ], [ -2.438346060883221, 41.261104766014142 ], [ -2.43850747792743, 41.260808906605767 ], [ -2.438679805571798, 41.260539746773695 ], [ -2.438893170518518, 41.260266166340713 ], [ -2.439142395869305, 41.259981395250108 ], [ -2.43942366494518, 41.259717770700291 ], [ -2.439672161298291, 41.259506494172001 ], [ -2.439947011503028, 41.259308866171949 ], [ -2.440041174607437, 41.259246181329019 ], [ -2.440179951396196, 41.259156783609193 ], [ -2.440605750564931, 41.25890459335303 ], [ -2.441198078291908, 41.258643811884866 ], [ -2.441685065112739, 41.258468330612935 ], [ -2.442096607495315, 41.25835800350243 ], [ -2.442650354718829, 41.258232599553679 ], [ -2.443121599017523, 41.258168169551759 ], [ -2.443576914996808, 41.25813643803513 ], [ -2.444068048534093, 41.258125737359009 ], [ -2.444570281461694, 41.258146244399619 ], [ -2.445100767168832, 41.25820761028946 ], [ -2.445573123010196, 41.258296314410259 ], [ -2.445999250271493, 41.258395817900094 ], [ -2.446403604811191, 41.258519487523813 ], [ -2.446790173112281, 41.258663590941843 ], [ -2.447143841236723, 41.258819745138922 ], [ -2.445938150990917, 41.260374648756745 ], [ -2.445657213099127, 41.260250606075644 ] ] ] } },
{ "type": "Feature", "properties": { "corridor_id": "soria_torralba", "segment_index": 22, "segment_id": "soria_torralba_km21_22", "start_m": 21000.0, "end_m": 22000.0, "start_km": 21.0, "end_km": 22.0, "length_m": 1000.0 }, "geometry": { "type": "Polygon", "coordinates": [ [ [ -2.441250670047956, 41.265256904064934 ], [ -2.441581695287114, 41.266121330399415 ], [ -2.441828170156647, 41.266764735354101 ], [ -2.442078454549919, 41.267417764764708 ], [ -2.442460966996375, 41.268415650243107 ], [ -2.442591340639241, 41.268696412683205 ], [ -2.442694333395608, 41.268872350511018 ], [ -2.44278280171963, 41.268999268490425 ], [ -2.443030711473776, 41.269295757479959 ], [ -2.443291022792481, 41.269605920512859 ], [ -2.443767943034531, 41.270169252083932 ], [ -2.444023810584264, 41.27050815617627 ], [ -2.444249559858849, 41.270862465313719 ], [ -2.444404537604486, 41.27119272979624 ], [ -2.444509528943917, 41.271443645989997 ], [ -2.444569921860293, 41.271656053743769 ], [ -2.444620392498789, 41.27185138449358 ], [ -2.44466885776806, 41.272085869214465 ], [ -2.444685867820409, 41.27225297025096 ], [ -2.442305006675772, 41.272390893745225 ], [ -2.442295138597236, 41.272293918524142 ], [ -2.442268002043865, 41.272162603450155 ], [ -2.442230471816617, 41.272017334324893 ], [ -2.442198463044488, 41.271904742351161 ], [ -2.44213985262204, 41.271764658989817 ], [ -2.442041628565621, 41.271555324005618 ], [ -2.441907775978801, 41.271345233984761 ], [ -2.441723042498966, 41.271100538706165 ], [ -2.441276162403834, 41.270572670537028 ], [ -2.441012273762861, 41.27025823353916 ], [ -2.440713184117984, 41.269900522082999 ], [ -2.440543053820342, 41.269656439331058 ], [ -2.440369048224031, 41.269359176502398 ], [ -2.440185623594216, 41.268964138441149 ], [ -2.43978474215621, 41.267918237695802 ], [ -2.439534441975238, 41.267265107353481 ], [ -2.4392879108157, 41.266621496585302 ], [ -2.438956908293992, 41.265757050443966 ], [ -2.438343585474811, 41.264155706342066 ], [ -2.440637282574816, 41.263655537718634 ], [ -2.441250670047956, 41.265256904064934 ] ] ] } },
{ "type": "Feature", "properties": { "corridor_id": "soria_torralba", "segment_index": 23, "segment_id": "soria_torralba_km22_23", "start_m": 22000.0, "end_m": 23000.0, "start_km": 22.0, "end_km": 23.0, "length_m": 1000.0 }, "geometry": { "type": "Polygon", "coordinates": [ [ [ -2.444700554393308, 41.272397245552277 ], [ -2.444705476296734, 41.272688963152426 ], [ -2.444692488805604, 41.273241256042027 ], [ -2.444672996927706, 41.27383448828661 ], [ -2.444644309848317, 41.274204319440621 ], [ -2.44459394789976, 41.27450690260158 ], [ -2.444502003686535, 41.274850651535132 ], [ -2.444390173637406, 41.275141943056035 ], [ -2.444250778241978, 41.275425982192793 ], [ -2.444071276040471, 41.275722798233836 ], [ -2.443858236785216, 41.276026947474023 ], [ -2.443523238284664, 41.276404584320041 ], [ -2.442522434470202, 41.277407380204451 ], [ -2.441198470607631, 41.278595006183764 ], [ -2.439045478890833, 41.279997199174034 ], [ -2.438423671077024, 41.280367871973795 ], [ -2.436943012203177, 41.278954412052322 ], [ -2.437524137213629, 41.278607995818547 ], [ -2.439493545914354, 41.277325387538554 ], [ -2.440653381570098, 41.276285012255862 ], [ -2.441575577271669, 41.275361007492805 ], [ -2.441804777764511, 41.275102643423246 ], [ -2.441927537055701, 41.274927391840919 ], [ -2.442041833445734, 41.274738407263534 ], [ -2.442120636242648, 41.274577845806263 ], [ -2.442180804043271, 41.274421136804321 ], [ -2.442235657463903, 41.274216085350318 ], [ -2.442265093283172, 41.274039268284419 ], [ -2.442286804574329, 41.273759499356913 ], [ -2.442305112029462, 41.273202931585239 ], [ -2.442317323923019, 41.272684424463009 ], [ -2.44231384427732, 41.272477742068105 ], [ -2.442305006675771, 41.272390893745211 ], [ -2.44468586782041, 41.272252970250968 ], [ -2.444700554393308, 41.272397245552277 ] ] ] } },
{ "type": "Feature", "properties": { "corridor_id": "soria_torralba", "segment_index": 24, "segment_id": "soria_torralba_km23_24", "start_m": 23000.0, "end_m": 24000.0, "start_km": 23.0, "end_km": 24.0, "length_m": 1000.0 }, "geometry": { "type": "Polygon", "coordinates": [ [ [ -2.436314854009278, 41.281624925771133 ], [ -2.432704782384561, 41.283776905441236 ], [ -2.43181218918376, 41.284310623361065 ], [ -2.43145326990338, 41.284523909092194 ], [ -2.431246031420523, 41.284664979771669 ], [ -2.43110004374868, 41.284774641144395 ], [ -2.430898757600495, 41.284946398770067 ], [ -2.430792551652674, 41.285049881066449 ], [ -2.430687623506154, 41.285163289343586 ], [ -2.430602145458941, 41.285270331479168 ], [ -2.430477923535316, 41.285445796906814 ], [ -2.430402948640075, 41.285568677753105 ], [ -2.430329136160259, 41.285709273864839 ], [ -2.430260090564228, 41.285864783909787 ], [ -2.430229959014965, 41.285950128840035 ], [ -2.427922048133526, 41.285486511667393 ], [ -2.42797151860983, 41.285346404762578 ], [ -2.428084874537995, 41.285091115248719 ], [ -2.428206263342597, 41.284859911822416 ], [ -2.428337889645298, 41.284644193203974 ], [ -2.428524468723867, 41.284380659202888 ], [ -2.428683191567702, 41.284181901986187 ], [ -2.428867864074566, 41.283982310940409 ], [ -2.429057858575432, 41.283797193917103 ], [ -2.429360972669313, 41.283538552327116 ], [ -2.42960238498048, 41.283357214392886 ], [ -2.429912546277842, 41.283146085774632 ], [ -2.430331426760671, 41.282897171893346 ], [ -2.431222633565324, 41.282364289804271 ], [ -2.434834136578559, 41.280211484597679 ], [ -2.436943012203178, 41.278954412052322 ], [ -2.438423671077022, 41.280367871973795 ], [ -2.436314854009278, 41.281624925771133 ] ] ] } },
{ "type": "Feature", "properties": { "corridor_id": "soria_torralba", "segment_index": 25, "segment_id": "soria_torralba_km24_25", "start_m": 24000.0, "end_m": 25000.0, "start_km": 24.0, "end_km": 25.0, "length_m": 1000.0 }, "geometry": { "type": "Polygon", "coordinates": [ [ [ -2.430218226842397, 41.285983359110467 ], [ -2.430166653023392, 41.286187530140431 ], [ -2.430133859255418, 41.286340052008704 ], [ -2.430121809213913, 41.286503691977494 ], [ -2.430113973459307, 41.286684630151854 ], [ -2.430123328614112, 41.286841245203355 ], [ -2.430139255412318, 41.286957397653161 ], [ -2.430183015248737, 41.28716598936554 ], [ -2.430232564175499, 41.287327204588692 ], [ -2.43028005717768, 41.287455884611177 ], [ -2.430342631688029, 41.2875858531565 ], [ -2.430498356462792, 41.287860916320412 ], [ -2.430688016301813, 41.288112761923038 ], [ -2.430899936543723, 41.288349540240858 ], [ -2.431407408417833, 41.28887196128575 ], [ -2.431710256402379, 41.289187388048212 ], [ -2.431914037956038, 41.289415844675609 ], [ -2.432108637944916, 41.289668807545581 ], [ -2.432256120610427, 41.289879473645499 ], [ -2.432441037230904, 41.290204480665459 ], [ -2.432601595704838, 41.290579697959203 ], [ -2.432691949024261, 41.290831326017333 ], [ -2.432948044079978, 41.29165195010944 ], [ -2.433044769728379, 41.291932510653005 ], [ -2.433101512105712, 41.292062441354609 ], [ -2.433194385415905, 41.292234632193249 ], [ -2.433325646923985, 41.292440837310416 ], [ -2.43344495568648, 41.292602475667195 ], [ -2.433558002998295, 41.292724918857431 ], [ -2.433761290379191, 41.292921227186781 ], [ -2.433936374690223, 41.293066737240956 ], [ -2.434097031286309, 41.293175584790376 ], [ -2.43250073966394, 41.294515740361135 ], [ -2.43224940883655, 41.294345456402041 ], [ -2.431933093431807, 41.294082565392053 ], [ -2.431635181332961, 41.293794872962593 ], [ -2.431416229576971, 41.293557715259865 ], [ -2.431203539727926, 41.29326955279339 ], [ -2.431009402499801, 41.292964557337115 ], [ -2.430858277348312, 41.292684347631656 ], [ -2.430752221479595, 41.292441477864195 ], [ -2.430629348375975, 41.292085038157005 ], [ -2.430376043284085, 41.291273262275929 ], [ -2.430310995450947, 41.29109209057691 ], [ -2.430202152049972, 41.29083770836143 ], [ -2.430099066680043, 41.290656516141112 ], [ -2.430018748199503, 41.290541782846383 ], [ -2.429887947317915, 41.290371746274538 ], [ -2.429751528220933, 41.290218803474225 ], [ -2.429476775990375, 41.289932630469963 ], [ -2.428946048038284, 41.289386251321865 ], [ -2.428656769023684, 41.289063028982291 ], [ -2.428354830511386, 41.288662073588711 ], [ -2.428120157187354, 41.288247536025033 ], [ -2.428003733381658, 41.288005704060936 ], [ -2.427917628080078, 41.287772383713815 ], [ -2.427837178710019, 41.287510598638583 ], [ -2.4277701404987, 41.287190990127975 ], [ -2.427740469100169, 41.286974542449165 ], [ -2.427723826478462, 41.286695757440235 ], [ -2.427735592372532, 41.286424295665775 ], [ -2.427756144416777, 41.286145335734673 ], [ -2.427814352727255, 41.285874657874835 ], [ -2.427888180416093, 41.285582429138167 ], [ -2.427922048133518, 41.285486511667415 ], [ -2.430229959014973, 41.285950128840007 ], [ -2.430218226842397, 41.285983359110467 ] ] ] } },
{ "type": "Feature", "properties": { "corridor_id": "soria_torralba", "segment_index": 26, "segment_id": "soria_torralba_km25_26", "start_m": 25000.0, "end_m": 26000.0, "start_km": 25.0, "end_km": 26.0, "length_m": 1000.0 }, "geometry": { "type": "Polygon", "coordinates": [ [ [ -2.434229149034973, 41.293265096351675 ], [ -2.434497640484174, 41.293414565672592 ], [ -2.434833654502965, 41.293568449919427 ], [ -2.435136186605224, 41.293674926138252 ], [ -2.435505951860736, 41.293775867576123 ], [ -2.436645593061855, 41.294031911832292 ], [ -2.43695937420584, 41.294109634381293 ], [ -2.437295352719049, 41.294195287770584 ], [ -2.437706768390672, 41.294336786266804 ], [ -2.438013887361473, 41.294457681382113 ], [ -2.438384483353792, 41.294633744466353 ], [ -2.438659805377478, 41.294781582881697 ], [ -2.438936674492192, 41.294951552007966 ], [ -2.439202371633629, 41.29513269033761 ], [ -2.439446208820649, 41.295325523446905 ], [ -2.439667867283408, 41.295526299417638 ], [ -2.439899496327761, 41.295762267974304 ], [ -2.440214214638847, 41.296122320798844 ], [ -2.440440776856112, 41.296406460346375 ], [ -2.441916783971626, 41.298222722525331 ], [ -2.442080488997199, 41.298407555381985 ], [ -2.442246814510659, 41.298564203298945 ], [ -2.442439416354057, 41.298728642360757 ], [ -2.442639209536915, 41.298871371331032 ], [ -2.442662683409497, 41.298885590085774 ], [ -2.441166716357728, 41.300290119433242 ], [ -2.441067174133699, 41.300229823118848 ], [ -2.440719367193557, 41.299981351041836 ], [ -2.440418169311848, 41.299724189277953 ], [ -2.440151295348093, 41.299472836386578 ], [ -2.439904401156747, 41.299194068544253 ], [ -2.438398808628599, 41.297341330467731 ], [ -2.438192570593701, 41.29708267019091 ], [ -2.437940888276566, 41.296794723550207 ], [ -2.437788516772447, 41.296639492756576 ], [ -2.437661974853082, 41.29652486947311 ], [ -2.437534811914272, 41.2964243034464 ], [ -2.43738070923519, 41.296319242549764 ], [ -2.437211578728041, 41.296215412373385 ], [ -2.437054101383402, 41.29613085149591 ], [ -2.43682269834845, 41.296020915339852 ], [ -2.436657818553435, 41.295956011147375 ], [ -2.43641503590429, 41.295872510352602 ], [ -2.436204215826936, 41.295818764190777 ], [ -2.435931797451921, 41.295751286873269 ], [ -2.434757838248709, 41.295487531018921 ], [ -2.434222801671843, 41.295341471855195 ], [ -2.433705331711804, 41.295159347118229 ], [ -2.433165744230344, 41.294912230280048 ], [ -2.43271823480699, 41.294663098502404 ], [ -2.432500739663944, 41.294515740361135 ], [ -2.434097031286305, 41.293175584790376 ], [ -2.434229149034973, 41.293265096351675 ] ] ] } },
{ "type": "Feature", "properties": { "corridor_id": "soria_torralba", "segment_index": 27, "segment_id": "soria_torralba_km26_27", "start_m": 26000.0, "end_m": 27000.0, "start_km": 26.0, "end_km": 27.0, "length_m": 1000.0 }, "geometry": { "type": "Polygon", "coordinates": [ [ [ -2.442794717878343, 41.298965566703828 ], [ -2.442953337265351, 41.299050982548046 ], [ -2.443190959287535, 41.299167926497326 ], [ -2.443495817243549, 41.299285198181273 ], [ -2.444815042045444, 41.299777377710384 ], [ -2.445856705431606, 41.30016910200608 ], [ -2.446913618487922, 41.300566497496163 ], [ -2.447380442884621, 41.30075626828981 ], [ -2.447700144771476, 41.300910153040839 ], [ -2.448000047942718, 41.301067478364352 ], [ -2.448320349224601, 41.301268665031124 ], [ -2.448553235227758, 41.301428532581141 ], [ -2.448807702809135, 41.301630160532916 ], [ -2.449014941424281, 41.301811876811847 ], [ -2.449266388923217, 41.30206468984855 ], [ -2.449451476697759, 41.302281318775734 ], [ -2.449604255308581, 41.302469131278691 ], [ -2.449737781934669, 41.30266333552143 ], [ -2.449865346176337, 41.30286768545448 ], [ -2.449983652303499, 41.303095041602639 ], [ -2.45008014638853, 41.303314695274658 ], [ -2.450169002840175, 41.30354933685539 ], [ -2.450243565058305, 41.303823140000205 ], [ -2.450315112813345, 41.304198158933005 ], [ -2.450342118343299, 41.304531532493222 ], [ -2.45033664160947, 41.30483561649671 ], [ -2.450303214199624, 41.305255684460647 ], [ -2.450252377805709, 41.305798952319861 ], [ -2.447869216045705, 41.305672126261229 ], [ -2.447919188072646, 41.305138303207976 ], [ -2.447948559734382, 41.304769371124522 ], [ -2.447952081012344, 41.304574255095439 ], [ -2.447936483985969, 41.304381628756595 ], [ -2.447889029498968, 41.304132847920478 ], [ -2.4478469896688, 41.303978451379066 ], [ -2.447796644464749, 41.30384549333052 ], [ -2.447736137281756, 41.303707747344795 ], [ -2.447670241954439, 41.303581103983859 ], [ -2.447595805082442, 41.303461854404873 ], [ -2.44752293066386, 41.303355859191079 ], [ -2.44742890854558, 41.303240272207461 ], [ -2.447304195691821, 41.303094301647185 ], [ -2.447151642535536, 41.302940915492236 ], [ -2.44703568083892, 41.30283923248188 ], [ -2.446881748315272, 41.302717261176284 ], [ -2.446751034467868, 41.302627529438418 ], [ -2.446550736143524, 41.30250171688531 ], [ -2.446374839998604, 41.302409442952154 ], [ -2.446169342670903, 41.302310528329976 ], [ -2.445813567994589, 41.302165899680659 ], [ -2.444790707674585, 41.301781305225646 ], [ -2.443752344775658, 41.301390819641782 ], [ -2.442423369488243, 41.300894999125425 ], [ -2.441992026348075, 41.300729070185064 ], [ -2.441605847369945, 41.300539013315934 ], [ -2.441351466249908, 41.300402028582987 ], [ -2.44116671635772, 41.300290119433235 ], [ -2.442662683409505, 41.298885590085781 ], [ -2.442794717878343, 41.298965566703828 ] ] ] } },
{ "type": "Feature", "properties": { "corridor_id": "soria_torralba", "segment_index": 28, "segment_id": "soria_torralba_km27_28", "start_m": 27000.0, "end_m": 28000.0, "start_km": 27.0, "end_km": 28.0, "length_m": 1000.0 }, "geometry": { "type": "Polygon", "coordinates": [ [ [ -2.450184295266439, 41.306526507647348 ], [ -2.450122805803186, 41.307183222739468 ], [ -2.450012569655645, 41.308361311010131 ], [ -2.449991263573135, 41.308805115629376 ], [ -2.449999622676457, 41.30898372178892 ], [ -2.45002644772849, 41.309187707247951 ], [ -2.450065535775365, 41.309380153738836 ], [ -2.450147127287322, 41.309657326767358 ], [ -2.450280796574212, 41.309962627414698 ], [ -2.450442022092998, 41.310252253139595 ], [ -2.450600434738518, 41.31048409907941 ], [ -2.451845529825308, 41.311781862955193 ], [ -2.453459084638482, 41.313332817144513 ], [ -2.451579070031658, 41.314444676658667 ], [ -2.449936854398395, 41.312866128983266 ], [ -2.448558950569949, 41.311429891738221 ], [ -2.448275165373535, 41.311014536558915 ], [ -2.448041392715506, 41.310594561608632 ], [ -2.447840664392932, 41.310136061616049 ], [ -2.447715858393131, 41.309712034228113 ], [ -2.447655148319818, 41.309413080511554 ], [ -2.447614575257906, 41.309104465841877 ], [ -2.447600536578162, 41.308804271956944 ], [ -2.44762643223008, 41.308265276634238 ], [ -2.447739594664244, 41.307056386054953 ], [ -2.447801108838453, 41.306399662283013 ], [ -2.447869216045705, 41.305672126261229 ], [ -2.450252377805709, 41.305798952319861 ], [ -2.450184295266439, 41.306526507647348 ] ] ] } },
{ "type": "Feature", "properties": { "corridor_id": "soria_torralba", "segment_index": 29, "segment_id": "soria_torralba_km28_29", "start_m": 28000.0, "end_m": 29000.0, "start_km": 28.0, "end_km": 29.0, "length_m": 1000.0 }, "geometry": { "type": "Polygon", "coordinates": [ [ [ -2.459380366670026, 41.32123723535755 ], [ -2.459394752739489, 41.321252240120458 ], [ -2.458922701503277, 41.321528278267401 ], [ -2.456846813468532, 41.319510661504339 ], [ -2.456773422716126, 41.319439272328047 ], [ -2.456567072052571, 41.319238758030089 ], [ -2.453686168550175, 41.31646993835713 ], [ -2.451579070031657, 41.314444676658667 ], [ -2.453459084638484, 41.313332817144513 ], [ -2.455566210898062, 41.315358049384592 ], [ -2.458451112023404, 41.318130634109153 ], [ -2.458661575783154, 41.318335139430744 ], [ -2.45873510899182, 41.318406665080559 ], [ -2.460835702643466, 41.320448235520097 ], [ -2.46086717426783, 41.320483518337888 ], [ -2.459380366670026, 41.32123723535755 ] ] ] } },
{ "type": "Feature", "properties": { "corridor_id": "soria_torralba", "segment_index": 30, "segment_id": "soria_torralba_km29_30", "start_m": 29000.0, "end_m": 30000.0, "start_km": 29.0, "end_km": 30.0, "length_m": 1000.0 }, "geometry": { "type": "Polygon", "coordinates": [ [ [ -2.461194754149323, 41.320850765168082 ], [ -2.461439507457227, 41.321141150669781 ], [ -2.461695749855641, 41.321475092643873 ], [ -2.461923210272241, 41.321804445853239 ], [ -2.46216030947911, 41.322175210922495 ], [ -2.462363910353848, 41.322535255788061 ], [ -2.462539312026608, 41.322878924693789 ], [ -2.46272980709647, 41.323312225381031 ], [ -2.462915341939193, 41.323829321950932 ], [ -2.463119530654185, 41.324543828888238 ], [ -2.463206520301783, 41.325030084661378 ], [ -2.46328433019305, 41.325710655594975 ], [ -2.463519733831411, 41.328482781734387 ], [ -2.463608396944843, 41.329577132252503 ], [ -2.461222874137759, 41.329686922616652 ], [ -2.461134464249686, 41.328595205894423 ], [ -2.460901067480521, 41.325845532052057 ], [ -2.460830476234374, 41.325227903052522 ], [ -2.460763663878121, 41.324854359018424 ], [ -2.460592250628708, 41.324254466273324 ], [ -2.460440383932319, 41.323831163167441 ], [ -2.460288677630627, 41.323486064224547 ], [ -2.460148878280616, 41.323212133465539 ], [ -2.459983678216782, 41.322919978687551 ], [ -2.459786576622301, 41.322611744122462 ], [ -2.459600636324491, 41.322342497704781 ], [ -2.459395878006606, 41.32207564013212 ], [ -2.459194430830435, 41.321836626006991 ], [ -2.458884160129952, 41.321488772361654 ], [ -2.460867174267925, 41.320483518338001 ], [ -2.461194754149323, 41.320850765168082 ] ] ] } },
{ "type": "Feature", "properties": { "corridor_id": "soria_torralba", "segment_index": 31, "segment_id": "soria_torralba_km30_31", "start_m": 30000.0, "end_m": 31000.0, "start_km": 30.0, "end_km": 31.0, "length_m": 1000.0 }, "geometry": { "type": "Polygon", "coordinates": [ [ [ -2.463778241786438, 41.331673395785586 ], [ -2.464297322044459, 41.337919072873341 ], [ -2.464360843393216, 41.338553811900248 ], [ -2.461977316961089, 41.338689278950966 ], [ -2.461912675824196, 41.338043114760048 ], [ -2.461392756316605, 41.33178459184095 ], [ -2.461222874137759, 41.329686922616652 ], [ -2.463608396944843, 41.329577132252503 ], [ -2.463778241786438, 41.331673395785586 ] ] ] } },
{ "type": "Feature", "properties": { "corridor_id": "soria_torralba", "segment_index": 32, "segment_id": "soria_torralba_km31_32", "start_m": 31000.0, "end_m": 32000.0, "start_km": 31.0, "end_km": 32.0, "length_m": 1000.0 }, "geometry": { "type": "Polygon", "coordinates": [ [ [ -2.464381705078552, 41.338762270363169 ], [ -2.464428739203374, 41.339007824247069 ], [ -2.464465503815605, 41.339146858577486 ], [ -2.464562824546645, 41.339426297484067 ], [ -2.464666186673628, 41.339657916212012 ], [ -2.46483671274261, 41.339993695557659 ], [ -2.465044354612801, 41.340390277626355 ], [ -2.466392990763473, 41.34292504514454 ], [ -2.468415079840867, 41.346711503733196 ], [ -2.466197334768435, 41.347384082278012 ], [ -2.464174797937483, 41.343596544079006 ], [ -2.462823234171236, 41.341056111569713 ], [ -2.46260867623339, 41.34064629357345 ], [ -2.462416202941649, 41.34026727271182 ], [ -2.462271366513381, 41.339942691043838 ], [ -2.462135289083859, 41.339551929576899 ], [ -2.462072055424777, 41.339312763651336 ], [ -2.462004291474924, 41.338958917336015 ], [ -2.461977316961089, 41.338689278950952 ], [ -2.464360843393216, 41.338553811900262 ], [ -2.464381705078552, 41.338762270363169 ] ] ] } },
{ "type": "Feature", "properties": { "corridor_id": "soria_torralba", "segment_index": 33, "segment_id": "soria_torralba_km32_33", "start_m": 32000.0, "end_m": 33000.0, "start_km": 32.0, "end_km": 33.0, "length_m": 1000.0 }, "geometry": { "type": "Polygon", "coordinates": [ [ [ -2.468743293130678, 41.347326054334751 ], [ -2.469291901226304, 41.348383465694837 ], [ -2.469393662369713, 41.348659857856127 ], [ -2.469476116780546, 41.348907969993689 ], [ -2.469541420632112, 41.349233955599864 ], [ -2.469587270536802, 41.349599836424652 ], [ -2.469584848149067, 41.349919725102048 ], [ -2.469563988443136, 41.35018021849482 ], [ -2.469520132142182, 41.350451258323929 ], [ -2.469448587638843, 41.35074529680579 ], [ -2.469351900238926, 41.351028710065279 ], [ -2.469205856732492, 41.351346110718787 ], [ -2.46904969074127, 41.351655291906617 ], [ -2.468845184948102, 41.352051142185289 ], [ -2.467943730648711, 41.353770781158744 ], [ -2.466833677290246, 41.355879961452672 ], [ -2.464611156170793, 41.355215848137924 ], [ -2.46572068072513, 41.353107808154334 ], [ -2.46661942634931, 41.351393447101373 ], [ -2.466818520405023, 41.351008097327359 ], [ -2.466958753953122, 41.350730478359125 ], [ -2.46706090898989, 41.350508478575904 ], [ -2.467112219402116, 41.350358091371348 ], [ -2.467155672898874, 41.350179529557678 ], [ -2.467182014664655, 41.350016769196628 ], [ -2.467194553069143, 41.349860262492818 ], [ -2.467195928135377, 41.349679551144 ], [ -2.467167575512347, 41.349453232132994 ], [ -2.467129276983282, 41.349262017998569 ], [ -2.467081929613854, 41.349119530477061 ], [ -2.467020888970218, 41.348953723028139 ], [ -2.466521095671028, 41.34799033485131 ], [ -2.466197334768435, 41.347384082278012 ], [ -2.468415079840867, 41.346711503733196 ], [ -2.468743293130678, 41.347326054334751 ] ] ] } },
{ "type": "Feature", "properties": { "corridor_id": "soria_torralba", "segment_index": 34, "segment_id": "soria_torralba_km33_34", "start_m": 33000.0, "end_m": 34000.0, "start_km": 33.0, "end_km": 34.0, "length_m": 1000.0 }, "geometry": { "type": "Polygon", "coordinates": [ [ [ -2.466668470721004, 41.356193852920732 ], [ -2.466460446737232, 41.356589051304994 ], [ -2.465720154865369, 41.358002617697942 ], [ -2.464979227393436, 41.35941739776014 ], [ -2.464155603450758, 41.360984747069978 ], [ -2.463969668660398, 41.361318914532738 ], [ -2.463814246632463, 41.361584207397819 ], [ -2.46360390109679, 41.361893044437181 ], [ -2.463407643175396, 41.362152456628692 ], [ -2.463307066096504, 41.362272569986303 ], [ -2.463166313200027, 41.362440890482162 ], [ -2.462948340613808, 41.362682225318316 ], [ -2.462536030959583, 41.363098128247465 ], [ -2.461708695344361, 41.363905178651152 ], [ -2.461470128936764, 41.364140477943735 ], [ -2.459569875266063, 41.363046931967361 ], [ -2.459812320620026, 41.362807813580631 ], [ -2.46063178495955, 41.362008463919672 ], [ -2.461001075024538, 41.361635966491107 ], [ -2.461165701970617, 41.361453700872026 ], [ -2.461284153638459, 41.361312054596041 ], [ -2.46135677144132, 41.361225334284704 ], [ -2.461500512784836, 41.361035346003113 ], [ -2.461654966270416, 41.360808582524712 ], [ -2.46177314340202, 41.360606875036325 ], [ -2.461941208167867, 41.36030484232711 ], [ -2.462755583973235, 41.358755191547239 ], [ -2.463496052912076, 41.357341378430327 ], [ -2.464237164634789, 41.355926338005858 ], [ -2.464445948547808, 41.355529721432035 ], [ -2.464611156170793, 41.355215848137924 ], [ -2.466833677290246, 41.355879961452672 ], [ -2.466668470721004, 41.356193852920732 ] ] ] } },
{ "type": "Feature", "properties": { "corridor_id": "soria_torralba", "segment_index": 35, "segment_id": "soria_torralba_km34_35", "start_m": 34000.0, "end_m": 35000.0, "start_km": 34.0, "end_km": 35.0, "length_m": 1000.0 }, "geometry": { "type": "Polygon", "coordinates": [ [ [ -2.460776762299746, 41.3648243365094 ], [ -2.459689989093482, 41.365889603390386 ], [ -2.458914310127237, 41.366649912472845 ], [ -2.458430311847074, 41.367140874540823 ], [ -2.458226719778134, 41.367370806273918 ], [ -2.458094839453032, 41.367552716749223 ], [ -2.457975425355458, 41.367741760246055 ], [ -2.457863479121812, 41.367946577304167 ], [ -2.457766604979811, 41.368168689715304 ], [ -2.457712794106173, 41.368333214924419 ], [ -2.457656722290324, 41.368535633627154 ], [ -2.457623929084666, 41.368724499717572 ], [ -2.457580030539091, 41.369023120114285 ], [ -2.457464959458965, 41.370271052027306 ], [ -2.457421879948229, 41.370775089751376 ], [ -2.457381225253566, 41.371201721199263 ], [ -2.457312421235933, 41.371581028603707 ], [ -2.457262712348007, 41.371800007543101 ], [ -2.457250684830472, 41.371840101751552 ], [ -2.455501765370868, 41.371542384849988 ], [ -2.455500080951095, 41.371548781507677 ], [ -2.454910763304166, 41.371472860004751 ], [ -2.454948383849366, 41.371307159281869 ], [ -2.45500137827894, 41.37101506651566 ], [ -2.455035922420425, 41.370652697894016 ], [ -2.455078842871908, 41.370150735616278 ], [ -2.455197772541157, 41.368861467573389 ], [ -2.455249674972049, 41.368508488057941 ], [ -2.455297283278723, 41.368234354308086 ], [ -2.455380613150441, 41.367933573296 ], [ -2.455466403893253, 41.367671298833038 ], [ -2.455618931719703, 41.367321611799589 ], [ -2.45578858696537, 41.367011229416164 ], [ -2.45596417399253, 41.366733273440822 ], [ -2.456178694919669, 41.366437384665431 ], [ -2.456474503733755, 41.366103317197194 ], [ -2.457006305773093, 41.365563879663902 ], [ -2.457794024541097, 41.364791791132824 ], [ -2.458878653655612, 41.36372865570835 ], [ -2.459569875266058, 41.363046931967368 ], [ -2.46147012893677, 41.364140477943728 ], [ -2.460776762299746, 41.3648243365094 ] ] ] } },
{ "type": "Feature", "properties": { "corridor_id": "soria_torralba", "segment_index": 36, "segment_id": "soria_torralba_km35_36", "start_m": 35000.0, "end_m": 36000.0, "start_km": 35.0, "end_km": 36.0, "length_m": 1000.0 }, "geometry": { "type": "Polygon", "coordinates": [ [ [ -2.457206549828869, 41.371987227093236 ], [ -2.457129030555976, 41.372216375151837 ], [ -2.457061425339718, 41.372379670430789 ], [ -2.457004361925144, 41.372497185577572 ], [ -2.456926085530545, 41.372662792989154 ], [ -2.456825518713878, 41.372850837242709 ], [ -2.456687861607795, 41.373072169363986 ], [ -2.456539569188908, 41.373286028841989 ], [ -2.456400262663873, 41.37347410796297 ], [ -2.456254131054626, 41.37365943700366 ], [ -2.456058903453078, 41.373871971290818 ], [ -2.455569477754898, 41.374378766759662 ], [ -2.453157523617199, 41.376806967681048 ], [ -2.452805158076418, 41.377168245270596 ], [ -2.452385794280115, 41.37758973872301 ], [ -2.452180733953869, 41.37781971598433 ], [ -2.452037493158088, 41.377998789847098 ], [ -2.451915501303048, 41.378186206838166 ], [ -2.451793020546721, 41.378393232704383 ], [ -2.451699260864461, 41.378594743957002 ], [ -2.45159857678288, 41.378842798687103 ], [ -2.451322137695704, 41.379598206870931 ], [ -2.449016349858536, 41.379119488751414 ], [ -2.44930163217707, 41.378339989894144 ], [ -2.44942614902021, 41.378033244863914 ], [ -2.449568390893866, 41.377727556594394 ], [ -2.449748711452845, 41.377422783014559 ], [ -2.449935520808281, 41.377135800607263 ], [ -2.450162481060532, 41.376852075217684 ], [ -2.450434821350189, 41.37654665305643 ], [ -2.450884457753703, 41.376094746761915 ], [ -2.451236292208991, 41.375734024347004 ], [ -2.453644938047413, 41.37330922524059 ], [ -2.454108312163856, 41.372829420491378 ], [ -2.454240284016783, 41.372685754236308 ], [ -2.454327551672789, 41.372575082755873 ], [ -2.45443504468061, 41.372429961588502 ], [ -2.454544151598475, 41.372272620704784 ], [ -2.454631893459766, 41.372131552354645 ], [ -2.454689525513424, 41.372023796192693 ], [ -2.454754848712681, 41.371885603477033 ], [ -2.454795584794407, 41.371801718462294 ], [ -2.454827178211868, 41.371725413379515 ], [ -2.454881057788338, 41.371566161196156 ], [ -2.454918006651272, 41.371443005643563 ], [ -2.457250684830483, 41.371840101751502 ], [ -2.457206549828869, 41.371987227093236 ] ] ] } },
{ "type": "Feature", "properties": { "corridor_id": "soria_torralba", "segment_index": 37, "segment_id": "soria_torralba_km36_37", "start_m": 36000.0, "end_m": 37000.0, "start_km": 36.0, "end_km": 37.0, "length_m": 1000.0 }, "geometry": { "type": "Polygon", "coordinates": [ [ [ -2.451297199310635, 41.379666353559344 ], [ -2.450940632282792, 41.38063966700868 ], [ -2.450429842946574, 41.38200714450165 ], [ -2.449918437387674, 41.383376171322695 ], [ -2.448952674130639, 41.385876731542332 ], [ -2.448606359312779, 41.386990629004039 ], [ -2.448377770089901, 41.387949025234974 ], [ -2.448360353966432, 41.388132700171965 ], [ -2.445974331324896, 41.388004360640274 ], [ -2.44600083412283, 41.387724962512976 ], [ -2.446263047362681, 41.386625759100525 ], [ -2.446638134096184, 41.385419456859793 ], [ -2.44761877145731, 41.382880617230875 ], [ -2.448127366981777, 41.381519240790837 ], [ -2.448636576366849, 41.380156121500306 ], [ -2.448991452169909, 41.379187517688251 ], [ -2.449016349858536, 41.379119488751414 ], [ -2.451322137695704, 41.379598206870931 ], [ -2.451297199310635, 41.379666353559344 ] ] ] } },
{ "type": "Feature", "properties": { "corridor_id": "soria_torralba", "segment_index": 38, "segment_id": "soria_torralba_km37_38", "start_m": 37000.0, "end_m": 38000.0, "start_km": 37.0, "end_km": 38.0, "length_m": 1000.0 }, "geometry": { "type": "Polygon", "coordinates": [ [ [ -2.448312083480435, 41.388641767425263 ], [ -2.448446711725066, 41.390290780941577 ], [ -2.448817716404743, 41.391882642404333 ], [ -2.449200086606395, 41.393504870170212 ], [ -2.449427709443352, 41.394451709982327 ], [ -2.449553530861948, 41.39498859268754 ], [ -2.449634110165183, 41.395306495428663 ], [ -2.449690810371398, 41.395468408349387 ], [ -2.449766557116981, 41.395663104287003 ], [ -2.449840252363997, 41.395820464497788 ], [ -2.449919497340962, 41.395964162691016 ], [ -2.450002775315129, 41.396094270467103 ], [ -2.450055203541243, 41.396176099978618 ], [ -2.450175448847933, 41.396339224769477 ], [ -2.450220820508497, 41.396393395840008 ], [ -2.448197219704457, 41.397354377829068 ], [ -2.448116136723441, 41.397257565890165 ], [ -2.447930183032744, 41.397005290096509 ], [ -2.447847911748057, 41.396876875269719 ], [ -2.447735490412393, 41.396701226845352 ], [ -2.447605736683458, 41.396465924567096 ], [ -2.447488833336931, 41.396216284367696 ], [ -2.447385781213105, 41.395951380043549 ], [ -2.447299682819251, 41.395705492679767 ], [ -2.447200463397033, 41.395313995241231 ], [ -2.447072684963564, 41.394768677927601 ], [ -2.446845307785442, 41.39382271774214 ], [ -2.446461878070829, 41.392195745497887 ], [ -2.446067284549351, 41.390502406731493 ], [ -2.44591471682063, 41.388632820088588 ], [ -2.445974331324896, 41.388004360640274 ], [ -2.448360353966432, 41.388132700171965 ], [ -2.448312083480435, 41.388641767425263 ] ] ] } },
{ "type": "Feature", "properties": { "corridor_id": "soria_torralba", "segment_index": 39, "segment_id": "soria_torralba_km38_39", "start_m": 38000.0, "end_m": 39000.0, "start_km": 38.0, "end_km": 39.0, "length_m": 1000.0 }, "geometry": { "type": "Polygon", "coordinates": [ [ [ -2.450349862675729, 41.396547463942881 ], [ -2.450520833224717, 41.396726206646875 ], [ -2.45069470355322, 41.396880825918778 ], [ -2.450910656777456, 41.397056477607727 ], [ -2.452471454208205, 41.39824976498209 ], [ -2.454166003692503, 41.399562456009868 ], [ -2.454425501074903, 41.39978624963581 ], [ -2.454688900121377, 41.400030242119691 ], [ -2.45493411520506, 41.40030282994698 ], [ -2.455130915595424, 41.400533479080174 ], [ -2.455317124170074, 41.400791746726171 ], [ -2.455474867526275, 41.401039277866623 ], [ -2.45562410402841, 41.40131041748532 ], [ -2.455730273808939, 41.40154938017168 ], [ -2.455812490756297, 41.401749634498529 ], [ -2.455889816227363, 41.40197789973012 ], [ -2.455975720355632, 41.402273918370618 ], [ -2.456023993091745, 41.402524502161583 ], [ -2.456051829459404, 41.402754435167999 ], [ -2.456085054037783, 41.403085983478753 ], [ -2.456141819635222, 41.40397082727069 ], [ -2.45616275491483, 41.404314228334322 ], [ -2.453772570286353, 41.404396805526957 ], [ -2.4537517789459, 41.404055560307739 ], [ -2.453696744059181, 41.403197204114484 ], [ -2.453667367940021, 41.402903952460484 ], [ -2.453647003190893, 41.402735685536427 ], [ -2.453620073956611, 41.402595869532284 ], [ -2.453561176485057, 41.402392888434925 ], [ -2.453508900724915, 41.402238553908269 ], [ -2.453452516665287, 41.40210120848328 ], [ -2.45338168522078, 41.401941771505207 ], [ -2.453289520250654, 41.40177431165781 ], [ -2.453185862514382, 41.401611643293208 ], [ -2.453070269972032, 41.401451311568216 ], [ -2.452936869659183, 41.401294961250031 ], [ -2.452766484072411, 41.401105549703061 ], [ -2.452595482663972, 41.400947142929269 ], [ -2.452405779843644, 41.400783537092217 ], [ -2.450761329281166, 41.39950962849305 ], [ -2.449180126726128, 41.398300715716374 ], [ -2.44890308006045, 41.398075366943651 ], [ -2.448634350756739, 41.397836385468068 ], [ -2.448365522047302, 41.397555327362859 ], [ -2.448197219704467, 41.397354377829089 ], [ -2.450220820508486, 41.396393395839986 ], [ -2.450349862675729, 41.396547463942881 ] ] ] } },
{ "type": "Feature", "properties": { "corridor_id": "soria_torralba", "segment_index": 40, "segment_id": "soria_torralba_km39_40", "start_m": 39000.0, "end_m": 40000.0, "start_km": 39.0, "end_km": 40.0, "length_m": 1000.0 }, "geometry": { "type": "Polygon", "coordinates": [ [ [ -2.456206341767457, 41.405029172142591 ], [ -2.456345314647158, 41.407199826761428 ], [ -2.456513117628238, 41.40981920082362 ], [ -2.456564271857239, 41.410498044034888 ], [ -2.456677661448822, 41.411184673620468 ], [ -2.456871568046307, 41.412244273199974 ], [ -2.457112590215532, 41.41300134215156 ], [ -2.457140669631411, 41.413080307017388 ], [ -2.454829024845401, 41.413546122041147 ], [ -2.454792802023317, 41.413444246098578 ], [ -2.454517026054857, 41.412577914712195 ], [ -2.454304934422592, 41.41141871411817 ], [ -2.45417972530732, 41.410660343590735 ], [ -2.454123480775727, 41.409913586757526 ], [ -2.453955284641731, 41.407286572448115 ], [ -2.453816256815207, 41.405113815435328 ], [ -2.453772570286353, 41.404396805526957 ], [ -2.45616275491483, 41.404314228334322 ], [ -2.456206341767457, 41.405029172142591 ] ] ] } },
{ "type": "Feature", "properties": { "corridor_id": "soria_torralba", "segment_index": 41, "segment_id": "soria_torralba_km40_41", "start_m": 40000.0, "end_m": 41000.0, "start_km": 40.0, "end_km": 41.0, "length_m": 1000.0 }, "geometry": { "type": "Polygon", "coordinates": [ [ [ -2.458044260335424, 41.415621277932502 ], [ -2.458978275909703, 41.418248090693005 ], [ -2.460281084943544, 41.42176192992202 ], [ -2.457975824706566, 41.422246174141335 ], [ -2.45666971579455, 41.418723097665442 ], [ -2.455732524191747, 41.416087089782032 ], [ -2.454829024845401, 41.413546122041147 ], [ -2.457140669631411, 41.413080307017388 ], [ -2.458044260335424, 41.415621277932502 ] ] ] } },
{ "type": "Feature", "properties": { "corridor_id": "soria_torralba", "segment_index": 42, "segment_id": "soria_torralba_km41_42", "start_m": 41000.0, "end_m": 42000.0, "start_km": 41.0, "end_km": 42.0, "length_m": 1000.0 }, "geometry": { "type": "Polygon", "coordinates": [ [ [ -2.460524637976639, 41.422418779723635 ], [ -2.461105953838405, 41.424179540307662 ], [ -2.46207288562992, 41.425950914580845 ], [ -2.463704922897758, 41.429061276835697 ], [ -2.464296680144721, 41.430103046376274 ], [ -2.462095702551371, 41.430811172284798 ], [ -2.461490865558838, 41.4297463124215 ], [ -2.459852702999625, 41.426624074618964 ], [ -2.458825436428248, 41.424742048317754 ], [ -2.458210153982266, 41.422878208577437 ], [ -2.457975824706566, 41.422246174141335 ], [ -2.460281084943544, 41.42176192992202 ], [ -2.460524637976639, 41.422418779723635 ] ] ] } },
{ "type": "Feature", "properties": { "corridor_id": "soria_torralba", "segment_index": 43, "segment_id": "soria_torralba_km42_43", "start_m": 42000.0, "end_m": 43000.0, "start_km": 42.0, "end_km": 43.0, "length_m": 1000.0 }, "geometry": { "type": "Polygon", "coordinates": [ [ [ -2.466116786469936, 41.433400365286587 ], [ -2.466865397811361, 41.434584494268293 ], [ -2.466994419365196, 41.434763811299206 ], [ -2.467411440772899, 41.435343362731139 ], [ -2.46826884470367, 41.436430760264727 ], [ -2.468490355976912, 41.436721518918574 ], [ -2.468737033941079, 41.43703246796241 ], [ -2.468975056842648, 41.437341092252147 ], [ -2.469511381465991, 41.438031254798382 ], [ -2.469538021829388, 41.438066306554113 ], [ -2.467459920622284, 41.438960657376363 ], [ -2.467439004253849, 41.438933135747909 ], [ -2.466906528825335, 41.438247898328015 ], [ -2.466673951652347, 41.437946322665631 ], [ -2.466424029659612, 41.437631271680935 ], [ -2.466200940955373, 41.437338430320828 ], [ -2.465328745087118, 41.436232227723593 ], [ -2.464889372308263, 41.435621586543292 ], [ -2.464730588890883, 41.435400895719063 ], [ -2.463942370192291, 41.434154052014563 ], [ -2.463920786508132, 41.434118451961865 ], [ -2.463197360705283, 41.432787028353431 ], [ -2.46232093304996, 41.431207697430963 ], [ -2.462095702551371, 41.430811172284798 ], [ -2.464296680144721, 41.430103046376274 ], [ -2.464525855178489, 41.430506491911629 ], [ -2.465409627707352, 41.432098960920648 ], [ -2.466116786469936, 41.433400365286587 ] ] ] } },
{ "type": "Feature", "properties": { "corridor_id": "soria_torralba", "segment_index": 44, "segment_id": "soria_torralba_km43_44", "start_m": 43000.0, "end_m": 44000.0, "start_km": 43.0, "end_km": 44.0, "length_m": 1000.0 }, "geometry": { "type": "Polygon", "coordinates": [ [ [ -2.470049218373525, 41.438738899128744 ], [ -2.470664625125317, 41.439527307670524 ], [ -2.471220650589176, 41.440240241622796 ], [ -2.471589338643212, 41.440725309397372 ], [ -2.472257341495929, 41.441650239035951 ], [ -2.472451323109241, 41.441901940028885 ], [ -2.473565426919004, 41.443347638875302 ], [ -2.475190397379419, 41.445429889647095 ], [ -2.475522261029009, 41.445858355194815 ], [ -2.473453653785494, 41.44676540423778 ], [ -2.473123788252159, 41.446339500950629 ], [ -2.471497558732245, 41.444255551711173 ], [ -2.470380250300936, 41.442805634585568 ], [ -2.470169644435354, 41.442532351374922 ], [ -2.469498247342389, 41.441602680983287 ], [ -2.469149135115631, 41.44114334893127 ], [ -2.46860024549389, 41.440439535630176 ], [ -2.467977967329443, 41.439642291427546 ], [ -2.467459920622249, 41.438960657376327 ], [ -2.469538021829422, 41.438066306554163 ], [ -2.470049218373525, 41.438738899128744 ] ] ] } },
{ "type": "Feature", "properties": { "corridor_id": "soria_torralba", "segment_index": 45, "segment_id": "soria_torralba_km44_45", "start_m": 44000.0, "end_m": 45000.0, "start_km": 44.0, "end_km": 45.0, "length_m": 1000.0 }, "geometry": { "type": "Polygon", "coordinates": [ [ [ -2.47709371802156, 41.447887156924267 ], [ -2.478158290294934, 41.449261483285092 ], [ -2.479232204022408, 41.450547322040975 ], [ -2.48035261896345, 41.451762424724308 ], [ -2.481293293396848, 41.452586109607893 ], [ -2.481737584721432, 41.452956120661341 ], [ -2.482002795025656, 41.453175296158712 ], [ -2.480232092171578, 41.454388000759387 ], [ -2.479963798806875, 41.454166272341595 ], [ -2.47949649018606, 41.453777083218625 ], [ -2.478455764997609, 41.452865767309788 ], [ -2.477233780787916, 41.451540469147986 ], [ -2.476109695088484, 41.450194507470798 ], [ -2.475025066166618, 41.448794231760068 ], [ -2.473453653785492, 41.44676540423778 ], [ -2.475522261029012, 41.445858355194815 ], [ -2.47709371802156, 41.447887156924267 ] ] ] } },
{ "type": "Feature", "properties": { "corridor_id": "soria_torralba", "segment_index": 46, "segment_id": "soria_torralba_km45_46", "start_m": 45000.0, "end_m": 46000.0, "start_km": 45.0, "end_km": 46.0, "length_m": 1000.0 }, "geometry": { "type": "Polygon", "coordinates": [ [ [ -2.482127645264366, 41.45327847435879 ], [ -2.483639416305345, 41.45436345340422 ], [ -2.484475023103821, 41.454963122585738 ], [ -2.487641140827801, 41.456675447161189 ], [ -2.490074096641124, 41.457834099705515 ], [ -2.49129436178471, 41.458418181813066 ], [ -2.490008826785084, 41.459938070533056 ], [ -2.488790888314464, 41.459355096529812 ], [ -2.486300643746437, 41.458169148748439 ], [ -2.48294236051421, 41.456352872130772 ], [ -2.481986570824493, 41.455666943131298 ], [ -2.480413738159317, 41.454538119092192 ], [ -2.480232092171574, 41.454388000759387 ], [ -2.48200279502566, 41.453175296158712 ], [ -2.482127645264366, 41.45327847435879 ] ] ] } },
{ "type": "Feature", "properties": { "corridor_id": "soria_torralba", "segment_index": 47, "segment_id": "soria_torralba_km46_47", "start_m": 46000.0, "end_m": 47000.0, "start_km": 46.0, "end_km": 47.0, "length_m": 1000.0 }, "geometry": { "type": "Polygon", "coordinates": [ [ [ -2.492811949595214, 41.459144545307559 ], [ -2.495832704596697, 41.460590395465339 ], [ -2.497807648439307, 41.461539464103922 ], [ -2.498244812435582, 41.461755761985508 ], [ -2.498669761301846, 41.461983667424462 ], [ -2.499100295492323, 41.462242350802512 ], [ -2.499486120893865, 41.462503161883021 ], [ -2.499959265779811, 41.462870745630589 ], [ -2.501167993897462, 41.463809826045967 ], [ -2.499447396332882, 41.465062909126026 ], [ -2.498238705856544, 41.464123838603399 ], [ -2.497823462522006, 41.463801231942774 ], [ -2.497551288127142, 41.463617243808848 ], [ -2.497226222715388, 41.463421927867358 ], [ -2.496891172062853, 41.463242233849385 ], [ -2.496504936382792, 41.463051132023516 ], [ -2.494545280328955, 41.462109400747465 ], [ -2.491526414271834, 41.460664440829753 ], [ -2.490008826785084, 41.459938070533056 ], [ -2.49129436178471, 41.458418181813066 ], [ -2.492811949595214, 41.459144545307559 ] ] ] } },
{ "type": "Feature", "properties": { "corridor_id": "soria_torralba", "segment_index": 48, "segment_id": "soria_torralba_km47_48", "start_m": 47000.0, "end_m": 48000.0, "start_km": 47.0, "end_km": 48.0, "length_m": 1000.0 }, "geometry": { "type": "Polygon", "coordinates": [ [ [ -2.502076391219902, 41.464515548448873 ], [ -2.50647253361262, 41.467930801992601 ], [ -2.508272486071794, 41.469786686283939 ], [ -2.509128182798772, 41.470691322513069 ], [ -2.507176527436394, 41.471735629545663 ], [ -2.506329098242148, 41.470839705372903 ], [ -2.504635849996192, 41.469093790526252 ], [ -2.500355776141596, 41.465768632465256 ], [ -2.499447396332882, 41.465062909126026 ], [ -2.501167993897463, 41.463809826045967 ], [ -2.502076391219902, 41.464515548448873 ] ] ] } },
{ "type": "Feature", "properties": { "corridor_id": "soria_torralba", "segment_index": 49, "segment_id": "soria_torralba_km48_49", "start_m": 48000.0, "end_m": 49000.0, "start_km": 48.0, "end_km": 49.0, "length_m": 1000.0 }, "geometry": { "type": "Polygon", "coordinates": [ [ [ -2.510072427418472, 41.471689534398443 ], [ -2.511868718680257, 41.473588523565226 ], [ -2.516064335089331, 41.478035745556767 ], [ -2.514110710162407, 41.479078201498631 ], [ -2.509916065703007, 41.474631868014917 ], [ -2.508120744929373, 41.472733844472323 ], [ -2.507176527436392, 41.471735629545663 ], [ -2.509128182798773, 41.470691322513069 ], [ -2.510072427418472, 41.471689534398443 ] ] ] } },
{ "type": "Feature", "properties": { "corridor_id": "soria_torralba", "segment_index": 50, "segment_id": "soria_torralba_km49_50", "start_m": 49000.0, "end_m": 50000.0, "start_km": 49.0, "end_km": 50.0, "length_m": 1000.0 }, "geometry": { "type": "Polygon", "coordinates": [ [ [ -2.516988812111888, 41.479015560092719 ], [ -2.51925590551538, 41.481418500989932 ], [ -2.522107994148298, 41.484405136236987 ], [ -2.523014799143999, 41.485377657364339 ], [ -2.521053209071256, 41.486411857137334 ], [ -2.520154190231481, 41.485447655334951 ], [ -2.517306078836512, 41.482465090614809 ], [ -2.515035151866227, 41.480058009850993 ], [ -2.514110710162407, 41.479078201498631 ], [ -2.516064335089331, 41.478035745556767 ], [ -2.516988812111888, 41.479015560092719 ] ] ] } },
{ "type": "Feature", "properties": { "corridor_id": "soria_torralba", "segment_index": 51, "segment_id": "soria_torralba_km50_51", "start_m": 50000.0, "end_m": 51000.0, "start_km": 50.0, "end_km": 51.0, "length_m": 1000.0 }, "geometry": { "type": "Polygon", "coordinates": [ [ [ -2.523590928981385, 41.485995520519559 ], [ -2.524409319967499, 41.486857804198394 ], [ -2.524761402154819, 41.487227145370163 ], [ -2.525414244461892, 41.487912018228982 ], [ -2.526221482860795, 41.488763037457822 ], [ -2.526866538271226, 41.489446867848493 ], [ -2.527390874481864, 41.490015955095082 ], [ -2.527965112601033, 41.490654893791465 ], [ -2.528241724106568, 41.490963942206186 ], [ -2.528497142636427, 41.491222366992567 ], [ -2.528644061907802, 41.49135759773214 ], [ -2.528824636769346, 41.491506576487971 ], [ -2.528991228642701, 41.491633213439755 ], [ -2.529204669096976, 41.491775505895752 ], [ -2.529371987820947, 41.491876288273758 ], [ -2.529615093822248, 41.492008617205641 ], [ -2.529814501194886, 41.492102710413725 ], [ -2.529952341828799, 41.492160921417991 ], [ -2.52877899695721, 41.49373158148326 ], [ -2.528590284165418, 41.493651886147795 ], [ -2.528274290728452, 41.493502778708759 ], [ -2.527919596138748, 41.493309706967651 ], [ -2.527659914516771, 41.493153288748871 ], [ -2.527342954762454, 41.492941980493235 ], [ -2.527086746656801, 41.492747216792992 ], [ -2.526829521680641, 41.492534994964366 ], [ -2.526606841291307, 41.492330025102461 ], [ -2.526285260275373, 41.492004649344182 ], [ -2.525978672057839, 41.491662097506378 ], [ -2.52541351009301, 41.491033236279577 ], [ -2.524904646169496, 41.490480923656364 ], [ -2.52426910150343, 41.489807154126552 ], [ -2.523465339875707, 41.488959773384281 ], [ -2.522814171996316, 41.488276635584008 ], [ -2.522460664369313, 41.4879057874168 ], [ -2.521635055413747, 41.487035871035268 ], [ -2.521053209071257, 41.486411857137334 ], [ -2.523014799143998, 41.485377657364339 ], [ -2.523590928981385, 41.485995520519559 ] ] ] } },
{ "type": "Feature", "properties": { "corridor_id": "soria_torralba", "segment_index": 52, "segment_id": "soria_torralba_km51_52", "start_m": 51000.0, "end_m": 52000.0, "start_km": 51.0, "end_km": 52.0, "length_m": 1000.0 }, "geometry": { "type": "Polygon", "coordinates": [ [ [ -2.530029641981209, 41.492193565661822 ], [ -2.53027925335102, 41.492289980393728 ], [ -2.530533445645585, 41.492371028156676 ], [ -2.531032693093215, 41.492514024508104 ], [ -2.53154516810736, 41.492658464310175 ], [ -2.533462796103629, 41.493193541550639 ], [ -2.534161905948738, 41.493374968532002 ], [ -2.534864252208596, 41.493490926197801 ], [ -2.536059208280438, 41.493610479094997 ], [ -2.537543704246186, 41.493761648033313 ], [ -2.539055206410334, 41.493912278700009 ], [ -2.541102947952024, 41.494116886402587 ], [ -2.540787321307724, 41.495902648194701 ], [ -2.538740173014921, 41.495698099385265 ], [ -2.537225491274452, 41.495547151585477 ], [ -2.535740387231688, 41.49539592052281 ], [ -2.534448542006527, 41.495266673260026 ], [ -2.53351188526964, 41.495112030373271 ], [ -2.532654993270869, 41.494889656851043 ], [ -2.530707820936678, 41.494346333985114 ], [ -2.530185695843897, 41.494199173751639 ], [ -2.529638942772766, 41.494042569922442 ], [ -2.529262733812299, 41.493922617177439 ], [ -2.528895144108835, 41.493780631358419 ], [ -2.528778996957155, 41.493731581483225 ], [ -2.529952341828854, 41.492160921418012 ], [ -2.530029641981209, 41.492193565661822 ] ] ] } },
{ "type": "Feature", "properties": { "corridor_id": "soria_torralba", "segment_index": 53, "segment_id": "soria_torralba_km52_53", "start_m": 52000.0, "end_m": 53000.0, "start_km": 52.0, "end_km": 53.0, "length_m": 1000.0 }, "geometry": { "type": "Polygon", "coordinates": [ [ [ -2.542964737864793, 41.494302881375198 ], [ -2.546793938063069, 41.494688541528923 ], [ -2.55297873676027, 41.495311584538392 ], [ -2.552660613906984, 41.49709709782676 ], [ -2.546475805220522, 41.496474052829861 ], [ -2.542647857674996, 41.496088518245713 ], [ -2.54078732130773, 41.495902648194701 ], [ -2.541102947952018, 41.494116886402587 ], [ -2.542964737864793, 41.494302881375198 ] ] ] } },
{ "type": "Feature", "properties": { "corridor_id": "soria_torralba", "segment_index": 54, "segment_id": "soria_torralba_km53_54", "start_m": 53000.0, "end_m": 54000.0, "start_km": 53.0, "end_km": 54.0, "length_m": 1000.0 }, "geometry": { "type": "Polygon", "coordinates": [ [ [ -2.55949926664145, 41.495968075551772 ], [ -2.563827589540961, 41.496422599253847 ], [ -2.564846967949594, 41.496523028598425 ], [ -2.564535646534117, 41.498309221236745 ], [ -2.563506205942806, 41.498207800361541 ], [ -2.559174528796267, 41.49775292405856 ], [ -2.552660613906983, 41.49709709782676 ], [ -2.552978736760271, 41.495311584538392 ], [ -2.55949926664145, 41.495968075551772 ] ] ] } },
{ "type": "Feature", "properties": { "corridor_id": "soria_torralba", "segment_index": 55, "segment_id": "soria_torralba_km54_55", "start_m": 54000.0, "end_m": 55000.0, "start_km": 54.0, "end_km": 55.0, "length_m": 1000.0 }, "geometry": { "type": "Polygon", "coordinates": [ [ [ -2.567142257783285, 41.496749126778447 ], [ -2.56816343692054, 41.496855401829102 ], [ -2.568732666879997, 41.496925457471576 ], [ -2.5692795954687, 41.497014185085774 ], [ -2.570133848675172, 41.497240805955698 ], [ -2.570995980592727, 41.497575388290961 ], [ -2.571577087110438, 41.497867618918512 ], [ -2.572107755480042, 41.498183808609816 ], [ -2.575345897602817, 41.500395168769529 ], [ -2.575703649394335, 41.500578488138402 ], [ -2.574354003186307, 41.502067045140805 ], [ -2.573858286148226, 41.501813026255803 ], [ -2.570556228103853, 41.499557985997193 ], [ -2.570164497027478, 41.4993245765761 ], [ -2.569776404778862, 41.499129408301158 ], [ -2.569181139105741, 41.498898391893597 ], [ -2.568625595704145, 41.498751013811308 ], [ -2.568286126940428, 41.498695941929405 ], [ -2.567805558074472, 41.498636797730853 ], [ -2.566822337720924, 41.498534472839239 ], [ -2.564535646534122, 41.498309221236745 ], [ -2.56484696794959, 41.496523028598425 ], [ -2.567142257783285, 41.496749126778447 ] ] ] } },
{ "type": "Feature", "properties": { "corridor_id": "soria_torralba", "segment_index": 56, "segment_id": "soria_torralba_km55_56", "start_m": 55000.0, "end_m": 56000.0, "start_km": 55.0, "end_km": 56.0, "length_m": 1000.0 }, "geometry": { "type": "Polygon", "coordinates": [ [ [ -2.577179269616533, 41.501334603583587 ], [ -2.582308478615063, 41.503535214927197 ], [ -2.583115304591079, 41.504029761120293 ], [ -2.584379421922363, 41.505081537636457 ], [ -2.585215947511316, 41.506464930719773 ], [ -2.583034261847922, 41.507210385371927 ], [ -2.582351762518154, 41.506081653310623 ], [ -2.58145947872304, 41.505339232767724 ], [ -2.580948105748316, 41.505025780880736 ], [ -2.575908515391554, 41.502863592734087 ], [ -2.574354003186317, 41.502067045140819 ], [ -2.575703649394325, 41.500578488138395 ], [ -2.577179269616533, 41.501334603583587 ] ] ] } },
{ "type": "Feature", "properties": { "corridor_id": "soria_torralba", "segment_index": 57, "segment_id": "soria_torralba_km56_57", "start_m": 56000.0, "end_m": 57000.0, "start_km": 56.0, "end_km": 57.0, "length_m": 1000.0 }, "geometry": { "type": "Polygon", "coordinates": [ [ [ -2.586265928093537, 41.508201230410222 ], [ -2.587318282449912, 41.50949712943801 ], [ -2.58837767384854, 41.510373035350703 ], [ -2.590116561714003, 41.511286271353008 ], [ -2.591148935273013, 41.511587232428219 ], [ -2.592318273958277, 41.511865714974853 ], [ -2.592686106071628, 41.511952368833889 ], [ -2.591969308356587, 41.513671376460906 ], [ -2.591597916434992, 41.513583883725424 ], [ -2.59035285423333, 41.513287366020926 ], [ -2.588980624233794, 41.512887325666568 ], [ -2.586784909456331, 41.511734158977454 ], [ -2.585391501494051, 41.510582062366673 ], [ -2.584144458168996, 41.509046359711796 ], [ -2.583034261847924, 41.507210385371927 ], [ -2.585215947511315, 41.506464930719773 ], [ -2.586265928093537, 41.508201230410222 ] ] ] } },
{ "type": "Feature", "properties": { "corridor_id": "soria_torralba", "segment_index": 58, "segment_id": "soria_torralba_km57_58", "start_m": 57000.0, "end_m": 58000.0, "start_km": 57.0, "end_km": 58.0, "length_m": 1000.0 }, "geometry": { "type": "Polygon", "coordinates": [ [ [ -2.597578154516916, 41.513104703468663 ], [ -2.599963692627274, 41.513432300036186 ], [ -2.601422077378151, 41.513494707973095 ], [ -2.602927697649822, 41.513518516739161 ], [ -2.603820248116458, 41.51340790555215 ], [ -2.604210176064703, 41.515185367618145 ], [ -2.603098904630228, 41.515323083065944 ], [ -2.601328721230496, 41.515295091861177 ], [ -2.599679103351474, 41.515224499630506 ], [ -2.597002237629229, 41.51485689564192 ], [ -2.591969308356571, 41.513671376460906 ], [ -2.592686106071644, 41.511952368833889 ], [ -2.597578154516916, 41.513104703468663 ] ] ] } },
{ "type": "Feature", "properties": { "corridor_id": "soria_torralba", "segment_index": 59, "segment_id": "soria_torralba_km58_59", "start_m": 58000.0, "end_m": 59000.0, "start_km": 58.0, "end_km": 59.0, "length_m": 1000.0 }, "geometry": { "type": "Polygon", "coordinates": [ [ [ -2.609086018372026, 41.51275518510505 ], [ -2.609469375714392, 41.512708431613468 ], [ -2.609916500193131, 41.512663256055689 ], [ -2.610301856023127, 41.512641604096657 ], [ -2.610698290941123, 41.512635966420973 ], [ -2.611168111898246, 41.512648479200159 ], [ -2.611482443438186, 41.512672420005607 ], [ -2.611747736053421, 41.512700032795443 ], [ -2.612030724401095, 41.512735302037001 ], [ -2.612338682104478, 41.51278573895064 ], [ -2.61275475250362, 41.512874403740632 ], [ -2.613050065395037, 41.512950387863 ], [ -2.613323870850927, 41.513025554508971 ], [ -2.613595852723187, 41.513110619631021 ], [ -2.613887400076637, 41.513217085967803 ], [ -2.614150451866782, 41.513321683985097 ], [ -2.6144208919757, 41.513441853382439 ], [ -2.614675563141469, 41.513561332829966 ], [ -2.615000926243355, 41.51374320265181 ], [ -2.615256469769066, 41.513898844194735 ], [ -2.615491372712099, 41.514057930624304 ], [ -2.615895966745329, 41.514336523043639 ], [ -2.616118440505569, 41.51449461551281 ], [ -2.614471804294469, 41.515803640587599 ], [ -2.614263016675197, 41.515655271013209 ], [ -2.613879610740436, 41.515391263580369 ], [ -2.61369871379354, 41.515268750378169 ], [ -2.613530657630019, 41.515166392491828 ], [ -2.613323621328639, 41.515050663033762 ], [ -2.613176293233313, 41.514981543083699 ], [ -2.612979533914346, 41.51489411286596 ], [ -2.612802986457793, 41.514823911305832 ], [ -2.61261093475929, 41.514753778089094 ], [ -2.612451917815988, 41.51470404366713 ], [ -2.612250724083167, 41.514648810577455 ], [ -2.612039237947158, 41.514594394976832 ], [ -2.61175610997314, 41.514534060144712 ], [ -2.61157926936147, 41.514505097357052 ], [ -2.611387258914297, 41.514481166762657 ], [ -2.611197152541226, 41.514461379661171 ], [ -2.611004685745239, 41.514446720591266 ], [ -2.610678508688631, 41.51443803343566 ], [ -2.610413945434098, 41.514441795741732 ], [ -2.610165703150373, 41.514455743684394 ], [ -2.609821029016345, 41.514490568000483 ], [ -2.609472986831026, 41.514533014454905 ], [ -2.604210176064697, 41.515185367618145 ], [ -2.603820248116463, 41.51340790555215 ], [ -2.609086018372026, 41.51275518510505 ] ] ] } },
{ "type": "Feature", "properties": { "corridor_id": "soria_torralba", "segment_index": 60, "segment_id": "soria_torralba_km59_60", "start_m": 59000.0, "end_m": 60000.0, "start_km": 59.0, "end_km": 60.0, "length_m": 1000.0 }, "geometry": { "type": "Polygon", "coordinates": [ [ [ -2.62645272480981, 41.516524009248194 ], [ -2.626471199755694, 41.51652678954607 ], [ -2.626373098147853, 41.516971078968496 ], [ -2.626113207971997, 41.516938662361056 ], [ -2.625886829185195, 41.516916283612076 ], [ -2.62556951789926, 41.516901893971045 ], [ -2.625294986879451, 41.516898563445814 ], [ -2.625026060078401, 41.516910566268521 ], [ -2.624774131556619, 41.516930964679375 ], [ -2.624573800974203, 41.516955722868573 ], [ -2.624223467380909, 41.517009726834921 ], [ -2.62108041660074, 41.517519756641022 ], [ -2.620698635435684, 41.517563878428426 ], [ -2.620361391520695, 41.517588895429185 ], [ -2.619973568356301, 41.517604282305797 ], [ -2.619609109654526, 41.517600238368153 ], [ -2.61923979133395, 41.517579615331194 ], [ -2.618957168695118, 41.51755586943073 ], [ -2.618601952843175, 41.517517967047802 ], [ -2.618228802859004, 41.517459788370623 ], [ -2.61789498555251, 41.517393948504171 ], [ -2.617596149052074, 41.517325919576834 ], [ -2.617350383594564, 41.517257952277589 ], [ -2.617022168225205, 41.51716051488031 ], [ -2.616669984131699, 41.517042342663842 ], [ -2.616248881466605, 41.516871377998676 ], [ -2.615855428315863, 41.516688539979413 ], [ -2.615566037408724, 41.516532446402898 ], [ -2.615266104617451, 41.516354461824925 ], [ -2.615019104744071, 41.516194368057377 ], [ -2.614605241738913, 41.515898463936573 ], [ -2.614471804294459, 41.515803640587592 ], [ -2.616118440505578, 41.514494615512817 ], [ -2.616254541664731, 41.514591330004897 ], [ -2.616628678702826, 41.514858826162531 ], [ -2.616792079043657, 41.514964732959349 ], [ -2.617008146588733, 41.515092948917861 ], [ -2.617185956291161, 41.515188856008834 ], [ -2.617449704069604, 41.515311418699341 ], [ -2.617729602621703, 41.515425054725391 ], [ -2.617951419829617, 41.515499483071928 ], [ -2.618204605268645, 41.515574645965778 ], [ -2.618358040852622, 41.515617078991603 ], [ -2.618546805669097, 41.515660050404421 ], [ -2.618776789657784, 41.515705410811201 ], [ -2.619014241434477, 41.515742432421561 ], [ -2.619258827064459, 41.515768530214807 ], [ -2.619461805508456, 41.515785584408604 ], [ -2.619715688775244, 41.51579976145981 ], [ -2.619928032181676, 41.515802117551004 ], [ -2.620180410889555, 41.515792104369702 ], [ -2.620398568602881, 41.515775921254139 ], [ -2.620644989251342, 41.515747442835192 ], [ -2.623729739232889, 41.515246872527975 ], [ -2.624138404876617, 41.51518387660753 ], [ -2.624451072794117, 41.515145234973517 ], [ -2.624826542587855, 41.515114833516087 ], [ -2.625243213746383, 41.515096236409988 ], [ -2.625661080739947, 41.515101305864327 ], [ -2.626115567565478, 41.51512191612089 ], [ -2.626465787104149, 41.515156537210359 ], [ -2.62680471209648, 41.51519881192683 ], [ -2.626863734319106, 41.515209234905811 ], [ -2.62645272480981, 41.516524009248194 ] ] ] } },
{ "type": "Feature", "properties": { "corridor_id": "soria_torralba", "segment_index": 61, "segment_id": "soria_torralba_km60_61", "start_m": 60000.0, "end_m": 61000.0, "start_km": 60.0, "end_km": 61.0, "length_m": 1000.0 }, "geometry": { "type": "Polygon", "coordinates": [ [ [ -2.627209396466334, 41.515270276142523 ], [ -2.627620765779545, 41.51535904890742 ], [ -2.628011689874603, 41.515462434618328 ], [ -2.628334035743141, 41.515567321818573 ], [ -2.628695277251891, 41.515696426502323 ], [ -2.629005848223875, 41.515822412384445 ], [ -2.629343339751537, 41.51597805625876 ], [ -2.629682809588553, 41.516155787556791 ], [ -2.629996857950455, 41.516339858884336 ], [ -2.630325728779843, 41.516555648849518 ], [ -2.630640940854754, 41.516789740610577 ], [ -2.630953633831946, 41.517061732514819 ], [ -2.63120821213526, 41.517307227769763 ], [ -2.631451810805051, 41.517566286925266 ], [ -2.631655049017903, 41.517818085942359 ], [ -2.63184657798924, 41.518085887728567 ], [ -2.632064224564108, 41.518434776600529 ], [ -2.634363388185571, 41.522694357603399 ], [ -2.632142096340085, 41.523371537352766 ], [ -2.629866963296684, 41.519156212831632 ], [ -2.62970420871827, 41.518895302210815 ], [ -2.629573336700747, 41.518712304543662 ], [ -2.629445973974887, 41.518554504223417 ], [ -2.629283171976342, 41.518381364058847 ], [ -2.629100349877468, 41.518205059894832 ], [ -2.628889042546241, 41.518021252583239 ], [ -2.628693654626419, 41.517876145215865 ], [ -2.628470525704943, 41.517729735899884 ], [ -2.628259774499124, 41.517606207883986 ], [ -2.62803044497343, 41.517486139832307 ], [ -2.627808937345332, 41.517383984335694 ], [ -2.627610709278949, 41.517303570772675 ], [ -2.62734295168301, 41.517207875877219 ], [ -2.627136698755961, 41.517140763547928 ], [ -2.626891624511007, 41.517075949768596 ], [ -2.626604195332023, 41.517013922895217 ], [ -2.626315506693749, 41.516962942561449 ], [ -2.626863734319284, 41.515209234905839 ], [ -2.627209396466334, 41.515270276142523 ] ] ] } },
{ "type": "Feature", "properties": { "corridor_id": "soria_torralba", "segment_index": 62, "segment_id": "soria_torralba_km61_62", "start_m": 61000.0, "end_m": 62000.0, "start_km": 61.0, "end_km": 62.0, "length_m": 1000.0 }, "geometry": { "type": "Polygon", "coordinates": [ [ [ -2.634549271353819, 41.523038710562702 ], [ -2.637158067711141, 41.527848230359922 ], [ -2.637482789715214, 41.528445336882605 ], [ -2.63776766158211, 41.52901537337852 ], [ -2.637982182583087, 41.529479886451554 ], [ -2.638131885265502, 41.529846001888579 ], [ -2.638280698907763, 41.530244104938561 ], [ -2.638492747780257, 41.530903834244093 ], [ -2.638556137280829, 41.53114359553966 ], [ -2.638594595254101, 41.531296664423536 ], [ -2.636238793036547, 41.531630838126148 ], [ -2.636202456592768, 41.531486192387057 ], [ -2.636150845319832, 41.531290953798369 ], [ -2.63596069303882, 41.530699283318668 ], [ -2.635831705809065, 41.530354186562029 ], [ -2.63570320766203, 41.530039902204408 ], [ -2.635512727860186, 41.529627415508529 ], [ -2.635250599049789, 41.529102852221023 ], [ -2.634938718393847, 41.528529322377686 ], [ -2.632328717111297, 41.523717278650992 ], [ -2.632142096340084, 41.523371537352766 ], [ -2.634363388185572, 41.522694357603413 ], [ -2.634549271353819, 41.523038710562702 ] ] ] } },
{ "type": "Feature", "properties": { "corridor_id": "soria_torralba", "segment_index": 63, "segment_id": "soria_torralba_km62_63", "start_m": 62000.0, "end_m": 63000.0, "start_km": 62.0, "end_km": 63.0, "length_m": 1000.0 }, "geometry": { "type": "Polygon", "coordinates": [ [ [ -2.638657172110543, 41.531545728763497 ], [ -2.638755551102733, 41.532001516444417 ], [ -2.638836921001262, 41.532550932143636 ], [ -2.638889450039326, 41.532946116074321 ], [ -2.638935507260961, 41.533505591341033 ], [ -2.638952010231411, 41.533995450202227 ], [ -2.638940720679161, 41.534495261317304 ], [ -2.638907894186541, 41.53506415408814 ], [ -2.638850047781498, 41.535581328249094 ], [ -2.63875406296867, 41.53618898680088 ], [ -2.638679653308573, 41.536554653273328 ], [ -2.638397713619821, 41.537779242966195 ], [ -2.637756079120654, 41.540539936633429 ], [ -2.635394086963496, 41.540230020173652 ], [ -2.63603549207702, 41.537470744921343 ], [ -2.636313152056485, 41.536264934569388 ], [ -2.636377941552993, 41.535946600940342 ], [ -2.636464355643766, 41.535399659389803 ], [ -2.636514708012659, 41.534949633468841 ], [ -2.636544080412741, 41.534440926199693 ], [ -2.636553989719549, 41.534002937295945 ], [ -2.636539891381484, 41.533583996176667 ], [ -2.636499347377081, 41.533091271495231 ], [ -2.636452675613641, 41.53274005548284 ], [ -2.63637944451959, 41.532245471261255 ], [ -2.636295622311901, 41.531857059085681 ], [ -2.636238793036549, 41.531630838126148 ], [ -2.6385945952541, 41.531296664423536 ], [ -2.638657172110543, 41.531545728763497 ] ] ] } },
{ "type": "Feature", "properties": { "corridor_id": "soria_torralba", "segment_index": 64, "segment_id": "soria_torralba_km63_64", "start_m": 63000.0, "end_m": 64000.0, "start_km": 63.0, "end_km": 64.0, "length_m": 1000.0 }, "geometry": { "type": "Polygon", "coordinates": [ [ [ -2.637517519608216, 41.541566299624165 ], [ -2.637475527490316, 41.542163632044129 ], [ -2.63766918594123, 41.543431732454685 ], [ -2.638472029494547, 41.549187197149372 ], [ -2.638457348526564, 41.549384996082878 ], [ -2.63606299735401, 41.5492846846658 ], [ -2.636066969779976, 41.549231190271698 ], [ -2.635285610537571, 41.543628255177445 ], [ -2.635070471571029, 41.542219155376429 ], [ -2.635130684215598, 41.541363088003855 ], [ -2.635394086963496, 41.540230020173652 ], [ -2.637756079120654, 41.540539936633429 ], [ -2.637517519608216, 41.541566299624165 ] ] ] } },
{ "type": "Feature", "properties": { "corridor_id": "soria_torralba", "segment_index": 65, "segment_id": "soria_torralba_km64_65", "start_m": 64000.0, "end_m": 65000.0, "start_km": 64.0, "end_km": 65.0, "length_m": 1000.0 }, "geometry": { "type": "Polygon", "coordinates": [ [ [ -2.63841832757211, 41.549910725201464 ], [ -2.638445827925302, 41.550693909795562 ], [ -2.636577119342598, 41.558377216362985 ], [ -2.634217780274479, 41.558053420120189 ], [ -2.636041974750306, 41.550554277650996 ], [ -2.636018473006667, 41.549884262279271 ], [ -2.63606299735401, 41.5492846846658 ], [ -2.638457348526564, 41.549384996082878 ], [ -2.63841832757211, 41.549910725201464 ] ] ] } },
{ "type": "Feature", "properties": { "corridor_id": "soria_torralba", "segment_index": 66, "segment_id": "soria_torralba_km65_66", "start_m": 65000.0, "end_m": 66000.0, "start_km": 65.0, "end_km": 66.0, "length_m": 1000.0 }, "geometry": { "type": "Polygon", "coordinates": [ [ [ -2.636381419444664, 41.559181738930725 ], [ -2.636449035268738, 41.559890330866587 ], [ -2.636497866498873, 41.561205063416438 ], [ -2.63675653066828, 41.562124333673133 ], [ -2.638427095385294, 41.564983908261269 ], [ -2.638703596483181, 41.565724743522416 ], [ -2.638954251624077, 41.56640871037677 ], [ -2.638954260137363, 41.566868006433587 ], [ -2.636555539975475, 41.56686800645587 ], [ -2.636555543962734, 41.566652077092442 ], [ -2.636392395002869, 41.566206844818922 ], [ -2.636162894071399, 41.565591880533518 ], [ -2.634460859602834, 41.562678254815602 ], [ -2.634106329661363, 41.561418124130554 ], [ -2.634052963167207, 41.559979856644084 ], [ -2.633967382489839, 41.559082648406218 ], [ -2.634217780274478, 41.558053420120189 ], [ -2.636577119342599, 41.558377216362985 ], [ -2.636381419444664, 41.559181738930725 ] ] ] } },
{ "type": "Feature", "properties": { "corridor_id": "soria_torralba", "segment_index": 67, "segment_id": "soria_torralba_km66_67", "start_m": 66000.0, "end_m": 67000.0, "start_km": 66.0, "end_km": 67.0, "length_m": 1000.0 }, "geometry": { "type": "Polygon", "coordinates": [ [ [ -2.638954273320069, 41.567581681226407 ], [ -2.638719313167557, 41.568614600257142 ], [ -2.637442487252784, 41.571690512753165 ], [ -2.637172088862049, 41.572904407057528 ], [ -2.637349530943753, 41.57504275120607 ], [ -2.637439019607657, 41.575575476433919 ], [ -2.635058830319932, 41.575800899259313 ], [ -2.634959866031863, 41.575211636363747 ], [ -2.634760712973025, 41.572810580306232 ], [ -2.635103520378163, 41.571271875374705 ], [ -2.636381694511399, 41.568192987884608 ], [ -2.636555529593989, 41.567428906273413 ], [ -2.636555539975475, 41.56686800645587 ], [ -2.638954260137363, 41.566868006433587 ], [ -2.638954273320069, 41.567581681226407 ] ] ] } },
{ "type": "Feature", "properties": { "corridor_id": "soria_torralba", "segment_index": 68, "segment_id": "soria_torralba_km67_68", "start_m": 67000.0, "end_m": 68000.0, "start_km": 67.0, "end_km": 68.0, "length_m": 1000.0 }, "geometry": { "type": "Polygon", "coordinates": [ [ [ -2.638940399160153, 41.5845118805601 ], [ -2.636559886486614, 41.584737332814072 ], [ -2.635058830319932, 41.575800899259313 ], [ -2.637439019607657, 41.575575476433919 ], [ -2.638940399160153, 41.5845118805601 ] ] ] } },
{ "type": "Feature", "properties": { "corridor_id": "soria_torralba", "segment_index": 69, "segment_id": "soria_torralba_km68_69", "start_m": 68000.0, "end_m": 69000.0, "start_km": 68.0, "end_km": 69.0, "length_m": 1000.0 }, "geometry": { "type": "Polygon", "coordinates": [ [ [ -2.639047506448287, 41.585149303497857 ], [ -2.640018802570643, 41.591017645231744 ], [ -2.640408294553227, 41.593410554486908 ], [ -2.640415417693378, 41.59345431440078 ], [ -2.638033423151886, 41.593672793713267 ], [ -2.638026301557738, 41.593629033408533 ], [ -2.637637193467043, 41.591237942416328 ], [ -2.636666689527746, 41.58537308415832 ], [ -2.636559886486614, 41.584737332814065 ], [ -2.638940399160153, 41.584511880560107 ], [ -2.639047506448287, 41.585149303497857 ] ] ] } },
{ "type": "Feature", "properties": { "corridor_id": "soria_torralba", "segment_index": 70, "segment_id": "soria_torralba_km69_70", "start_m": 69000.0, "end_m": 70000.0, "start_km": 69.0, "end_km": 70.0, "length_m": 1000.0 }, "geometry": { "type": "Polygon", "coordinates": [ [ [ -2.640757041163841, 41.595552956770419 ], [ -2.641097378643907, 41.597945550762283 ], [ -2.641160592319484, 41.59841242539634 ], [ -2.641187383274092, 41.598787633419981 ], [ -2.641181849030612, 41.599096787841809 ], [ -2.641157225150927, 41.599390245936171 ], [ -2.641098879115158, 41.599710019271988 ], [ -2.641006864979175, 41.600062158968008 ], [ -2.640912173816365, 41.600336900582242 ], [ -2.64074182539066, 41.600734156835777 ], [ -2.64052445975056, 41.601113463866092 ], [ -2.640284296131625, 41.60146486115881 ], [ -2.640090415110049, 41.601718602479707 ], [ -2.63979752154621, 41.602041901817771 ], [ -2.639478574823425, 41.602339325708648 ], [ -2.639008198663834, 41.602744849218219 ], [ -2.637198094425368, 41.601561947646964 ], [ -2.637638041625903, 41.601182666932473 ], [ -2.637867294467786, 41.600968890094194 ], [ -2.638054199955667, 41.600762588524539 ], [ -2.638174517918288, 41.600605129185745 ], [ -2.638351953184314, 41.600345525896316 ], [ -2.638492185674105, 41.60010083218561 ], [ -2.638606235194205, 41.599834887879709 ], [ -2.638665542317749, 41.599662829133528 ], [ -2.638730526377218, 41.599414168548634 ], [ -2.638767578239685, 41.599211141658202 ], [ -2.63878295233153, 41.599027999649337 ], [ -2.638786616145235, 41.598823754044076 ], [ -2.638767205194115, 41.598551762136282 ], [ -2.638710418003422, 41.598132236833017 ], [ -2.638372755152643, 41.59575783085112 ], [ -2.638033423151886, 41.593672793713267 ], [ -2.640415417693378, 41.59345431440078 ], [ -2.640757041163841, 41.595552956770419 ] ] ] } },
{ "type": "Feature", "properties": { "corridor_id": "soria_torralba", "segment_index": 71, "segment_id": "soria_torralba_km70_71", "start_m": 70000.0, "end_m": 71000.0, "start_km": 70.0, "end_km": 71.0, "length_m": 1000.0 }, "geometry": { "type": "Polygon", "coordinates": [ [ [ -2.635794348722741, 41.605515403898522 ], [ -2.633933122522156, 41.607120407804238 ], [ -2.633544675543289, 41.607453465056835 ], [ -2.633204952488948, 41.607753924567596 ], [ -2.63297871220809, 41.607972535906363 ], [ -2.63283237441867, 41.608127131085368 ], [ -2.632709048839689, 41.608269493381819 ], [ -2.632578049280803, 41.608441465163416 ], [ -2.632471766835144, 41.608591295567898 ], [ -2.632161326479355, 41.609072985846211 ], [ -2.631828758701442, 41.609599967615679 ], [ -2.629659497887046, 41.608828846049029 ], [ -2.629996286579791, 41.608295203987282 ], [ -2.630331246701473, 41.607775494494476 ], [ -2.630476364894182, 41.607570925255821 ], [ -2.630659366058997, 41.607330697504452 ], [ -2.630847041143884, 41.60711406036193 ], [ -2.631051703807601, 41.606897856033427 ], [ -2.631341263873939, 41.606618067889656 ], [ -2.631726540980108, 41.60627732776171 ], [ -2.632124894028418, 41.605935785091603 ], [ -2.633983988478879, 41.604332657401052 ], [ -2.637198094425366, 41.601561947646964 ], [ -2.639008198663835, 41.602744849218219 ], [ -2.635794348722741, 41.605515403898522 ] ] ] } },
{ "type": "Feature", "properties": { "corridor_id": "soria_torralba", "segment_index": 72, "segment_id": "soria_torralba_km71_72", "start_m": 71000.0, "end_m": 72000.0, "start_km": 71.0, "end_km": 72.0, "length_m": 1000.0 }, "geometry": { "type": "Polygon", "coordinates": [ [ [ -2.630304368068603, 41.612015370028907 ], [ -2.629883408560983, 41.612681692814682 ], [ -2.629662679973075, 41.612996012080821 ], [ -2.629485840413961, 41.613215956618092 ], [ -2.629282136450579, 41.613436824142703 ], [ -2.629053083953368, 41.613687764646038 ], [ -2.62881001479864, 41.613913809666187 ], [ -2.628515939953779, 41.614164019404065 ], [ -2.627839668842725, 41.614743858464927 ], [ -2.624961440598565, 41.617197897483543 ], [ -2.62315947908454, 41.61600767487792 ], [ -2.626035547726006, 41.613555534463735 ], [ -2.626712676616676, 41.612974973531159 ], [ -2.626975001683948, 41.612751783020201 ], [ -2.62712593209159, 41.612611427292997 ], [ -2.627305079180527, 41.612415167375865 ], [ -2.62746937486738, 41.612237034560472 ], [ -2.627571534382439, 41.612109978434333 ], [ -2.627736204861678, 41.611875497185807 ], [ -2.628135142359036, 41.611244065366648 ], [ -2.629659497887042, 41.608828846049043 ], [ -2.631828758701444, 41.609599967615672 ], [ -2.630304368068603, 41.612015370028907 ] ] ] } },
{ "type": "Feature", "properties": { "corridor_id": "soria_torralba", "segment_index": 73, "segment_id": "soria_torralba_km72_73", "start_m": 72000.0, "end_m": 73000.0, "start_km": 72.0, "end_km": 73.0, "length_m": 1000.0 }, "geometry": { "type": "Polygon", "coordinates": [ [ [ -2.624743406708408, 41.617383787244393 ], [ -2.624639374152939, 41.617477517722733 ], [ -2.619698441440277, 41.621688878004228 ], [ -2.619061728857281, 41.622234859369691 ], [ -2.618914137212699, 41.622375348737158 ], [ -2.618798100540835, 41.622497701676664 ], [ -2.618679115163947, 41.62262978339804 ], [ -2.61858210350623, 41.622751983911236 ], [ -2.61842862901371, 41.622973775973861 ], [ -2.618317449038952, 41.62315876231748 ], [ -2.618156825993379, 41.623474943972809 ], [ -2.617928311536909, 41.623973578249952 ], [ -2.615657978889978, 41.623387769327138 ], [ -2.615899384785064, 41.622861044973575 ], [ -2.616099562879504, 41.622467027014302 ], [ -2.616267384167053, 41.622187813896645 ], [ -2.616483710756147, 41.621875206539507 ], [ -2.61665170000817, 41.621663607686266 ], [ -2.616825315140444, 41.621470889879795 ], [ -2.616992278855162, 41.621294843247362 ], [ -2.617214487591922, 41.621083333221165 ], [ -2.61789417513466, 41.620500514924608 ], [ -2.622815842365769, 41.616305675054775 ], [ -2.62291980980998, 41.616212005532589 ], [ -2.623159479084546, 41.616007674877913 ], [ -2.624961440598559, 41.61719789748355 ], [ -2.624743406708408, 41.617383787244393 ] ] ] } },
{ "type": "Feature", "properties": { "corridor_id": "soria_torralba", "segment_index": 74, "segment_id": "soria_torralba_km73_74", "start_m": 73000.0, "end_m": 74000.0, "start_km": 73.0, "end_km": 74.0, "length_m": 1000.0 }, "geometry": { "type": "Polygon", "coordinates": [ [ [ -2.614024295604649, 41.632491135241011 ], [ -2.611753700624406, 41.631905248954382 ], [ -2.615657978889978, 41.623387769327138 ], [ -2.617928311536909, 41.623973578249952 ], [ -2.614024295604649, 41.632491135241011 ] ] ] } },
{ "type": "Feature", "properties": { "corridor_id": "soria_torralba", "segment_index": 75, "segment_id": "soria_torralba_km74_75", "start_m": 74000.0, "end_m": 75000.0, "start_km": 74.0, "end_km": 75.0, "length_m": 1000.0 }, "geometry": { "type": "Polygon", "coordinates": [ [ [ -2.613890232949101, 41.632783582652365 ], [ -2.611806804991003, 41.637330007966 ], [ -2.611352182446899, 41.638329915241336 ], [ -2.610627807115938, 41.639880747268201 ], [ -2.610426848770749, 41.64031624103886 ], [ -2.61008410568434, 41.641018165029664 ], [ -2.607829174607739, 41.640398558413473 ], [ -2.608164561874702, 41.639711747859906 ], [ -2.608360003345799, 41.639288241576047 ], [ -2.609082627954634, 41.637741273585576 ], [ -2.609535005332591, 41.636746380838638 ], [ -2.611619551631624, 41.632197862405469 ], [ -2.611753700624406, 41.631905248954382 ], [ -2.614024295604649, 41.632491135241011 ], [ -2.613890232949101, 41.632783582652365 ] ] ] } },
{ "type": "Feature", "properties": { "corridor_id": "soria_torralba", "segment_index": 76, "segment_id": "soria_torralba_km75_76", "start_m": 75000.0, "end_m": 76000.0, "start_km": 75.0, "end_km": 76.0, "length_m": 1000.0 }, "geometry": { "type": "Polygon", "coordinates": [ [ [ -2.609411801894231, 41.642394968164481 ], [ -2.609289351401319, 41.642672967012061 ], [ -2.608080856403729, 41.645308739187932 ], [ -2.607421080667021, 41.646431887088411 ], [ -2.606143258993805, 41.647891256344984 ], [ -2.605354266604285, 41.648562619706112 ], [ -2.604505052084794, 41.649205391932163 ], [ -2.60428082390226, 41.649330822743636 ], [ -2.602844959003567, 41.647886779984113 ], [ -2.602925364557056, 41.6478418026323 ], [ -2.603598950104876, 41.647331973599528 ], [ -2.604229157245289, 41.64679573570487 ], [ -2.605303933521836, 41.645568303191801 ], [ -2.605842555041745, 41.644651449946231 ], [ -2.607013658800647, 41.642097421753981 ], [ -2.607143608571202, 41.64180242067593 ], [ -2.60782917460774, 41.640398558413459 ], [ -2.610084105684339, 41.641018165029671 ], [ -2.609411801894231, 41.642394968164481 ] ] ] } },
{ "type": "Feature", "properties": { "corridor_id": "soria_torralba", "segment_index": 77, "segment_id": "soria_torralba_km76_77", "start_m": 76000.0, "end_m": 77000.0, "start_km": 76.0, "end_km": 77.0, "length_m": 1000.0 }, "geometry": { "type": "Polygon", "coordinates": [ [ [ -2.603004442896963, 41.650044798715001 ], [ -2.60137167641681, 41.650756170213157 ], [ -2.597669178970297, 41.651861212057163 ], [ -2.596194116326378, 41.652295861962919 ], [ -2.595524601661836, 41.652539946607739 ], [ -2.595085984935834, 41.652746738575914 ], [ -2.594746446305366, 41.65295639111789 ], [ -2.594260420676854, 41.653311623385918 ], [ -2.594064546946653, 41.653485493149461 ], [ -2.592229856224732, 41.652322867398915 ], [ -2.592500796057724, 41.652082369888944 ], [ -2.593142170342681, 41.65161360328046 ], [ -2.593677830973494, 41.65128285708937 ], [ -2.594357012526828, 41.650962650382539 ], [ -2.595228495933858, 41.650644935945415 ], [ -2.596786032397956, 41.650185986175138 ], [ -2.600318736749136, 41.649131627318845 ], [ -2.601678972497564, 41.64853899743288 ], [ -2.602844959003569, 41.647886779984113 ], [ -2.604280823902259, 41.649330822743636 ], [ -2.603004442896963, 41.650044798715001 ] ] ] } },
{ "type": "Feature", "properties": { "corridor_id": "soria_torralba", "segment_index": 78, "segment_id": "soria_torralba_km77_78", "start_m": 77000.0, "end_m": 78000.0, "start_km": 77.0, "end_km": 78.0, "length_m": 1000.0 }, "geometry": { "type": "Polygon", "coordinates": [ [ [ -2.58815150321109, 41.658733677806417 ], [ -2.586329839855345, 41.660369266238241 ], [ -2.584486208599124, 41.659214449801809 ], [ -2.58631231329086, 41.657574914852816 ], [ -2.592229856224732, 41.652322867398915 ], [ -2.594064546946653, 41.653485493149461 ], [ -2.58815150321109, 41.658733677806417 ] ] ] } },
{ "type": "Feature", "properties": { "corridor_id": "soria_torralba", "segment_index": 79, "segment_id": "soria_torralba_km78_79", "start_m": 78000.0, "end_m": 79000.0, "start_km": 78.0, "end_km": 79.0, "length_m": 1000.0 }, "geometry": { "type": "Polygon", "coordinates": [ [ [ -2.585406858853724, 41.661197925792287 ], [ -2.582803718001371, 41.663492554660856 ], [ -2.582654675315001, 41.663598614769192 ], [ -2.581296883863027, 41.66451269783061 ], [ -2.577868677602203, 41.666293642495575 ], [ -2.577460705446982, 41.666560996357219 ], [ -2.575879818056545, 41.665204580159667 ], [ -2.57638953865806, 41.664870552733362 ], [ -2.579804532463664, 41.663096497313525 ], [ -2.58102514136551, 41.662274779455785 ], [ -2.581057098766225, 41.66225203871393 ], [ -2.583570157659758, 41.660036866887083 ], [ -2.584486208599127, 41.659214449801809 ], [ -2.586329839855342, 41.660369266238241 ], [ -2.585406858853724, 41.661197925792287 ] ] ] } },
{ "type": "Feature", "properties": { "corridor_id": "soria_torralba", "segment_index": 80, "segment_id": "soria_torralba_km79_80", "start_m": 79000.0, "end_m": 80000.0, "start_km": 79.0, "end_km": 80.0, "length_m": 1000.0 }, "geometry": { "type": "Polygon", "coordinates": [ [ [ -2.57626787025679, 41.667342668495749 ], [ -2.575660260353461, 41.667796517309505 ], [ -2.574961319159069, 41.668407089684081 ], [ -2.574296442476408, 41.66906639260943 ], [ -2.572767814440707, 41.67072303599361 ], [ -2.571950308738135, 41.671602545955487 ], [ -2.570745353521386, 41.672888088497736 ], [ -2.570511063949516, 41.67311478156244 ], [ -2.570316685280547, 41.673301463583819 ], [ -2.570135934415651, 41.673466833839271 ], [ -2.568277601115482, 41.672325007683433 ], [ -2.56844033108355, 41.672176128780457 ], [ -2.568614552308624, 41.672008810637699 ], [ -2.568811862522807, 41.671817903396693 ], [ -2.569981907031482, 41.670569645644569 ], [ -2.570794401286368, 41.669695555563656 ], [ -2.572349573467285, 41.668010199172429 ], [ -2.573089897240104, 41.667276102719327 ], [ -2.573898356376431, 41.666569875951126 ], [ -2.574627946456059, 41.666024925657254 ], [ -2.575879818056542, 41.665204580159667 ], [ -2.577460705446985, 41.666560996357212 ], [ -2.57626787025679, 41.667342668495749 ] ] ] } },
{ "type": "Feature", "properties": { "corridor_id": "soria_torralba", "segment_index": 81, "segment_id": "soria_torralba_km80_81", "start_m": 80000.0, "end_m": 81000.0, "start_km": 80.0, "end_km": 81.0, "length_m": 1000.0 }, "geometry": { "type": "Polygon", "coordinates": [ [ [ -2.570040961186667, 41.673553725066562 ], [ -2.569698094950073, 41.673853959825962 ], [ -2.569419027376296, 41.674088506136378 ], [ -2.569119101856865, 41.674321323087661 ], [ -2.5687452669713, 41.674609577806073 ], [ -2.568296789479342, 41.674929266824414 ], [ -2.567570944502793, 41.675399961741931 ], [ -2.567231523935023, 41.675610397416513 ], [ -2.566899008642141, 41.675800842169956 ], [ -2.566506926213755, 41.67601751772883 ], [ -2.56600737079666, 41.676274808098924 ], [ -2.565613572873866, 41.67646821648156 ], [ -2.565171435593446, 41.67667554847506 ], [ -2.564728781665787, 41.676871483357473 ], [ -2.564314137345018, 41.677035993051383 ], [ -2.563922850383452, 41.677189471982373 ], [ -2.563494611014477, 41.677347968970345 ], [ -2.562632085050569, 41.677646398579327 ], [ -2.560709511568098, 41.678293272531235 ], [ -2.559779548144986, 41.678607849330781 ], [ -2.558791342143409, 41.676965843316275 ], [ -2.55972350089735, 41.676650525297269 ], [ -2.561636727510184, 41.67600679920956 ], [ -2.5624592019465, 41.675722228645363 ], [ -2.562833963087848, 41.675583525391396 ], [ -2.563195276399488, 41.675441804181325 ], [ -2.563555432559264, 41.675298913608763 ], [ -2.563923379228169, 41.675136048104932 ], [ -2.564318042294607, 41.674950979840318 ], [ -2.564668644663378, 41.674778787979555 ], [ -2.565113489581267, 41.674549678029614 ], [ -2.565456807411094, 41.674359953292274 ], [ -2.565736092364615, 41.67419999771046 ], [ -2.566019271998251, 41.674024433017387 ], [ -2.56668222718858, 41.673594527507227 ], [ -2.567055549781332, 41.673328415991783 ], [ -2.56739371488647, 41.673067670448106 ], [ -2.567657789339915, 41.672862687130333 ], [ -2.567888921662936, 41.672668433072147 ], [ -2.568199055322206, 41.672396867573944 ], [ -2.568277601115487, 41.672325007683426 ], [ -2.570135934415645, 41.673466833839285 ], [ -2.570040961186667, 41.673553725066562 ] ] ] } },
{ "type": "Feature", "properties": { "corridor_id": "soria_torralba", "segment_index": 82, "segment_id": "soria_torralba_km81_82", "start_m": 81000.0, "end_m": 82000.0, "start_km": 81.0, "end_km": 82.0, "length_m": 1000.0 }, "geometry": { "type": "Polygon", "coordinates": [ [ [ -2.556095611385587, 41.679853902499964 ], [ -2.550567892607887, 41.68172637752992 ], [ -2.548830835546527, 41.682314996015769 ], [ -2.547841102376139, 41.680673490520675 ], [ -2.549578221970537, 41.680084853468195 ], [ -2.555106461506607, 41.678212210366105 ], [ -2.558791342143413, 41.676965843316275 ], [ -2.559779548144982, 41.678607849330781 ], [ -2.556095611385587, 41.679853902499964 ] ] ] } },
{ "type": "Feature", "properties": { "corridor_id": "soria_torralba", "segment_index": 83, "segment_id": "soria_torralba_km82_83", "start_m": 82000.0, "end_m": 83000.0, "start_km": 82.0, "end_km": 83.0, "length_m": 1000.0 }, "geometry": { "type": "Polygon", "coordinates": [ [ [ -2.54793787727788, 41.682617569057676 ], [ -2.547494549476401, 41.682774275605503 ], [ -2.547110083958166, 41.682930933299858 ], [ -2.546692767426016, 41.683113866023902 ], [ -2.546333384213925, 41.683286164066196 ], [ -2.546041125025576, 41.683441282957773 ], [ -2.545774246765026, 41.683591074682184 ], [ -2.545511573562075, 41.683745016088885 ], [ -2.545238306095021, 41.683918520519853 ], [ -2.544979030010438, 41.684096280905635 ], [ -2.544523459333172, 41.684432247236622 ], [ -2.543019488823883, 41.685589678898417 ], [ -2.540078939653636, 41.687856675063415 ], [ -2.538356004582964, 41.68660086215931 ], [ -2.541296942095322, 41.684333612132477 ], [ -2.542819957425839, 41.683161546464845 ], [ -2.543324986722304, 41.682789113152772 ], [ -2.543650310517546, 41.682566073998537 ], [ -2.543994442828295, 41.68234757890162 ], [ -2.544313969380302, 41.682160320671223 ], [ -2.544626490889561, 41.681984912676661 ], [ -2.544991031277088, 41.681791431994661 ], [ -2.545438447447235, 41.681576930525537 ], [ -2.545929530325929, 41.681361663632927 ], [ -2.546407463984423, 41.68116692177896 ], [ -2.546930535404117, 41.68098202868218 ], [ -2.547841102376134, 41.680673490520675 ], [ -2.548830835546533, 41.682314996015769 ], [ -2.54793787727788, 41.682617569057676 ] ] ] } },
{ "type": "Feature", "properties": { "corridor_id": "soria_torralba", "segment_index": 84, "segment_id": "soria_torralba_km83_84", "start_m": 83000.0, "end_m": 84000.0, "start_km": 83.0, "end_km": 84.0, "length_m": 1000.0 }, "geometry": { "type": "Polygon", "coordinates": [ [ [ -2.539867951974958, 41.688019325475302 ], [ -2.538001568085694, 41.689448997527613 ], [ -2.537855010564066, 41.689564702008944 ], [ -2.536681810455646, 41.690454008379703 ], [ -2.535537944519173, 41.691293896351006 ], [ -2.532761740262361, 41.693417131512248 ], [ -2.531754931866081, 41.694177662054841 ], [ -2.531648750973567, 41.694261274386548 ], [ -2.529907882247452, 41.69301930314856 ], [ -2.530031284897213, 41.69292213150019 ], [ -2.531050476502144, 41.692152262134094 ], [ -2.533838672245113, 41.690019897382882 ], [ -2.534986406306544, 41.689177185382263 ], [ -2.536129006194039, 41.688311091527538 ], [ -2.536271248669149, 41.68819879597681 ], [ -2.538147664782527, 41.686761468103285 ], [ -2.538356004582955, 41.686600862159324 ], [ -2.540078939653645, 41.687856675063408 ], [ -2.539867951974958, 41.688019325475302 ] ] ] } },
{ "type": "Feature", "properties": { "corridor_id": "soria_torralba", "segment_index": 85, "segment_id": "soria_torralba_km84_85", "start_m": 84000.0, "end_m": 85000.0, "start_km": 84.0, "end_km": 85.0, "length_m": 1000.0 }, "geometry": { "type": "Polygon", "coordinates": [ [ [ -2.529724344390071, 41.695776596754314 ], [ -2.528946258825135, 41.696389245800063 ], [ -2.52678707322979, 41.698034455978501 ], [ -2.52649195586084, 41.698283193739236 ], [ -2.52603543820593, 41.698771371526234 ], [ -2.525801816291131, 41.699134476810784 ], [ -2.525565550414169, 41.699548535218966 ], [ -2.52538502436424, 41.700007241143886 ], [ -2.525304488107864, 41.700331647114503 ], [ -2.525272156037002, 41.700566842776134 ], [ -2.52525266053743, 41.700859750267817 ], [ -2.522851975062443, 41.700769980710248 ], [ -2.522874646628827, 41.700429544731882 ], [ -2.522923516754149, 41.700074140574905 ], [ -2.523044583367514, 41.699586546972093 ], [ -2.523300060400135, 41.69893745365566 ], [ -2.523613196428836, 41.698388712810747 ], [ -2.523955176581739, 41.697857219100314 ], [ -2.524603460537524, 41.697163998533327 ], [ -2.525031143519503, 41.696803537335512 ], [ -2.527218957937636, 41.695136547728289 ], [ -2.527983474912302, 41.694534594664283 ], [ -2.529907882247452, 41.69301930314856 ], [ -2.531648750973567, 41.694261274386548 ], [ -2.529724344390071, 41.695776596754314 ] ] ] } },
{ "type": "Feature", "properties": { "corridor_id": "soria_torralba", "segment_index": 86, "segment_id": "soria_torralba_km85_86", "start_m": 85000.0, "end_m": 86000.0, "start_km": 85.0, "end_km": 86.0, "length_m": 1000.0 }, "geometry": { "type": "Polygon", "coordinates": [ [ [ -2.525250572730322, 41.700891118073109 ], [ -2.525253007220514, 41.701293998109875 ], [ -2.52527771992477, 41.701658455566779 ], [ -2.525666908189048, 41.704789659520586 ], [ -2.525737500125931, 41.705607633658317 ], [ -2.525773258452788, 41.706120318202728 ], [ -2.52576567156364, 41.706672499558522 ], [ -2.525652204670274, 41.707210103613825 ], [ -2.525533827249114, 41.707621979081452 ], [ -2.525226757581779, 41.70828259877635 ], [ -2.5250336457707, 41.708599957571025 ], [ -2.52492002118829, 41.708768610254367 ], [ -2.524559353180239, 41.709217106878476 ], [ -2.524151154081867, 41.709650402320655 ], [ -2.523700813218928, 41.710003902227456 ], [ -2.523578480467937, 41.710089630635963 ], [ -2.521936445163929, 41.708773938156327 ], [ -2.522009003570899, 41.708723091562476 ], [ -2.522289662494486, 41.708502790170357 ], [ -2.522545262249265, 41.70823148433476 ], [ -2.522814593100621, 41.707896580143419 ], [ -2.522866167401394, 41.707820032250652 ], [ -2.52299325412272, 41.707611190412294 ], [ -2.523214981615153, 41.707134209256274 ], [ -2.523288201494942, 41.706879484255332 ], [ -2.523363731359097, 41.706521687904093 ], [ -2.523368740960959, 41.706158069215533 ], [ -2.523337698035789, 41.705712753802288 ], [ -2.523270289296066, 41.704931327969348 ], [ -2.522879677789649, 41.701787731909789 ], [ -2.522849591969504, 41.701343789318926 ], [ -2.522846628147522, 41.700850269359073 ], [ -2.522851975062443, 41.700769980710248 ], [ -2.52525266053743, 41.700859750267817 ], [ -2.525250572730322, 41.700891118073109 ] ] ] } },
{ "type": "Feature", "properties": { "corridor_id": "soria_torralba", "segment_index": 87, "segment_id": "soria_torralba_km86_87", "start_m": 86000.0, "end_m": 87000.0, "start_km": 86.0, "end_km": 87.0, "length_m": 1000.0 }, "geometry": { "type": "Polygon", "coordinates": [ [ [ -2.523381083273902, 41.710227961982667 ], [ -2.52288417563947, 41.710523146415518 ], [ -2.522501748326943, 41.710725940535752 ], [ -2.521913451945256, 41.710982469531039 ], [ -2.521292738629125, 41.711201012555541 ], [ -2.519078487889167, 41.711939499018598 ], [ -2.518404971123833, 41.712169991482618 ], [ -2.512486752715797, 41.714194916930069 ], [ -2.511488216192025, 41.712556256488178 ], [ -2.517406259750319, 41.710531400045539 ], [ -2.51809032460779, 41.710297298806324 ], [ -2.520292673989483, 41.709562785218765 ], [ -2.520795561819719, 41.709385727712139 ], [ -2.521200266920313, 41.709209255759589 ], [ -2.521442040443139, 41.709081049054106 ], [ -2.521810733330104, 41.708862032658601 ], [ -2.521936445163936, 41.708773938156313 ], [ -2.52357848046793, 41.71008963063597 ], [ -2.523381083273902, 41.710227961982667 ] ] ] } },
{ "type": "Feature", "properties": { "corridor_id": "soria_torralba", "segment_index": 88, "segment_id": "soria_torralba_km87_88", "start_m": 87000.0, "end_m": 88000.0, "start_km": 87.0, "end_km": 88.0, "length_m": 1000.0 }, "geometry": { "type": "Polygon", "coordinates": [ [ [ -2.510550307367432, 41.714857379809679 ], [ -2.505057767550614, 41.716674208803838 ], [ -2.504023478656174, 41.717152901570124 ], [ -2.503535424229676, 41.717485612361536 ], [ -2.503104235803357, 41.717812524757605 ], [ -2.502703241720761, 41.718266702404811 ], [ -2.500697991200546, 41.717272836257024 ], [ -2.501228780806509, 41.71667166762424 ], [ -2.501870192547589, 41.716185381623774 ], [ -2.502570337582863, 41.715708093833918 ], [ -2.503935246281595, 41.715076388419476 ], [ -2.509565505095256, 41.713214018030463 ], [ -2.511488216192026, 41.712556256488178 ], [ -2.512486752715796, 41.714194916930069 ], [ -2.510550307367432, 41.714857379809679 ] ] ] } },
{ "type": "Feature", "properties": { "corridor_id": "soria_torralba", "segment_index": 89, "segment_id": "soria_torralba_km88_89", "start_m": 88000.0, "end_m": 89000.0, "start_km": 88.0, "end_km": 89.0, "length_m": 1000.0 }, "geometry": { "type": "Polygon", "coordinates": [ [ [ -2.502617110775722, 41.718364255808559 ], [ -2.502476891016918, 41.718637517202865 ], [ -2.5017820935875, 41.71999089442744 ], [ -2.498700541839161, 41.726055268886924 ], [ -2.498598889066287, 41.726382999711582 ], [ -2.496256683512232, 41.72597526673762 ], [ -2.496395267678966, 41.725528519590874 ], [ -2.499536517710762, 41.719347094645308 ], [ -2.500232753011134, 41.717991008178366 ], [ -2.500467103127281, 41.717534334180513 ], [ -2.500697991200552, 41.71727283625701 ], [ -2.502703241720753, 41.718266702404811 ], [ -2.502617110775722, 41.718364255808559 ] ] ] } },
{ "type": "Feature", "properties": { "corridor_id": "soria_torralba", "segment_index": 90, "segment_id": "soria_torralba_km89_90", "start_m": 89000.0, "end_m": 90000.0, "start_km": 89.0, "end_km": 90.0, "length_m": 1000.0 }, "geometry": { "type": "Polygon", "coordinates": [ [ [ -2.498500910577746, 41.726698881252894 ], [ -2.498460538632439, 41.72702992157042 ], [ -2.498515605099247, 41.729252765065432 ], [ -2.498230454649062, 41.730355288271241 ], [ -2.497096421750963, 41.732353344836973 ], [ -2.49645819165055, 41.733096280549816 ], [ -2.494387419524888, 41.734906072376674 ], [ -2.492561432597657, 41.733733785876566 ], [ -2.494525024555386, 41.732017711358189 ], [ -2.49496339231207, 41.731507445310264 ], [ -2.495917954951598, 41.729825700134136 ], [ -2.496106597944553, 41.729096422323416 ], [ -2.496053862712835, 41.72696446583447 ], [ -2.496121294838882, 41.7264117064529 ], [ -2.496256683512232, 41.72597526673762 ], [ -2.498598889066287, 41.726382999711582 ], [ -2.498500910577746, 41.726698881252894 ] ] ] } },
{ "type": "Feature", "properties": { "corridor_id": "soria_torralba", "segment_index": 91, "segment_id": "soria_torralba_km90_91", "start_m": 90000.0, "end_m": 91000.0, "start_km": 90.0, "end_km": 91.0, "length_m": 1000.0 }, "geometry": { "type": "Polygon", "coordinates": [ [ [ -2.492706221073613, 41.736375285507357 ], [ -2.489631935640768, 41.738467896474525 ], [ -2.489255065635696, 41.738779987321088 ], [ -2.489033580344615, 41.738986289636081 ], [ -2.488783354297282, 41.739292576473623 ], [ -2.488511999330948, 41.739736390990466 ], [ -2.488337458455849, 41.740079326186205 ], [ -2.487623954715582, 41.74170221163002 ], [ -2.485339454628583, 41.741138778614896 ], [ -2.486070352244485, 41.73947646267461 ], [ -2.486292612750288, 41.73903979833873 ], [ -2.486656659765363, 41.738444413733092 ], [ -2.487062635579573, 41.737947501954153 ], [ -2.487424550991081, 41.737610405422139 ], [ -2.487927281202417, 41.737194097226968 ], [ -2.490977795789061, 41.735117708017967 ], [ -2.492561432597656, 41.733733785876566 ], [ -2.49438741952489, 41.734906072376674 ], [ -2.492706221073613, 41.736375285507357 ] ] ] } },
{ "type": "Feature", "properties": { "corridor_id": "soria_torralba", "segment_index": 92, "segment_id": "soria_torralba_km91_92", "start_m": 91000.0, "end_m": 92000.0, "start_km": 91.0, "end_km": 92.0, "length_m": 1000.0 }, "geometry": { "type": "Polygon", "coordinates": [ [ [ -2.487316977586563, 41.74240041325902 ], [ -2.487133150323756, 41.742752447722729 ], [ -2.486844560394218, 41.743161446615503 ], [ -2.48644699533051, 41.743632416906586 ], [ -2.486038098121546, 41.744017843212305 ], [ -2.485653117576432, 41.744325217423885 ], [ -2.485449570677378, 41.74447820231876 ], [ -2.48415120105632, 41.745311749351472 ], [ -2.484010710490052, 41.745430448020244 ], [ -2.483919931010318, 41.745511062371435 ], [ -2.483874895188447, 41.745557091430527 ], [ -2.483641171396971, 41.745862037888074 ], [ -2.483552529918596, 41.746044994759266 ], [ -2.48351094863576, 41.746155335747488 ], [ -2.483481703263712, 41.746263452322083 ], [ -2.483462781424653, 41.746358912813335 ], [ -2.48344148221039, 41.746549422581971 ], [ -2.483347092255597, 41.748026783983001 ], [ -2.483263873977541, 41.749384141761098 ], [ -2.480860934081599, 41.749301497089427 ], [ -2.480944309444564, 41.747942403463625 ], [ -2.481040920118715, 41.746431164891206 ], [ -2.481072222550919, 41.74615127477221 ], [ -2.481111702580981, 41.745952135484742 ], [ -2.481171459175708, 41.745731252379585 ], [ -2.481261480008092, 41.74549239386247 ], [ -2.481451241621128, 41.745100751725317 ], [ -2.481855520277147, 41.744573299742072 ], [ -2.482028285374429, 41.744396729881508 ], [ -2.48219110616326, 41.744252144809607 ], [ -2.482460615826628, 41.744024444453501 ], [ -2.483812446099464, 41.743156591868619 ], [ -2.483923699229713, 41.743072976095242 ], [ -2.484216318553596, 41.742839349600125 ], [ -2.484483220626803, 41.742587774744983 ], [ -2.484761654268887, 41.742257943991589 ], [ -2.484942862525523, 41.74200114188659 ], [ -2.48505303322889, 41.741790175633255 ], [ -2.485339454628583, 41.741138778614896 ], [ -2.487623954715582, 41.74170221163002 ], [ -2.487316977586563, 41.74240041325902 ] ] ] } },
{ "type": "Feature", "properties": { "corridor_id": "soria_torralba", "segment_index": 93, "segment_id": "soria_torralba_km92_93", "start_m": 92000.0, "end_m": 93000.0, "start_km": 92.0, "end_km": 93.0, "length_m": 1000.0 }, "geometry": { "type": "Polygon", "coordinates": [ [ [ -2.483263418790441, 41.749391566061519 ], [ -2.48313755571225, 41.751363069143473 ], [ -2.483068581222676, 41.751668417591979 ], [ -2.48299785184863, 41.751898918133072 ], [ -2.482909191573255, 41.752122986584681 ], [ -2.482770132341905, 41.752384969157085 ], [ -2.482652658088206, 41.752565892376253 ], [ -2.482521292402414, 41.752746988039597 ], [ -2.482338215745824, 41.752946605750594 ], [ -2.482075074631453, 41.753223172807218 ], [ -2.481876953959921, 41.753384570574852 ], [ -2.481683810803973, 41.753538858075892 ], [ -2.481450843582516, 41.753694268194835 ], [ -2.481272940259095, 41.753796422590419 ], [ -2.481055720901151, 41.753910922791945 ], [ -2.48081428359657, 41.754031307008582 ], [ -2.480319896155027, 41.75426492770319 ], [ -2.479814016589038, 41.754497135708583 ], [ -2.479257099542865, 41.754753885662801 ], [ -2.478983131237686, 41.754882347335474 ], [ -2.478737796937051, 41.754991917656056 ], [ -2.475518273793781, 41.756406111396622 ], [ -2.474301074779851, 41.754852332252113 ], [ -2.477513017739236, 41.753441479059695 ], [ -2.477728483671357, 41.753345249222193 ], [ -2.477988115472573, 41.753223510817612 ], [ -2.478554798353219, 41.752962260824447 ], [ -2.479049318872306, 41.752735268768411 ], [ -2.479505531704981, 41.752519689252601 ], [ -2.479696494732962, 41.75242447318135 ], [ -2.47984807575763, 41.75234457299176 ], [ -2.479916772932245, 41.752305126694694 ], [ -2.480002806036838, 41.752247735798889 ], [ -2.480113862818822, 41.75215902269148 ], [ -2.480202741910118, 41.752086619602707 ], [ -2.480367000095078, 41.751913985838051 ], [ -2.480467322677563, 41.751804602827555 ], [ -2.480512955672234, 41.751741697710074 ], [ -2.480567680179818, 41.751657420335761 ], [ -2.480633618942687, 41.751533202192121 ], [ -2.480670156536816, 41.751440870115516 ], [ -2.48070842534698, 41.751316170318873 ], [ -2.480741648018972, 41.751169118385008 ], [ -2.480860582909184, 41.749307221384491 ], [ -2.480860934081598, 41.749301497089469 ], [ -2.483263873977543, 41.749384141761055 ], [ -2.483263418790441, 41.749391566061519 ] ] ] } },
{ "type": "Feature", "properties": { "corridor_id": "soria_torralba", "segment_index": 94, "segment_id": "soria_torralba_km93_94", "start_m": 93000.0, "end_m": 93258.083, "start_km": 93.0, "end_km": 93.258, "length_m": 258.083 }, "geometry": { "type": "Polygon", "coordinates": [ [ [ -2.475287749260882, 41.756507364723454 ], [ -2.474969222066361, 41.756640220520666 ], [ -2.474681761524129, 41.756742975881785 ], [ -2.474417709005159, 41.75682566682999 ], [ -2.474041486709919, 41.756926826381942 ], [ -2.473688647464313, 41.756996492163267 ], [ -2.473444256629553, 41.757037858163947 ], [ -2.473256293296202, 41.757063559685477 ], [ -2.473205300660696, 41.757074348523602 ], [ -2.472874583004342, 41.757119175509672 ], [ -2.472646515342702, 41.757151198791718 ], [ -2.4725599946679, 41.757181119533165 ], [ -2.472458874909883, 41.757208570378154 ], [ -2.472377106287911, 41.757228705607226 ], [ -2.472307612383911, 41.757242715005248 ], [ -2.471823135321142, 41.755895278190138 ], [ -2.471597659329607, 41.755529710059008 ], [ -2.471608726512891, 41.755525882801471 ], [ -2.471633684824388, 41.755516249790965 ], [ -2.471711031831995, 41.755488277275418 ], [ -2.471852714872395, 41.755442268423231 ], [ -2.472023138569677, 41.755405900130036 ], [ -2.472114230435028, 41.755393172245768 ], [ -2.472438622868994, 41.755347623974963 ], [ -2.472662706622491, 41.75531725074427 ], [ -2.47271191400978, 41.755306839578374 ], [ -2.472962749848692, 41.755272541234142 ], [ -2.473116560191313, 41.755246507036276 ], [ -2.473326922732986, 41.755204972433205 ], [ -2.47354650225771, 41.755145931461307 ], [ -2.473698850937499, 41.755098221970734 ], [ -2.473864591587415, 41.755038976791852 ], [ -2.474093665168134, 41.754943432151165 ], [ -2.474301074779857, 41.754852332252113 ], [ -2.475518273793775, 41.756406111396622 ], [ -2.475287749260882, 41.756507364723454 ] ] ] } }
]
}
